id	wav_path	ref	hyp_large_am	hyp_large_total	am_large	lm_large	cons_large	hyp_ccnn_am	hyp_ccnn_total	am_ccnn	lm_ccnn	cons_ccnn
00033e7a6c	/home/is/r-ghimire/speechain/datasets/slr54nepaliasr/data/wav16000/test/1cec5/00033e7a6c.wav	धेरै धन्यवाद	धेरै धन्यवाद	धेरै धन्यवाद	-0.30178019404411316	-1.9083087627704327	-8.35927675797603e-09	धेरै धन्यवाद	धेरै धन्यवाद	-0.2977210581302643	-1.9083087627704327	-8.35927675797603e-09
000414cbb9	/home/is/r-ghimire/speechain/datasets/slr54nepaliasr/data/wav16000/test/1a81b/000414cbb9.wav	थप आकर्षण हुन्	थप आकर्षण हुन्	थप आकर्षण हुन्	-0.29478803277015686	-2.265965779622396	-1.0435580103755152e-08	थप आकर्षण हुन्	थप आकर्षण हुन्	-0.2774927020072937	-2.265965779622396	-1.0435580103755152e-08
00062958ef	/home/is/r-ghimire/speechain/datasets/slr54nepaliasr/data/wav16000/test/7f577/00062958ef.wav	भाग लिन थाले	भाग लिन थाले	भाग लिन थाले	-0.31567367911338806	-2.121013934795673	-1.2986728191977957e-07	भाग लिन थाले	भाग लिन थाले	-0.3064614236354828	-2.121013934795673	-1.2986728191977957e-07
00097747cd	/home/is/r-ghimire/speechain/datasets/slr54nepaliasr/data/wav16000/test/93014/00097747cd.wav	गिँडेर ममता	घिँडे र ममता	घिँडे र ममता	-0.37476494908332825	-2.654072981614333	-1.7755102010873647	घिँडेर ममता	घिँडेर ममता	-0.3687606751918793	-2.790858586629232	-1.9234695434570312
00180ecd4a	/home/is/r-ghimire/speechain/datasets/slr54nepaliasr/data/wav16000/test/5a9c4/00180ecd4a.wav	विकी सायद त्यै	विकि साय	विकि साय	-0.3263983726501465	-2.6236044565836587	-2.7771582406583343e-07	विकि साय	विकि साय	-0.30986088514328003	-2.6236044565836587	-2.7771582406583343e-07
001aafcee1	/home/is/r-ghimire/speechain/datasets/slr54nepaliasr/data/wav16000/test/421cb/001aafcee1.wav	भारतको राष्ट्रिय हिन्दी	भारतको राष्ट्रिय हिन्दी	भारतको राष्ट्रिय हिन्दी	-0.2934785485267639	-1.2227490743001301	-5.001418609632916e-07	भारतको राष्ट्रिय हिन्दी	भारतको राष्ट्रिय हिन्दी	-0.2637122869491577	-1.2227490743001301	-5.001418609632916e-07
001ca0ce21	/home/is/r-ghimire/speechain/datasets/slr54nepaliasr/data/wav16000/test/5045d/001ca0ce21.wav	बसेको हुन्छ	बसेको हुन्छ	बसेको हुन्छ	-0.3287675678730011	-1.2806994120279949	-2.5881647047754086e-08	बसेको हुन्छ	बसेको हुन्छ	-0.2926084101200104	-1.2806994120279949	-2.5881647047754086e-08
001d884c4a	/home/is/r-ghimire/speechain/datasets/slr54nepaliasr/data/wav16000/test/541e4/001d884c4a.wav	अनि तिनका अर्थहरूका	अनि तिनका अर्थहरूका	अनि तिनका अर्थहरूका	-0.3187091052532196	-1.692446517944336	-7.77725631451176e-08	अनि तिनका अर्थहरूका	अनि तिनका अर्थहरूका	-0.32505425810813904	-1.692446517944336	-7.77725631451176e-08
0021bc4fcb	/home/is/r-ghimire/speechain/datasets/slr54nepaliasr/data/wav16000/test/02e40/0021bc4fcb.wav	आमा री वन	आमा रिवन	आमा रिवन	-0.36586514115333557	-2.81439208984375	-1.7155629292473248e-07	आमा रिवन	आमा रिवन	-0.35648033022880554	-2.81439208984375	-1.7155629292473248e-07
0023f1da75	/home/is/r-ghimire/speechain/datasets/slr54nepaliasr/data/wav16000/test/c09aa/0023f1da75.wav	विस्तारित गरिए पछि	विस्तारित गरिए पछि	विस्तारित गरिए पछि	-0.30808714032173157	-1.636618463616622	-7.68439672595521e-08	विस्तारित गरिए पछि	विस्तारित गरिए पछि	-0.3021930754184723	-1.636618463616622	-7.68439672595521e-08
002af29a8a	/home/is/r-ghimire/speechain/datasets/slr54nepaliasr/data/wav16000/test/541e4/002af29a8a.wav	भने मलाई वा	भने मलाई वा	भने मलाई वा	-0.3276989758014679	-1.87017027537028	-1.3291778107789773e-07	भने मलाई वा	भने मलाई वा	-0.2966040372848511	-1.87017027537028	-1.3291778107789773e-07
002f406081	/home/is/r-ghimire/speechain/datasets/slr54nepaliasr/data/wav16000/test/d26e5/002f406081.wav	यसको रूपमा पनि	यसको रूपमा पनि	यसको रूपमा पनि	-0.2989307940006256	-1.0688123067220052	-3.808415082554954e-07	यसको रूपमा पनि	यसको रूपमा पनि	-0.2583982050418854	-1.0688123067220052	-3.808415082554954e-07
0033a7ae1e	/home/is/r-ghimire/speechain/datasets/slr54nepaliasr/data/wav16000/test/42be7/0033a7ae1e.wav	शंकरजी नमस्ते नेपाली	शङ्करजी नमस्ते नेपाली	शङ्करजी नमस्ते नेपाली	-0.3192080855369568	-2.0715373646129263	-2.1502420498687902e-07	शंकरजी नमस्ते नेपाली	शंकरजी नमस्ते नेपाली	-0.2806519567966461	-2.2606430053710938	-2.2912111793023845e-07
00340fd7a4	/home/is/r-ghimire/speechain/datasets/slr54nepaliasr/data/wav16000/test/e64b6/00340fd7a4.wav	सरकारले यो आन्दोलन	सरकारले यो आन्दोलन	सरकारले यो आन्दोलन	-0.30700668692588806	-1.6314653095446134	-5.642026927058683e-07	सरकारले यो आन्दोलन	सरकारले यो आन्दोलन	-0.28159797191619873	-1.6314653095446134	-5.642026927058683e-07
00380c42e9	/home/is/r-ghimire/speechain/datasets/slr54nepaliasr/data/wav16000/test/8efbc/00380c42e9.wav	राजधानी बन्यो	राजधानी बन्यो	राजधानी बन्यो	-0.3125440180301666	-1.8280387605939592	-1.2477471500460524e-07	राजधानी बन्यो	राजधानी बन्यो	-0.286501944065094	-1.8280387605939592	-1.2477471500460524e-07
003f32ed01	/home/is/r-ghimire/speechain/datasets/slr54nepaliasr/data/wav16000/test/43b70/003f32ed01.wav	लेहलका गाउँवासीहरूले	लेहलका गाउँवासीहरूले	लेहलका गाउँवासीहरूले	-0.3015144467353821	-2.1135973249162947	-0.8281110127766927	लेहलका गाउँवासीहरूले	लेहलका गाउँवासीहरूले	-0.27638930082321167	-2.1135973249162947	-0.8281110127766927
00421d8146	/home/is/r-ghimire/speechain/datasets/slr54nepaliasr/data/wav16000/test/d0b2b/00421d8146.wav	भरिएको प्राचीन	भरिएको प्राचीन	भरिएको प्राचीन	-0.31607872247695923	-1.9590067545572916	-1.261197515608122e-07	भरिएको प्राचीन	भरिएको प्राचीन	-0.27095648646354675	-1.9590067545572916	-1.261197515608122e-07
0047f889f0	/home/is/r-ghimire/speechain/datasets/slr54nepaliasr/data/wav16000/test/fc4f4/0047f889f0.wav	गरिएका पनि छन्	गरिएका पनि छन्	गरिएका पनि छन्	-0.3210904896259308	-1.3236671447753907	-1.3721110008191318e-07	गरिएका पनि छन्	गरिएका पनि छन्	-0.28924039006233215	-1.3236671447753907	-1.3721110008191318e-07
004b2a3c8e	/home/is/r-ghimire/speechain/datasets/slr54nepaliasr/data/wav16000/test/f09e5/004b2a3c8e.wav	सानो गाविस हो	सानो गाविस हो	सानो गाविस हो	-0.39538389444351196	-1.6662819726126534	-5.099393872244816e-08	सानो गाविस हो	सानो गाविस हो	-0.3201437294483185	-1.6662819726126534	-5.099393872244816e-08
004ddbf50c	/home/is/r-ghimire/speechain/datasets/slr54nepaliasr/data/wav16000/test/cbbed/004ddbf50c.wav	सामु पुगे	सामु पुगे	सामु पुगे	-0.487617552280426	-2.45286865234375	-7.035361591078981e-08	सामु पुगे	सामु पुगे	-0.39498594403266907	-2.45286865234375	-7.035361591078981e-08
004e099a4d	/home/is/r-ghimire/speechain/datasets/slr54nepaliasr/data/wav16000/test/8389b/004e099a4d.wav	शताब्दीहरूको छ	शताब्दीहरूको छ	शताब्दीहरूको छ	-0.28608831763267517	-2.0102834065755206	-2.879512067011092e-07	शताब्दीहरूको छ	शताब्दीहरूको छ	-0.2634383738040924	-2.0102834065755206	-2.879512067011092e-07
0055e5b8f3	/home/is/r-ghimire/speechain/datasets/slr54nepaliasr/data/wav16000/test/0234b/0055e5b8f3.wav	यो प्रथा निकै ठुलो	यो प्रथा निकै ठूलो	यो प्रथा निकै ठूलो	-0.3830784261226654	-1.9620517931486432	-3.8009303400605476e-07	यो प्रथा निकै ठूलो	यो प्रथा निकै ठूलो	-0.40396642684936523	-1.9620517931486432	-3.8009303400605476e-07
005a79209e	/home/is/r-ghimire/speechain/datasets/slr54nepaliasr/data/wav16000/test/d593e/005a79209e.wav	छानेर तयारी फललाई	छानेर तयारी फललाई	छानेर तयारी फललाई	-0.30309927463531494	-2.1702878740098743	-2.6265900664333863e-08	छानेर तयारी फललाई	छानेर तयारी फललाई	-0.28832677006721497	-2.1702878740098743	-2.6265900664333863e-08
005f0246e6	/home/is/r-ghimire/speechain/datasets/slr54nepaliasr/data/wav16000/test/22521/005f0246e6.wav	प्रतिबन्ध लगाउन पनि	प्रतिबन्ध लगाउन प	प्रतिबन्ध लगाउन प	-0.2876417338848114	-1.7889798482259114	-1.9630723626404588e-06	प्रतिबन्ध लगाउन प	प्रतिबन्ध लगाउन प	-0.2600540816783905	-1.7889798482259114	-1.9630723626404588e-06
005fef7b5d	/home/is/r-ghimire/speechain/datasets/slr54nepaliasr/data/wav16000/test/d0756/005fef7b5d.wav	प्रश्न सोधिएको थियो	प्रस्न सोधिएको थियो	प्रस्न सोधिएको थियो	-0.33258309960365295	-1.7171159744262696	-2.018759772681733e-08	पस्न सोधिएको थियो	पस्न सोधिएको थियो	-0.32455337047576904	-1.8424869113498263	-3.3043363600882e-08
006464b1e7	/home/is/r-ghimire/speechain/datasets/slr54nepaliasr/data/wav16000/test/49220/006464b1e7.wav	परम्पराका अनुसार घटकर्पर	परम्पराका अनुसार खटकर्पर	परम्पराका अनुसार खटकर्पर	-0.326913982629776	-2.200281677246094	-3.621763244154863e-07	परम्पराका अनुसार घटकर्पर	परम्पराका अनुसार घटकर्पर	-0.2768438160419464	-2.0921566772460936	-1.0155823474633508e-07
0064ef58c9	/home/is/r-ghimire/speechain/datasets/slr54nepaliasr/data/wav16000/test/73d74/0064ef58c9.wav	मानिसको जीवनलाई	मानिसको जीव	मानिसको जीव	-0.2912784814834595	-1.8049551645914714	-2.979356850119075e-07	मानिसको जीव	मानिसको जीव	-0.28013813495635986	-1.8049551645914714	-2.979356850119075e-07
0067d42315	/home/is/r-ghimire/speechain/datasets/slr54nepaliasr/data/wav16000/test/73668/0067d42315.wav	कुनै समस्या	कुनै समस्या	कुनै समस्या	-0.31847047805786133	-1.7316969235738118	-1.5050665306641047e-08	कुनै समस्या	कुनै समस्या	-0.29172226786613464	-1.7316969235738118	-1.5050665306641047e-08
006e67532f	/home/is/r-ghimire/speechain/datasets/slr54nepaliasr/data/wav16000/test/8389b/006e67532f.wav	धाराहरूबाट पानी आउन	धराहरूबाट पानी आउन	धराहरूबाट पानी आउन	-0.32413437962532043	-1.9975347016987048	-5.596696813594654e-09	धाराहरूबाट पानी आउन	धाराहरूबाट पानी आउन	-0.28933843970298767	-1.8387298583984375	-5.370493738610094e-09
006f4f5394	/home/is/r-ghimire/speechain/datasets/slr54nepaliasr/data/wav16000/test/22521/006f4f5394.wav	गत भदौमा जगदीशपुर	गत भदौमा जगतिस्पुर	गत भदौमा जगतिस्पुर	-0.36623188853263855	-3.0712798269171464	-6.718973485189245e-07	गत भदौमा जगदीशपुर	गत भदौमा जगदीशपुर	-0.3128810524940491	-3.3503121270073786	-6.40427667046121e-07
0074941145	/home/is/r-ghimire/speechain/datasets/slr54nepaliasr/data/wav16000/test/bee0c/0074941145.wav	ड्रागनफलसँग मिल्दोजुल्दो सिउँडी	ड्रागनफलसँग मिल्दोजिल्दो सिउँड	ड्रागनफलसँग मिल्दोजिल्दो सिउँड	-0.3316204845905304	-2.88965335969002	-0.7085081531155494	ड्रागनफलसँग मिल्दोजुल्दो सिउँड	ड्रागनफलसँग मिल्दोजुल्दो सिउँड	-0.26782968640327454	-2.9622997160880797	-0.7113145397555444
0076c1bd01	/home/is/r-ghimire/speechain/datasets/slr54nepaliasr/data/wav16000/test/5d09c/0076c1bd01.wav	वस्तुहरूमा एक खतरनाक	वस्तुहरूमा एक खतरनाक	वस्तुहरूमा एक खतरनाक	-0.3335333466529846	-2.4136468796502974	-1.2360188910471542e-07	वस्तुहरूमा एक घतनाक	वस्तुहरूमा एक घतनाक	-0.34008151292800903	-2.2453590393066407	-6.228444817679701e-07
007a5a8c03	/home/is/r-ghimire/speechain/datasets/slr54nepaliasr/data/wav16000/test/319a8/007a5a8c03.wav	अनि हामी पृथ्वीमा	अनि हामी पृथ्वी	अनि हामी पृथ्वी	-0.28773224353790283	-1.8275532722473145	-9.545016865786238e-08	अनि हामी पृथ्वी	अनि हामी पृथ्वी	-0.32658010721206665	-1.8275532722473145	-9.545016865786238e-08
007f4447ee	/home/is/r-ghimire/speechain/datasets/slr54nepaliasr/data/wav16000/test/39e3b/007f4447ee.wav	नेपाल बाहिरका नेपालीको	नेपाल बाहिरका नेपालीको	नेपाल बाहिरका नेपालीको	-0.3088845908641815	-1.3636679442032524	-8.173211209277328e-08	नेपाल बाहिरका नेपालीको	नेपाल बाहिरका नेपालीको	-0.2809964418411255	-1.3636679442032524	-8.173211209277328e-08
0084538fb6	/home/is/r-ghimire/speechain/datasets/slr54nepaliasr/data/wav16000/test/28f92/0084538fb6.wav	वा अन्य कुनै कानमा	वा अन्य कुनै	वा अन्य कुनै	-0.29586702585220337	-1.5983825096717248	-1.0136326103257979e-08	वा अन्य कुनै	वा अन्य कुनै	-0.2778208255767822	-1.5983825096717248	-1.0136326103257979e-08
0084745793	/home/is/r-ghimire/speechain/datasets/slr54nepaliasr/data/wav16000/test/fad24/0084745793.wav	स्थानमा छ	स्थानमा छ	स्थानमा छ	-0.3256453573703766	-1.4826997756958007	-8.38849155115895e-07	स्थानमा छ	स्थानमा छ	-0.30673685669898987	-1.4826997756958007	-8.38849155115895e-07
0088aef87c	/home/is/r-ghimire/speechain/datasets/slr54nepaliasr/data/wav16000/test/6c67c/0088aef87c.wav	झिँगा ड्रोसोफिलाको	चिङ्गा ड्रोसो फिलाको	चिङ्गा ड्रोसो फिलाको	-0.3574066758155823	-2.1881127130417597	-1.4995620068432237e-08	झिङ्गा ड्रोसो फिलाको	झिङ्गा ड्रोसो फिलाको	-0.3583186864852905	-2.262047903878348	-1.4110411852709063e-07
0089015a1a	/home/is/r-ghimire/speechain/datasets/slr54nepaliasr/data/wav16000/test/02e40/0089015a1a.wav	लोक कथा पनि	लोककथा पनि	लोककथा पनि	-0.33697816729545593	-2.6494294946843926	-1.2276680288116701e-06	लोककथा पनि	लोककथा पनि	-0.3196702003479004	-2.6494294946843926	-1.2276680288116701e-06
008fe722ca	/home/is/r-ghimire/speechain/datasets/slr54nepaliasr/data/wav16000/test/8efbc/008fe722ca.wav	पनि त कम	पनि त कम	पनि त कम	-0.3430560231208801	-2.49007691277398	-2.3963570091230697e-08	पनि त कम	पनि त कम	-0.2999902069568634	-2.49007691277398	-2.3963570091230697e-08
0090dec475	/home/is/r-ghimire/speechain/datasets/slr54nepaliasr/data/wav16000/test/e75fc/0090dec475.wav	मध्यमा एक समप्रभुसत्ता	मध्यमा एक सम्प्रघोष	मध्यमा एक सम्प्रघोष	-0.32830554246902466	-1.984379196166992	-6.46604075882351e-07	मध्यमा एक सम्प्रभूक	मध्यमा एक सम्प्रभूक	-0.4006708860397339	-1.8794322967529298	-6.915136509633158e-07
00945443ee	/home/is/r-ghimire/speechain/datasets/slr54nepaliasr/data/wav16000/test/fea0e/00945443ee.wav	वर्षाको वितरण	वर्षाको वितरण	वर्षाको वितरण	-0.3096040189266205	-1.983527456011091	-3.060487025712584e-08	वर्षाको वितरण	वर्षाको वितरण	-0.2802831530570984	-1.983527456011091	-3.060487025712584e-08
0099106657	/home/is/r-ghimire/speechain/datasets/slr54nepaliasr/data/wav16000/test/55451/0099106657.wav	रोगीको व्यवस्थाहरूको पूर्ण	रोगीको व्यवस्थाहरूको पूर्ण	रोगीको व्यवस्थाहरूको पूर्ण	-0.29536664485931396	-1.30511799565068	-2.4920778000873893e-07	रोगीको व्यवस्थाहरूको पूर्ण	रोगीको व्यवस्थाहरूको पूर्ण	-0.2647377848625183	-1.30511799565068	-2.4920778000873893e-07
00994de24b	/home/is/r-ghimire/speechain/datasets/slr54nepaliasr/data/wav16000/test/61821/00994de24b.wav	यहाँ जान	यहाँ जान	यहाँ जान	-0.33092352747917175	-1.8326348198784723	-3.234093348185221	यहाँ जान	यहाँ जान	-0.3355309069156647	-1.8326348198784723	-3.234093348185221
009aada553	/home/is/r-ghimire/speechain/datasets/slr54nepaliasr/data/wav16000/test/541e4/009aada553.wav	त्यसको कारक जीवहरू	त यसको कारण जीवहरू	त यसको कारण जीवहरू	-0.3326951563358307	-1.805824681332237	-1.4534321292701767e-07	त्यसको कारण जीवहरू	त्यसको कारण जीवहरू	-0.3281477391719818	-1.3995739786248458	-2.1003746185574288e-07
009f5f24f5	/home/is/r-ghimire/speechain/datasets/slr54nepaliasr/data/wav16000/test/f8686/009f5f24f5.wav	लडाकुको कमान्ड हुन्छे	लडाकुको कमान्ड हुन्छे	लडाकुको कमान्ड हुन्छे	-0.3121074140071869	-2.259255149147727	-7.225097016833554e-07	लडाकुको कमान्ड हुन्छे	लडाकुको कमान्ड हुन्छे	-0.296413779258728	-2.259255149147727	-7.225097016833554e-07
009f5fcb64	/home/is/r-ghimire/speechain/datasets/slr54nepaliasr/data/wav16000/test/29c22/009f5fcb64.wav	यसको आकृति गोलो	यसको आकृति गोलो	यसको आकृति गोलो	-0.3170941174030304	-1.9512240886688232	-4.3671235516740126e-07	यसको आकृति गोलो	यसको आकृति गोलो	-0.27161550521850586	-1.9512240886688232	-4.3671235516740126e-07
009f8ebc71	/home/is/r-ghimire/speechain/datasets/slr54nepaliasr/data/wav16000/test/2f34a/009f8ebc71.wav	केही नेपाली नाटक हृदयचन्द्रसिंह प्रधानद्वारा लेखिएको कृति हो	त्यही नेपाली नाटक हृदयचन्द्रसिंह	त्यही नेपाली नाटक हृदयचन्द्रसिंह	-0.3287295699119568	-2.3103776411576704	-0.5743754993785511	त्यही नेपाली नाटक हृदयचन्द्रसिंह	त्यही नेपाली नाटक हृदयचन्द्रसिंह	-0.2794555723667145	-2.3103776411576704	-0.5743754993785511
00a7533f0f	/home/is/r-ghimire/speechain/datasets/slr54nepaliasr/data/wav16000/test/07f55/00a7533f0f.wav	पनि एउटा कच्ची	पनि एउटा कच्ची	पनि एउटा कच्ची	-0.30270716547966003	-1.8504178365071615	-2.6018263573253836e-07	पनि एउटा कच्ची	पनि एउटा कच्ची	-0.27649620175361633	-1.8504178365071615	-2.6018263573253836e-07
00adb74fe1	/home/is/r-ghimire/speechain/datasets/slr54nepaliasr/data/wav16000/test/6f65d/00adb74fe1.wav	पत्रले त्यस स्कुलको	पत्रले त्यस स्कुलको	पत्रले त्यस स्कुलको	-0.341538667678833	-1.7375066757202149	-1.7795875351112044e-08	पत्रले त्यस स्कुलको	पत्रले त्यस स्कुलको	-0.2759304344654083	-1.7375066757202149	-1.7795875351112044e-08
00b316fa0b	/home/is/r-ghimire/speechain/datasets/slr54nepaliasr/data/wav16000/test/5f3e5/00b316fa0b.wav	अन्यले राष्ट्रिय	अन्यले राष्ट्रिय	अन्यले राष्ट्रिय	-0.30674314498901367	-1.3837542814366959	-9.413616573831806e-08	अन्यले राष्ट्रिय	अन्यले राष्ट्रिय	-0.27630165219306946	-1.3837542814366959	-9.413616573831806e-08
00c2bb188d	/home/is/r-ghimire/speechain/datasets/slr54nepaliasr/data/wav16000/test/31a35/00c2bb188d.wav	यसरी आफ्नो गालाको	यसरी आफ्नो गालाक	यसरी आफ्नो गालाक	-0.29284387826919556	-2.064324547262753	-3.5169528821236727e-07	यसरी आफ्नो गालाक	यसरी आफ्नो गालाक	-0.2747502028942108	-2.064324547262753	-3.5169528821236727e-07
00c3a80db0	/home/is/r-ghimire/speechain/datasets/slr54nepaliasr/data/wav16000/test/cbbed/00c3a80db0.wav	एकादश घरलाई त्रिकोण भनिन्छ	एकादश घरलाई त्रिकोण भनिन्छ	एकादश घरलाई त्रिकोण भनिन्छ	-0.30720657110214233	-2.1651044774938515	-1.7490974305137233e-07	एकादश घरलाई त्रिकोण भनिन्छ	एकादश घरलाई त्रिकोण भनिन्छ	-0.2761029005050659	-2.1651044774938515	-1.7490974305137233e-07
00ca827157	/home/is/r-ghimire/speechain/datasets/slr54nepaliasr/data/wav16000/test/d4b2f/00ca827157.wav	लागि बेइजिङ	लागि बेइ	लागि बेइ	-0.31534916162490845	-2.4675415886773004	-1.4738463707746835e-06	लागि बेइ	लागि बेइ	-0.345253586769104	-2.4675415886773004	-1.4738463707746835e-06
00ce831132	/home/is/r-ghimire/speechain/datasets/slr54nepaliasr/data/wav16000/test/2f34a/00ce831132.wav	काम गर्छ भन्ने	काम गर्छ भन्ने	काम गर्छ भन्ने	-0.31454595923423767	-1.3760050455729167	-5.4794786782016065e-09	काम गर्छ भन्ने	काम गर्छ भन्ने	-0.2851082980632782	-1.3760050455729167	-5.4794786782016065e-09
00d35c6835	/home/is/r-ghimire/speechain/datasets/slr54nepaliasr/data/wav16000/test/3999a/00d35c6835.wav	त्यसैगरी कुनै प्राकृतिक	त्यसैगरी कुनै प्रा	त्यसैगरी कुनै प्रा	-0.2868112623691559	-1.702427914268092	-3.975994140522457e-06	त्यसैगरी कुनै प्रा	त्यसैगरी कुनै प्रा	-0.2590675354003906	-1.702427914268092	-3.975994140522457e-06
00ddd2113d	/home/is/r-ghimire/speechain/datasets/slr54nepaliasr/data/wav16000/test/2e769/00ddd2113d.wav	हि इज नट	हि इज नट	हि इज नट	-0.3816338777542114	-4.366961161295573	-1.0384789372134644e-06	हे इज नट	हे इज नट	-0.447604775428772	-4.3906983269585504	-1.0260325022197019e-06
00e1b52ea5	/home/is/r-ghimire/speechain/datasets/slr54nepaliasr/data/wav16000/test/750b9/00e1b52ea5.wav	संकेत गर्दछ	सङ्केत गर्दछ	सङ्केत गर्दछ	-0.3535301685333252	-1.6427415701059194	-5.9395277346014225e-08	संकेत गर्दछ	संकेत गर्दछ	-0.3618425130844116	-1.780847708384196	-5.4045126300176584e-08
00e840f66d	/home/is/r-ghimire/speechain/datasets/slr54nepaliasr/data/wav16000/test/f09e5/00e840f66d.wav	भने हामी त्यहाँ	भने हामी त्यह	भने हामी त्यह	-0.298528254032135	-2.0703296661376953	-1.1830374952686335e-07	भने हामी त्यह	भने हामी त्यह	-0.2750881314277649	-2.0703296661376953	-1.1830374952686335e-07
00ec1daed1	/home/is/r-ghimire/speechain/datasets/slr54nepaliasr/data/wav16000/test/581da/00ec1daed1.wav	दिदै भनिन् गौतमीको	दिँदै भनिन् गौतमीको	दिँदै भनिन् गौतमीको	-0.30571115016937256	-2.236398696899414	-1.0206380844116212	दिँदै भनिन् गौतमीको	दिँदै भनिन् गौतमीको	-0.2843121886253357	-2.236398696899414	-1.0206380844116212
00f146a59a	/home/is/r-ghimire/speechain/datasets/slr54nepaliasr/data/wav16000/test/bdfe3/00f146a59a.wav	नियमित बस उत्तर	नियमित वस उत्तर	नियमित बस उत्तर	-0.35833847522735596	-2.122015953063965	-9.011333901298713e-08	नियमित वस उत्तर	नियमित वस उत्तर	-0.31402450799942017	-2.256859064102173	-8.97305625358058e-08
00f4ace3cf	/home/is/r-ghimire/speechain/datasets/slr54nepaliasr/data/wav16000/test/9c1c2/00f4ace3cf.wav	पाकेपछि हल्का	पाकेपछि हल्का	पाकेपछि हल्का	-0.3238239288330078	-2.5652038029261996	-2.771205020378277e-07	पाकेपछि हल्का	पाकेपछि हल्का	-0.28752678632736206	-2.5652038029261996	-2.771205020378277e-07
0100d0a444	/home/is/r-ghimire/speechain/datasets/slr54nepaliasr/data/wav16000/test/c89a6/0100d0a444.wav	फाइललाइ अर्को नाम	फाइललाई अर्को 	फाइललाई अर्को 	-0.2898379862308502	-2.1886113484700522	-0.0017056480050086976	फाइललाई अर्को 	फाइललाई अर्को 	-0.25692686438560486	-2.1886113484700522	-0.0017056480050086976
0100e4022e	/home/is/r-ghimire/speechain/datasets/slr54nepaliasr/data/wav16000/test/2d618/0100e4022e.wav	विक्रम सम्वत्	विक्रम सम्मत	विक्रम सम्मत	-0.3211369216442108	-2.1971875704251804	-4.969046165989801e-09	विक्रम सम्मत	विक्रम सम्मत	-0.29070398211479187	-2.1971875704251804	-4.969046165989801e-09
0102692f53	/home/is/r-ghimire/speechain/datasets/slr54nepaliasr/data/wav16000/test/5b02a/0102692f53.wav	राणाले आफ्ना स्व	राणाले आफ्ना स्रोत	राणाले आफ्ना स्रोत	-0.32536280155181885	-1.8656286942331415	-2.059788896172234e-07	राणाले आफ्ना स्वत	राणाले आफ्ना स्वत	-0.3156764507293701	-1.8265346950954862	-6.696006948914146e-08
0105c40cbe	/home/is/r-ghimire/speechain/datasets/slr54nepaliasr/data/wav16000/test/a2a69/0105c40cbe.wav	काम गर्यो ताकि	काम गर्यो ताकि	काम गर्यो ताकि	-0.3182674050331116	-2.1678568522135415	-1.3095988530646234e-08	काम गर्यो ताकि	काम गर्यो ताकि	-0.31366533041000366	-2.1678568522135415	-1.3095988530646234e-08
0105c94e5d	/home/is/r-ghimire/speechain/datasets/slr54nepaliasr/data/wav16000/test/b33c6/0105c94e5d.wav	निषेधात्मक अहिंसामा	निषेधात्मक अहिंसामा	निषेधात्मक अहिंसामा	-0.32150882482528687	-2.534504508972168	-0.7070559978485107	निषेधात्मक अहिंसामा	निषेधात्मक अहिंसामा	-0.2968210279941559	-2.534504508972168	-0.7070559978485107
010701e4ec	/home/is/r-ghimire/speechain/datasets/slr54nepaliasr/data/wav16000/test/bc6b6/010701e4ec.wav	गर्न सक्थ्यो	गर्न सक्थ्यो	गर्न सक्थ्यो	-0.3703744113445282	-1.4995777423565204	-8.886273078062983e-08	गर्न सक्थ्यो	गर्न सक्थ्यो	-0.313586562871933	-1.4995777423565204	-8.886273078062983e-08
010d60333d	/home/is/r-ghimire/speechain/datasets/slr54nepaliasr/data/wav16000/test/f73cc/010d60333d.wav	धेरै मुलुकहरूमा समस्याको	धेरै मुलुकहरूमा समस्याको	धेरै मुलुकहरूमा समस्याको	-0.38099417090415955	-1.7000628662109376	-1.9590475858421996e-07	धेरै मूलघरमा समस्याको	धेरै मूलघरमा समस्याको	-0.3224003314971924	-1.9011820012872869	-7.624930731253698e-08
01166e7dd4	/home/is/r-ghimire/speechain/datasets/slr54nepaliasr/data/wav16000/test/393a5/01166e7dd4.wav	मावली बसाइले	मावली बसाईले	मावली बसाईले	-0.3616800308227539	-2.6388379610501804	-2.801521252247487e-07	मावली बसाईले	मावली बसाईले	-0.3446284234523773	-2.6388379610501804	-2.801521252247487e-07
011a3aa19b	/home/is/r-ghimire/speechain/datasets/slr54nepaliasr/data/wav16000/test/5dae1/011a3aa19b.wav	स्वामीबाग समाधि	स्वामी वाघ समाधि	स्वामी वाघ समाधि	-0.3731808662414551	-2.4631455365349266	-8.218469648615128e-08	स्वामी भाग समाधि	स्वामी भाग समाधि	-0.35966241359710693	-2.0802742453182446	-8.637774793468826e-08
011e73de64	/home/is/r-ghimire/speechain/datasets/slr54nepaliasr/data/wav16000/test/e0d14/011e73de64.wav	जो मानिस कुम्भमा	जो मानिस कुम्भमा	जो मानिस कुम्भमा	-0.30728137493133545	-2.0805610207950367	-8.655506596422878e-08	जो मानिस कुम्भमा	जो मानिस कुम्भमा	-0.29019567370414734	-2.0805610207950367	-8.655506596422878e-08
011ed6273d	/home/is/r-ghimire/speechain/datasets/slr54nepaliasr/data/wav16000/test/a3f4a/011ed6273d.wav	दक्षिण पूर्वी अस्ट्रेलियामा	दक्षिण पूर्वी अस्ट्रेलियामा	दक्षिण पूर्वी अस्ट्रेलियामा	-0.2841431796550751	-1.1986961364746094	-6.272612397749202e-08	दक्षिण पूर्वी अस्ट्रेलियामा	दक्षिण पूर्वी अस्ट्रेलियामा	-0.25631099939346313	-1.1986961364746094	-6.272612397749202e-08
012c671d3f	/home/is/r-ghimire/speechain/datasets/slr54nepaliasr/data/wav16000/test/73d74/012c671d3f.wav	चौक हो	चौक 	चौक 	-0.28916049003601074	-4.785288238525391	-0.07262431383132935	चौक 	चौक 	-0.34923627972602844	-4.785288238525391	-0.07262431383132935
013eed1452	/home/is/r-ghimire/speechain/datasets/slr54nepaliasr/data/wav16000/test/ceb25/013eed1452.wav	मेरो प्रयासले गर्दा	मेरो प्रयासले गर्दा	मेरो प्रयासले गर्दा	-0.3073236346244812	-1.4678312301635743	-2.090533826049068e-07	मेरो प्रयासले गर्दा	मेरो प्रयासले गर्दा	-0.28749269247055054	-1.4678312301635743	-2.090533826049068e-07
01436277ba	/home/is/r-ghimire/speechain/datasets/slr54nepaliasr/data/wav16000/test/5f02c/01436277ba.wav	कुनै कुनै गतिविधि	कुनै कुनै गति	कुनै कुनै गति	-0.28795289993286133	-1.616431372506278	-1.0676094421212059e-08	कुनै कुनै गति	कुनै कुनै गति	-0.27991777658462524	-1.616431372506278	-1.0676094421212059e-08
014755d0ec	/home/is/r-ghimire/speechain/datasets/slr54nepaliasr/data/wav16000/test/57282/014755d0ec.wav	एक उच्च माध्यमिक	एक उच्च माधुमिक	एक उच्च माधुमिक	-0.3418234884738922	-2.3166165351867676	-1.3471701265643787e-07	एक उच्च माध्यमिक	एक उच्च माध्यमिक	-0.2737972140312195	-1.8741916207706226	-3.460950478363563e-07
0153488042	/home/is/r-ghimire/speechain/datasets/slr54nepaliasr/data/wav16000/test/e2039/0153488042.wav	जापानी परिसम्पत्ति	जापानी परिसम्	जापानी परिसम्	-0.31623727083206177	-2.2195426395961215	-0.00013050217447536333	जापानी परिसम्	जापानी परिसम्	-0.2655746340751648	-2.2195426395961215	-0.00013050217447536333
0154dabe84	/home/is/r-ghimire/speechain/datasets/slr54nepaliasr/data/wav16000/test/d0cd7/0154dabe84.wav	यस जिल्लाको सदरमुकाम	यस जिल्लाको सदरमुकाम	यस जिल्लाको सदरमुकाम	-0.3054965138435364	-1.5708349318731398	-2.676237532536366e-07	यस जिल्लाको सदरमुकाम	यस जिल्लाको सदरमुकाम	-0.26704174280166626	-1.5708349318731398	-2.676237532536366e-07
0158994c66	/home/is/r-ghimire/speechain/datasets/slr54nepaliasr/data/wav16000/test/06372/0158994c66.wav	मध्य भागमा रहेको	मध्य भागमा र	मध्य भागमा र	-0.2872626483440399	-1.9405441284179688	-2.939749929982309e-07	मध्य भागमा र	मध्य भागमा र	-0.27021655440330505	-1.9405441284179688	-2.939749929982309e-07
01646a5298	/home/is/r-ghimire/speechain/datasets/slr54nepaliasr/data/wav16000/test/5a5e7/01646a5298.wav	गहुँको पिठो अथवा	गहुँको पिठो अथवा	गहुँको पिठो अथवा	-0.30809447169303894	-2.4679150300867416	-1.412268694709329	गहुँको पिठो अथवा	गहुँको पिठो अथवा	-0.2962844669818878	-2.4679150300867416	-1.412268694709329
0164e8c1b5	/home/is/r-ghimire/speechain/datasets/slr54nepaliasr/data/wav16000/test/1ad64/0164e8c1b5.wav	कारण पिछडिएको	कारण पिछडिएको	कारण पिछडिएको	-0.3110259175300598	-2.3905282701764787	-9.377054409144745e-08	कारण पिछडिएको	कारण पिछडिएको	-0.27371013164520264	-2.3905282701764787	-9.377054409144745e-08
016dbe6a7a	/home/is/r-ghimire/speechain/datasets/slr54nepaliasr/data/wav16000/test/5935d/016dbe6a7a.wav	मिति लेखिदिन्छ	मिति लेखिदिन्छ	मिति लेखिदिन्छ	-0.36729294061660767	-1.7261487325032552	-2.853175222602052e-07	मिति लेखिदिन्छ	मिति लेखिदिन्छ	-0.30132412910461426	-1.7261487325032552	-2.853175222602052e-07
0172bb819c	/home/is/r-ghimire/speechain/datasets/slr54nepaliasr/data/wav16000/test/8fbe4/0172bb819c.wav	अनौठो म विधवा	अनौठोमा विधवा	अनौठोमा विधवा	-0.33681538701057434	-2.834416253226144	-1.4764915639326709e-07	अनौठो म विधवा	अनौठो म विधवा	-0.2861992120742798	-2.9937095642089844	-1.0139663280434824e-07
01733ed8a9	/home/is/r-ghimire/speechain/datasets/slr54nepaliasr/data/wav16000/test/58eba/01733ed8a9.wav	रबर्ट मेन्जिसका मन्त्री	रबर्ट मेन्जिसका मन्त्र	रबर्ट मेन्जिसका मन्त्र	-0.28926917910575867	-2.2566896521526836	-2.1469389574359293e-07	रबर्ट मेन्जिसका मन्त्र	रबर्ट मेन्जिसका मन्त्र	-0.2798750102519989	-2.2566896521526836	-2.1469389574359293e-07
0175c1e769	/home/is/r-ghimire/speechain/datasets/slr54nepaliasr/data/wav16000/test/fc62e/0175c1e769.wav	भए राष्ट्र बैंक	भयो राष्ट्र बैंक	भयो राष्ट्र बैंक	-0.327604204416275	-2.031501096837661	-0.8359079921946806	भयो राष्ट्र बैङ्क	भयो राष्ट्र बैङ्क	-0.43116310238838196	-1.9506977929009333	-1.9322528209563137e-07
017f1e010c	/home/is/r-ghimire/speechain/datasets/slr54nepaliasr/data/wav16000/test/363a2/017f1e010c.wav	नेपालका अल्पसङ्ख्यक जातिहरूमध्ये किसान जातिलाई पनि एक मानिन्छ	नेपालका अल्पसङ्ख्यक जातिहरूमध्ये किसान जातिलाई पनि एक म	नेपालका अल्पसङ्ख्यक जातिहरूमध्ये किसान जातिलाई पनि एक म	-0.30682069063186646	-1.9856136866978236	-5.663374378985152e-08	नेपालका अल्पसंख्यक जातिहरू मध्ये किसान जातिलाई पनि एक म	नेपालका अल्पसंख्यक जातिहरू मध्ये किसान जातिलाई पनि एक म	-0.2842123508453369	-1.9837702342442103	-1.948703811649466e-07
017f4c7bf0	/home/is/r-ghimire/speechain/datasets/slr54nepaliasr/data/wav16000/test/e3a27/017f4c7bf0.wav	नेपालको चिर परिचित	नेपालको चिरपरिच	नेपालको चिरपरिच	-0.29811203479766846	-2.227750778198242	-6.679042741097874e-08	नेपालको चिर परि	नेपालको चिर परि	-0.2596750855445862	-1.862248420715332	-3.8346810470102355e-05
0181bfd81f	/home/is/r-ghimire/speechain/datasets/slr54nepaliasr/data/wav16000/test/8b798/0181bfd81f.wav	सो अवसरमा देखाइने	यो अवसरमा देखाइने	यो अवसरमा देखाइने	-0.3016815781593323	-1.8206443786621094	-7.446285255557289e-07	यो अवसरमा देखाइने	यो अवसरमा देखाइने	-0.2839690148830414	-1.8206443786621094	-7.446285255557289e-07
0187112ce8	/home/is/r-ghimire/speechain/datasets/slr54nepaliasr/data/wav16000/test/6d96c/0187112ce8.wav	काशीको यात्रा गरी	काशीको यात	काशीको यात	-0.3047328293323517	-2.3542497808283027	-6.383731943060411e-08	काशीको यात	काशीको यात	-0.33544817566871643	-2.3542497808283027	-6.383731943060411e-08
018ad1e3bb	/home/is/r-ghimire/speechain/datasets/slr54nepaliasr/data/wav16000/test/b70ea/018ad1e3bb.wav	पश्चिममा गोरखा जिल्ला	पश्चिममा गोरखा जिल	पश्चिममा गोरखा जिल	-0.31752869486808777	-2.0793487147281042	-3.051074994992201e-08	पश्चिममा गोरखा जिल	पश्चिममा गोरखा जिल	-0.2959103584289551	-2.0793487147281042	-3.051074994992201e-08
018d0bcb0e	/home/is/r-ghimire/speechain/datasets/slr54nepaliasr/data/wav16000/test/e7519/018d0bcb0e.wav	पनि रकम डुब्छ	पनि रकम दुख्छ	पनि रकम दुख्छ	-0.4322487711906433	-2.199726240975516	-1.734644489001117e-07	पनि रकम डुब्छ	पनि रकम डुब्छ	-0.3580743968486786	-2.6507434844970703	-1.5230471360285135e-07
0193edae73	/home/is/r-ghimire/speechain/datasets/slr54nepaliasr/data/wav16000/test/8f7f7/0193edae73.wav	त्यहाँको अस्पतालमा भर्ना	त्यहाँको अस्पतालमा भर्ना	त्यहाँको अस्पतालमा भर्ना	-0.3063921630382538	-1.6306369018554687	-1.245311279296875	त्यहाँको अस्पतालमा भर्ना	त्यहाँको अस्पतालमा भर्ना	-0.26612672209739685	-1.6306369018554687	-1.245311279296875
019aff6015	/home/is/r-ghimire/speechain/datasets/slr54nepaliasr/data/wav16000/test/737fb/019aff6015.wav	प्राचीन समयमा तनहुँको	प्राचीन समयमा तनहुँको	प्राचीन समयमा तनहुँको	-0.30480465292930603	-1.8801377036354758	-1.0845928192138672	प्राचीन समयमा तनहुँको	प्राचीन समयमा तनहुँको	-0.273666113615036	-1.8801377036354758	-1.0845928192138672
019d343b0a	/home/is/r-ghimire/speechain/datasets/slr54nepaliasr/data/wav16000/test/4c228/019d343b0a.wav	त्यसबाट पनि निकै	त्यसबाट पनि निक	त्यसबाट पनि निक	-0.29221925139427185	-1.5580801963806152	-2.6815473574970383e-07	त्यसबाट पनि निक	त्यसबाट पनि निक	-0.2691938281059265	-1.5580801963806152	-2.6815473574970383e-07
01aff6e1b2	/home/is/r-ghimire/speechain/datasets/slr54nepaliasr/data/wav16000/test/95635/01aff6e1b2.wav	एकाउन्न लाख जनसङ्ख्या	एकाउन्न लाख जनसङ्ख्या	एकाउन्न लाख जनसङ्ख्या	-0.30017656087875366	-2.059160752729936	-2.3026510379250711e-07	एकाउन्न लाख जनसङ्ख्या	एकाउन्न लाख जनसङ्ख्या	-0.2864251732826233	-2.059160752729936	-2.3026510379250711e-07
01b6f487f1	/home/is/r-ghimire/speechain/datasets/slr54nepaliasr/data/wav16000/test/0d4f0/01b6f487f1.wav	हिजोआज पनि इन्द्रेश्वर	हिजोआज पनि इन्डेसर	हिजोआज पनि इन्डेसर	-0.37312206625938416	-2.736478705155222	-5.090641455976047e-07	हिजो आज पनि इन्द्रेशर	हिजो आज पनि इन्द्रेशर	-0.41343066096305847	-2.197007265957919	-1.1660033785367638e-06
01bd994c73	/home/is/r-ghimire/speechain/datasets/slr54nepaliasr/data/wav16000/test/29c22/01bd994c73.wav	यसबाट बनाउन सकिन्छ	यसबाट बनाउन सकिन्छ	यसबाट बनाउन सकिन्छ	-0.31051820516586304	-1.2804844504908512	-3.1123569275031943e-07	यसबाट बनाउन सकिन्छ	यसबाट बनाउन सकिन्छ	-0.29765254259109497	-1.2804844504908512	-3.1123569275031943e-07
01bea74564	/home/is/r-ghimire/speechain/datasets/slr54nepaliasr/data/wav16000/test/daaab/01bea74564.wav	कसैको हानि नपुर्याउने	कसैको हानि नपुर्याउने	कसैको हानि नपुर्याउने	-0.3064490854740143	-2.2985843311656606	-1.6689460318792208e-08	कसैको हानि नपुर्याउने	कसैको हानि नपुर्याउने	-0.30296698212623596	-2.2985843311656606	-1.6689460318792208e-08
01c05cc3cd	/home/is/r-ghimire/speechain/datasets/slr54nepaliasr/data/wav16000/test/70e10/01c05cc3cd.wav	एक तले तथा	एक तले तथा	एक तले तथा	-0.4110964238643646	-2.077181035822088	-1.973914591375929e-07	एक तले तथा	एक तले तथा	-0.2962375283241272	-2.077181035822088	-1.973914591375929e-07
01c1eb642b	/home/is/r-ghimire/speechain/datasets/slr54nepaliasr/data/wav16000/test/31a35/01c1eb642b.wav	शेर्पा जातिका मानिसहरू	शेर्पा जातिका मानिस	शेर्पा जातिका मानिस	-0.28873443603515625	-1.5870306015014648	-2.1678079065168276e-07	शेर्पा जातिका मानिस	शेर्पा जातिका मानिस	-0.2838537096977234	-1.5870306015014648	-2.1678079065168276e-07
01c65e86d7	/home/is/r-ghimire/speechain/datasets/slr54nepaliasr/data/wav16000/test/1a81b/01c65e86d7.wav	मा सोभियत अन्तरिक्ष	मा सोभियत अन्तरिक्ष	मा सोभियत अन्तरिक्ष	-0.3391442894935608	-1.9830795288085938	-1.8423501160214074e-07	मा सोभियत अन्तरिक्ष	मा सोभियत अन्तरिक्ष	-0.2697210907936096	-1.9830795288085938	-1.8423501160214074e-07
01d1cfb262	/home/is/r-ghimire/speechain/datasets/slr54nepaliasr/data/wav16000/test/fad24/01d1cfb262.wav	कुरारी फ्यालफ्याले नेपालमा	कुरारी फ्यालफ्याले न	कुरारी फ्यालफ्याले न	-0.2889408767223358	-2.640399932861328	-2.6824688163850666e-08	कुरारी फ्यालफ्याले न	कुरारी फ्यालफ्याले न	-0.2749902307987213	-2.640399932861328	-2.6824688163850666e-08
01d6b2ad3d	/home/is/r-ghimire/speechain/datasets/slr54nepaliasr/data/wav16000/test/056c7/01d6b2ad3d.wav	वर्ल्डकप क्रिकेट प्रतियोगितामा	वल्डकप क्रिकेट प्रतियोगिता	वल्डकप क्रिकेट प्रतियोगिता	-0.31380975246429443	-2.391561437536169	-1.9157871267654828e-06	वर्ल्डकप क्रिकेट प्रतियोगि	वर्ल्डकप क्रिकेट प्रतियोगि	-0.2835626006126404	-2.475230746799045	-2.2284603565586387e-06
01dbe67bee	/home/is/r-ghimire/speechain/datasets/slr54nepaliasr/data/wav16000/test/12694/01dbe67bee.wav	कम्युनिस्ट सशस्त्र	कम्युनिस्ट सशस्त्र	कम्युनिस्ट सशस्त्र	-0.30027061700820923	-2.3027915954589844	-9.01012885821585e-08	कम्युनिस्ट सशस्त्र	कम्युनिस्ट सशस्त्र	-0.2836644947528839	-2.3027915954589844	-9.01012885821585e-08
01dcab99a1	/home/is/r-ghimire/speechain/datasets/slr54nepaliasr/data/wav16000/test/21ba4/01dcab99a1.wav	भारतको पश्चिम बङ्गाल	भारतको पश्चिम बङ्गा	भारतको पश्चिम बङ्गा	-0.2824743986129761	-1.6500278472900392	-6.070571998861851e-07	भारतको पश्चिम बङ्गा	भारतको पश्चिम बङ्गा	-0.2527974247932434	-1.6500278472900392	-6.070571998861851e-07
01eaa8917d	/home/is/r-ghimire/speechain/datasets/slr54nepaliasr/data/wav16000/test/b77af/01eaa8917d.wav	फुल त्यसपछि क्रमश	फुल त्यसपछि क्रमश	फुल त्यसपछि क्रमश	-0.3354981541633606	-2.2066196865505643	-2.1600701277040773e-07	फुल त्यसपछि क्रमश	फुल त्यसपछि क्रमश	-0.30199918150901794	-2.2066196865505643	-2.1600701277040773e-07
01ec4b2a06	/home/is/r-ghimire/speechain/datasets/slr54nepaliasr/data/wav16000/test/319a8/01ec4b2a06.wav	सेती गण्डकी मोदी	निषेधी गण्डकी मोत	निषेधी गण्डकी मोत	-0.45084717869758606	-2.7565843794080944	-3.3326735623025644e-07	निषेती गण्डकी मोत	निसेती गण्डकी मोत	-0.3701932430267334	-2.5804165734185114	-3.0362295749202735e-07
01ed054cbd	/home/is/r-ghimire/speechain/datasets/slr54nepaliasr/data/wav16000/test/045d0/01ed054cbd.wav	तुलनामा यसका धेरै	तुलनामा यसका धेरै	तुलनामा यसका धेरै	-0.3217955231666565	-1.7267146640353732	-2.2846799967939862e-07	तुल्लामा यसका धेरै	तुल्लामा यसका धेरै	-0.31414520740509033	-1.519017872057463	-1.3809710109949505e-07
01f82a3ecf	/home/is/r-ghimire/speechain/datasets/slr54nepaliasr/data/wav16000/test/e2039/01f82a3ecf.wav	ती कार्बनको अवशोषण	ती कार्बनको अवशोष	ती कार्बनको अवशोष	-0.2917730212211609	-2.4754272037082248	-1.7537412430909978e-07	ती कार्बनको अवशोष	ती कार्बनको अवशोष	-0.27202168107032776	-2.4754272037082248	-1.7537412430909978e-07
01fde21749	/home/is/r-ghimire/speechain/datasets/slr54nepaliasr/data/wav16000/test/f9558/01fde21749.wav	मन्दिर बनाउने निश्चय	मन्दिर बनाउने न	मन्दिर बनाउने न	-0.2925310730934143	-1.6601054668426514	-3.186454762271751e-07	मन्दिर बनाउने न	मन्दिर बनाउने न	-0.29879698157310486	-1.6601054668426514	-3.186454762271751e-07
0206cc8b74	/home/is/r-ghimire/speechain/datasets/slr54nepaliasr/data/wav16000/test/8efbc/0206cc8b74.wav	चलायमान वस्तु व्यक्तिको	चलायमान वस्तु व्यक्तिको	चलायमान वस्तु व्यक्तिको	-0.30623653531074524	-1.9090499877929688	-1.0105790503682026e-06	चलाएमान वस्तु व्यक्तिको	चलाएमान वस्तु व्यक्तिको	-0.28742891550064087	-1.931921164194743	-9.786296383632969e-07
0207c0a372	/home/is/r-ghimire/speechain/datasets/slr54nepaliasr/data/wav16000/test/f8686/0207c0a372.wav	कुमार कान्छा प्रसिद्ध	कुमार कान्छा प्रस	कुमार कान्छा प्रस	-0.2937301993370056	-2.1505987379286022	-5.7116507276886196e-08	कुमार कान्छा प्रस	कुमार कान्छा प्रस	-0.2698827385902405	-2.1505987379286022	-5.7116507276886196e-08
020c966955	/home/is/r-ghimire/speechain/datasets/slr54nepaliasr/data/wav16000/test/2001f/020c966955.wav	वर्ग किलोमिटर छ	वर्गकिलोमिटर छ	वर्गकिलोमिटर छ	-0.31048914790153503	-2.804418690999349	-2.0590437088685575e-08	वर्गकिलोमिटर छ	वर्गकिलोमिटर छ	-0.29982441663742065	-2.804418690999349	-2.0590437088685575e-08
020ce991d2	/home/is/r-ghimire/speechain/datasets/slr54nepaliasr/data/wav16000/test/09eb9/020ce991d2.wav	सुइँको पाएँ मैले	सुइँको पाएँ मैले	सुइँको पाए मैले	-0.38498368859291077	-2.481110095977783	-0.7277382612228394	सुइँको पाएँ मैले	सुईँको पाएँ मैले	-0.37118086218833923	-2.3686361873851105	-1.2061076444738053
02159549ca	/home/is/r-ghimire/speechain/datasets/slr54nepaliasr/data/wav16000/test/4cefa/02159549ca.wav	नदीको किनारमा तातो	नदीको किनारम	नदीको किनारम	-0.2903417944908142	-2.3404485262357273	-5.433002587988785e-08	नदीको किनारम	नदीको किनारम	-0.2854628264904022	-2.3404485262357273	-5.433002587988785e-08
02184cb4c4	/home/is/r-ghimire/speechain/datasets/slr54nepaliasr/data/wav16000/test/f916a/02184cb4c4.wav	कर्णाली जिल्लाको	कर्णाली जिल्ल	कर्णाली जिल्ल	-0.2860351502895355	-1.7519069399152483	-1.919641030261638e-08	कर्णाली जिल्ल	कर्णाली जिल्ल	-0.2612083852291107	-1.7519069399152483	-1.919641030261638e-08
021ac830c5	/home/is/r-ghimire/speechain/datasets/slr54nepaliasr/data/wav16000/test/09e5c/021ac830c5.wav	इरान दक्षिण कोरिया	इरान दक्ष	इरान दक्ष	-0.3016527593135834	-2.9572608947753904	-3.5875247704098003e-06	किरान दक्	किरान दक्	-0.3285459578037262	-2.8787662506103517	-1.3454769032250624e-07
021b33d15f	/home/is/r-ghimire/speechain/datasets/slr54nepaliasr/data/wav16000/test/aead3/021b33d15f.wav	कार्य प्रकाश राणाद्वारा	कार्य प्रकाश राणा	कार्य प्रकाश राणा	-0.2890816926956177	-1.4828605651855469	-6.559799222335035e-09	कार्य प्रकाश राणा	कार्य प्रकाश राणा	-0.25687548518180847	-1.4828605651855469	-6.559799222335035e-09
021b9837ee	/home/is/r-ghimire/speechain/datasets/slr54nepaliasr/data/wav16000/test/ef9b4/021b9837ee.wav	कतिपय समस्याहरूको समाधानमा	कतिपय समस्याहरूको समाधा	कतिपय समस्याहरूको समाधा	-0.29087212681770325	-2.092400550842285	-3.6313716478275637e-09	कतिपय समस्याहरूको समाधा	कतिपय समस्याहरूको समाधा	-0.2596670687198639	-2.092400550842285	-3.6313716478275637e-09
021c50456d	/home/is/r-ghimire/speechain/datasets/slr54nepaliasr/data/wav16000/test/2a5b1/021c50456d.wav	वार्ता निलम्बित भयो	वार्ता निगम्बित भयो	वार्ता निगम्बित भयो	-0.34873953461647034	-2.0355037689208983	-6.31485079338745e-08	वार्ता निबन्धित भयो	वार्ता निबन्धित भयो	-0.32712289690971375	-1.538497257232666	-5.2302078756838456e-08
02267d74f7	/home/is/r-ghimire/speechain/datasets/slr54nepaliasr/data/wav16000/test/8aea1/02267d74f7.wav	निगमको मुख्य तेल	निगमको मुख्य तेल	निगमको मुख्य तेल	-0.30806607007980347	-2.201259164249196	-8.604596961745034e-08	निगमको मुख्य तेल	निगमको मुख्य तेल	-0.29470184445381165	-2.201259164249196	-8.604596961745034e-08
02305523b5	/home/is/r-ghimire/speechain/datasets/slr54nepaliasr/data/wav16000/test/439c2/02305523b5.wav	त्यहाँका हाकिमले मलाई	त्यहाँका हाकिमले मलाई	त्यहाँका हाकिमले मलाई	-0.3067466914653778	-1.8280379555442117	-1.4151263670487837	त्यहाँका हाकिमले मलाई	त्यहाँका हाकिमले मलाई	-0.2868150472640991	-1.8280379555442117	-1.4151263670487837
0231771298	/home/is/r-ghimire/speechain/datasets/slr54nepaliasr/data/wav16000/test/39640/0231771298.wav	थिचेर रस खाइन्छ	थिचेर रस 	थिचेर रस 	-0.2914827764034271	-3.8114669799804686	-0.039898788928985594	थिचेर रस 	थिचेर रस 	-0.26956334710121155	-3.8114669799804686	-0.039898788928985594
023c9d0808	/home/is/r-ghimire/speechain/datasets/slr54nepaliasr/data/wav16000/test/3ed65/023c9d0808.wav	त्यसमा असफल भए	त्यसमा असफल भ	त्यसमा असफल भ	-0.29909759759902954	-2.1294539315359935	-0.0028755789888756616	त्यसमा असफल भ	त्यसमा असफल भ	-0.2569772005081177	-2.1294539315359935	-0.0028755789888756616
023ee89c79	/home/is/r-ghimire/speechain/datasets/slr54nepaliasr/data/wav16000/test/412d7/023ee89c79.wav	आधा अस्ट्रेलियाली आदिवासीहरूलाई	आधा अस्ट्रेलियाली आदिवासीहरूलाई	आधा अस्ट्रेलियाली आदिवासीहरूलाई	-0.29614678025245667	-1.3969645500183105	-2.7795234558425364e-08	आधा अस्ट्रेलियाली आदिवासीहरूलाई	आधा अस्ट्रेलियाली आदिवासीहरूलाई	-0.2632162570953369	-1.3969645500183105	-2.7795234558425364e-08
0242216efd	/home/is/r-ghimire/speechain/datasets/slr54nepaliasr/data/wav16000/test/26ac9/0242216efd.wav	प्रयोग हुने	प्रय	प्रय	-0.7185746431350708	-2.6982263565063476	-4.4356038415571674e-07	प्रय	प्रय	-0.5939265489578247	-2.6982263565063476	-4.4356038415571674e-07
0242dfe27e	/home/is/r-ghimire/speechain/datasets/slr54nepaliasr/data/wav16000/test/d02b3/0242dfe27e.wav	प्रदर्शनीहरूमा खेलिन्छ	प्रदर्शनीहरूमा खेलिन्छ	प्रदर्शनीहरूमा खेलिन्छ	-0.2988710105419159	-1.5333442687988281	-4.277196398027666e-08	प्रदर्शनीहरूमा खेलिन्छ	प्रदर्शनीहरूमा खेलिन्छ	-0.26649242639541626	-1.5333442687988281	-4.277196398027666e-08
02440f12c7	/home/is/r-ghimire/speechain/datasets/slr54nepaliasr/data/wav16000/test/43b70/02440f12c7.wav	उपेन्द्र यादव नेताका	उपेन्द्र यादव न	उपेन्द्र यादव न	-0.28975608944892883	-2.6921634674072266	-6.809991646150593e-07	उपेन्द्र यादव न	उपेन्द्र यादव न	-0.2671560049057007	-2.6921634674072266	-6.809991646150593e-07
02476c1808	/home/is/r-ghimire/speechain/datasets/slr54nepaliasr/data/wav16000/test/f6cb7/02476c1808.wav	उहाँले राप्तीमै बिताउनुभयो	उहाँले राप्तीमै बिताउनुभय	उहाँले राप्तीमै बिताउनुभय	-0.28434130549430847	-2.1347778026874247	-1.1511720510629506	उहाँले राप्तीमै बिताउनुभय	उहाँले राप्तीमै बिताउनुभय	-0.2611027657985687	-2.1347778026874247	-1.1511720510629506
024a580e57	/home/is/r-ghimire/speechain/datasets/slr54nepaliasr/data/wav16000/test/b70ea/024a580e57.wav	सोही कुराको जानकारी	सोही कुराको जानकारी	सोही कुराको जानकारी	-0.3099123537540436	-1.655925178527832	-3.319315453609306e-08	सोही कुराको जानकारी	सोही कुराको जानकारी	-0.301866739988327	-1.655925178527832	-3.319315453609306e-08
024ec7a32b	/home/is/r-ghimire/speechain/datasets/slr54nepaliasr/data/wav16000/test/f5a31/024ec7a32b.wav	नेपाली विकिपीडियामा स्वागत	नेपाली विकिपीडियामा स्व	नेपाली विकिपीडियामा स्व	-0.29799947142601013	-1.9708442687988281	-5.7835704258953534e-05	नेपाली विकिपिडियामा स्व	नेपाली विकिपिडियामा स्व	-0.27971911430358887	-1.8690849939982097	-5.6621201413994036e-05
024f1f4527	/home/is/r-ghimire/speechain/datasets/slr54nepaliasr/data/wav16000/test/61821/024f1f4527.wav	अर्थ राष्ट्रबैंक र	अर्थ राष्ट्र बैङ्क र	अर्थ राष्ट्र बैङ्क र	-0.34304025769233704	-2.039990561349051	-9.926592221225811e-08	अर्थ राष्ट्र बैंक्र	अर्थ राष्ट्र बैङ्क्र	-0.3930905759334564	-1.9358440580822172	-3.701835296288621e-07
02586a2bb9	/home/is/r-ghimire/speechain/datasets/slr54nepaliasr/data/wav16000/test/45ef4/02586a2bb9.wav	महिलारोप्य नगरमा अमरशक्ति	महिलारोप्य नगरमा अ	महिलारोप्य नगरमा अ	-0.303830623626709	-2.372685482627467	-0.010134907145249216	महिला रोप्यनगरमा अ	महिला रोप्य नगरमा 	-0.3597312569618225	-2.117799658524363	-0.00010588036016806175
0260953d99	/home/is/r-ghimire/speechain/datasets/slr54nepaliasr/data/wav16000/test/abc37/0260953d99.wav	पार्टी अत्याधिक बहुमतका	पार्टी अत्याधिक बहुमतका	पार्टी अत्याधिक बहुमतका	-0.30603304505348206	-2.129004796346029	-3.542039195281177e-08	पार्टी अत्याधिक बहुमतका	पार्टी अत्याधिक बहुमतका	-0.28273501992225647	-2.129004796346029	-3.542039195281177e-08
02691f1728	/home/is/r-ghimire/speechain/datasets/slr54nepaliasr/data/wav16000/test/83c93/02691f1728.wav	बढेको अनुमान गरिन्छ	बढेको अनुमान गरिन्	बढेको अनुमान गरिन्	-0.2905732989311218	-1.573226627550627	-1.615873208337641e-08	बढेको अनुमान गरिन्	बढेको अनुमान गरिन्	-0.2701248228549957	-1.573226627550627	-1.615873208337641e-08
026aa4d5a0	/home/is/r-ghimire/speechain/datasets/slr54nepaliasr/data/wav16000/test/09e5c/026aa4d5a0.wav	सूचना प्रविधि सम्बन्धित	सूचना प्रविधि	सूचना प्रविधि	-0.32668158411979675	-1.9024694987705775	-7.067858730027052e-08	सूचना प्रविधि	सूचना प्रविधि	-0.26038601994514465	-1.9024694987705775	-7.067858730027052e-08
026d38b1c7	/home/is/r-ghimire/speechain/datasets/slr54nepaliasr/data/wav16000/test/e75fc/026d38b1c7.wav	कलेजमा भर्ना भए	कलेजमा भार्	कलेजमा भार्	-0.33127477765083313	-2.893096605936686	-2.8257837887698162e-05	कलेजमा भर्न	कलेजमा भर्न	-0.2752009630203247	-2.6771278381347656	-7.101494740406149e-08
026f9d13b8	/home/is/r-ghimire/speechain/datasets/slr54nepaliasr/data/wav16000/test/09022/026f9d13b8.wav	अनभिज्ञतावश आफूबाट ठूलो	अनविज्ञताबस आफूबाट ठूल	अनविज्ञताबस आफूबाट ठूल	-0.34040823578834534	-2.9707081006920855	-4.413456063839081e-06	अनविज्ञतावस आफूबाट ठूल	अनविज्ञतावस आफूबाट ठूल	-0.3072953522205353	-2.980953382409137	-4.412983126594159e-06
02719b5aa7	/home/is/r-ghimire/speechain/datasets/slr54nepaliasr/data/wav16000/test/c7f92/02719b5aa7.wav	समर्थन गर्नु होला	समर्थन गर	समर्थन गर	-0.2887183129787445	-2.2684871673583986	-7.733514166829991e-08	समर्थन गर	समर्थन गर	-0.2682929039001465	-2.2684871673583986	-7.733514166829991e-08
0277103dbb	/home/is/r-ghimire/speechain/datasets/slr54nepaliasr/data/wav16000/test/005e1/0277103dbb.wav	सुझाव दिइन्छ	सुझाव दिइन्छ	सुझाव दिइन्छ	-0.30243319272994995	-1.7604066408597505	-5.946320960412357e-08	सुझाव दिइन्छ	सुझाव दिइन्छ	-0.34087952971458435	-1.7604066408597505	-5.946320960412357e-08
0277a6dc2e	/home/is/r-ghimire/speechain/datasets/slr54nepaliasr/data/wav16000/test/7b45e/0277a6dc2e.wav	राजा पृथुले दुहुँदै	राजा पृथुले दुहुँदै	राजा पृथुले दुहुँदै	-0.3174838423728943	-2.2436904907226562	-1.1916352272033692	राजा पृथुले दुहुँदै	राजा पृथुले दुहुँदै	-0.275387167930603	-2.2436904907226562	-1.1916352272033692
027f7b88c3	/home/is/r-ghimire/speechain/datasets/slr54nepaliasr/data/wav16000/test/aaf41/027f7b88c3.wav	महसुस गर्न सक्छ	महसुस गर्न सक्छ	महसुस गर्न सक्छ	-0.3161400854587555	-1.8747260570526123	-2.225965118896056e-07	महसुस गर्न सक्छ	महसुस गर्न सक्छ	-0.28586289286613464	-1.8747260570526123	-2.225965118896056e-07
0280698d2f	/home/is/r-ghimire/speechain/datasets/slr54nepaliasr/data/wav16000/test/8cefd/0280698d2f.wav	डाइरेक्ट म्यानिपुलेसनमा	डाइरेक्ट म्यानुपुले	डाइरेक्ट म्यानुपुले	-0.3129211366176605	-2.5281600952148438	-6.088838517825934e-08	डाइरेक्ट म्यानोपलेस	डाइरेक्ट म्यानोप्ले	-0.44926753640174866	-2.7110851287841795	-1.4821783906882046e-07
0281041525	/home/is/r-ghimire/speechain/datasets/slr54nepaliasr/data/wav16000/test/363a2/0281041525.wav	बगैंचाको प्रवर्द्धन गर्ने	बगैंचाको प्रवर्द्धन गर	बगैंचाको प्रवर्द्धन गर	-0.319430947303772	-2.3385963439941406	-0.9471406522004501	बगैंचाको प्रवर्द्धन गर	बगैंचाको प्रवर्द्धन गर	-0.2742253541946411	-2.3385963439941406	-0.9471406522004501
02866a4ddd	/home/is/r-ghimire/speechain/datasets/slr54nepaliasr/data/wav16000/test/63526/02866a4ddd.wav	धनराज घिमिरे हो	धनराज घिमिरे हो	धनराज घिमिरे हो	-0.2998288869857788	-2.500288963317871	-1.1253036724667709e-08	धनराज घिमिरे हो	धनराज घिमिरे हो	-0.2900531589984894	-2.500288963317871	-1.1253036724667709e-08
0287f37590	/home/is/r-ghimire/speechain/datasets/slr54nepaliasr/data/wav16000/test/4b140/0287f37590.wav	राष्ट्रवादको उदय	राष्ट्रपादको उदय	राष्ट्रपादको उदय	-0.3384702205657959	-2.221952999339384	-7.155335879360791e-08	राष्ट्रवादको उदय	राष्ट्रवादको उदय	-0.2714967429637909	-2.0811094396254597	-6.895071264272488e-08
028f9594fd	/home/is/r-ghimire/speechain/datasets/slr54nepaliasr/data/wav16000/test/6fa0e/028f9594fd.wav	गोला नेपालको मध्यपश्चिमाञ्चल विकास क्षेत्र भेरी अञ्चलको बर्दिया जिल्लामा अवस्थित एउटा गाउँ विकास समिति हो	गोला नेपालको मध्यपश्चिमाञ्चल विकास क्षेत्र भेरी अञ्चलको बर्दिया जिल्	गोला नेपालको मध्यपश्चिमाञ्चल विकास क्षेत्र भेरी अञ्चलको बर्दिया जिल्	-0.2900974154472351	-1.7634091584578804	-6.457268708787076e-08	गोला नेपालको मध्यपश्चिमाञ्चल विकास क्षेत्र भेरी अञ्चलको बर्दिया जिल्	गोला नेपालको मध्यपश्चिमाञ्चल विकास क्षेत्र भेरी अञ्चलको बर्दिया जिल्	-0.2539234459400177	-1.7634091584578804	-6.457268708787076e-08
0297999a0b	/home/is/r-ghimire/speechain/datasets/slr54nepaliasr/data/wav16000/test/67933/0297999a0b.wav	निगाहमा बाँच्न	निगाहमा बाँच्न	निगाहमा बाँच्न	-0.3390517234802246	-2.439106241861979	-1.1564832051595053	निगाहमा बाँच्दा	निगाहमा बाँच्दा	-0.3754037916660309	-2.4266672134399414	-1.0842030048370361
0297e25678	/home/is/r-ghimire/speechain/datasets/slr54nepaliasr/data/wav16000/test/75215/0297e25678.wav	बचेका भए भोट	बेचेका भए भोट	बेचेका भए भोट	-0.36430439352989197	-2.4901411873953685	-6.955855269552558e-08	बेचेका भए भोट	बेचेका भए भोट	-0.3328847289085388	-2.4901411873953685	-6.955855269552558e-08
02a253b184	/home/is/r-ghimire/speechain/datasets/slr54nepaliasr/data/wav16000/test/da6d1/02a253b184.wav	तेईसौँ नक्षत्रका	तेसौँ नक्षत्रका	तेसौँ नक्षत्रका	-0.39871805906295776	-2.0449979305267334	-1.3151471614837646	त्यसौँ नक्षत्रका	त्यसौँ नक्षत्रका	-0.33478668332099915	-1.733178643619313	-1.095957924337948
02a843015c	/home/is/r-ghimire/speechain/datasets/slr54nepaliasr/data/wav16000/test/885af/02a843015c.wav	पुस्तिका प्रकाशन भए	पुस्तिका प्रकाशन भए	पुस्तिका प्रकाशन भए	-0.3111262619495392	-1.5332305908203125	-4.883864335170074e-08	पुष्तिका प्रकाशन भए	पुष्तिका प्रकाशन भए	-0.3309228718280792	-1.638932991027832	-3.456658248524036e-08
02a845a4b7	/home/is/r-ghimire/speechain/datasets/slr54nepaliasr/data/wav16000/test/9b105/02a845a4b7.wav	कुकुरबारे केही रोचक	कुकुरबारे केही रोचक	कुकुरबारे केही रोचक	-0.2998832166194916	-2.530835723876953	-6.439344701902883e-08	कुकुरबारे केही रोचक	कुकुरबारे केही रोचक	-0.2937653660774231	-2.530835723876953	-6.439344701902883e-08
02bee90340	/home/is/r-ghimire/speechain/datasets/slr54nepaliasr/data/wav16000/test/9ef53/02bee90340.wav	पनि स्थापना गरे	पनि स्थापना गरे	पनि स्थापना गरे	-0.3128201365470886	-1.2664541006088257	-2.8664526752208985e-08	पनि स्थापना गरे	पनि स्थापना गरे	-0.28185850381851196	-1.2664541006088257	-2.8664526752208985e-08
02bf42300a	/home/is/r-ghimire/speechain/datasets/slr54nepaliasr/data/wav16000/test/e3a27/02bf42300a.wav	बिहे गरिदिएमा	बिहे गरिदिएमा	बिहे गरिदिएमा	-0.3087764084339142	-2.2584194455827986	-8.978178941885875e-07	बिहे गरिदिएमा	बिहे गरिदिएमा	-0.32117488980293274	-2.2584194455827986	-8.978178941885875e-07
02c0ce8676	/home/is/r-ghimire/speechain/datasets/slr54nepaliasr/data/wav16000/test/b0f78/02c0ce8676.wav	आवश्यकता परेको थियो	आवश्यकता परेको थियो	आवश्यकता परेको थियो	-0.30260416865348816	-1.340951156616211	-8.080986901859433e-09	आवश्यकता परेको थियो	आवश्यकता परेको थियो	-0.2745043635368347	-1.340951156616211	-8.080986901859433e-09
02cf68a9e7	/home/is/r-ghimire/speechain/datasets/slr54nepaliasr/data/wav16000/test/92003/02cf68a9e7.wav	पुराणहरूमा सत्यलाई प्रतिष्ठितमा	पुराणहरूमा सत्यलाई प्रतिष्ठितमा	पुराणहरूमा सत्यलाई प्रतिष्ठितमा	-0.2964900732040405	-1.6874754428863525	-1.5156217614276102e-08	पुराणहरूमा सत्यलाई प्रतिष्ठितमा	पुराणहरूमा सत्यलाई प्रतिष्ठितमा	-0.25097718834877014	-1.6874754428863525	-1.5156217614276102e-08
02d282f2d0	/home/is/r-ghimire/speechain/datasets/slr54nepaliasr/data/wav16000/test/b3c22/02d282f2d0.wav	मिडिया अधिकारमाथि	मिडिया अधिकारमा	मिडिया अधिकारमा	-0.2838400900363922	-1.6296186447143555	-2.2612647399000707e-07	मिडिया अधिकारमा	मिडिया अधिकारमा	-0.2849578261375427	-1.6296186447143555	-2.2612647399000707e-07
02d4ba30c7	/home/is/r-ghimire/speechain/datasets/slr54nepaliasr/data/wav16000/test/4ce22/02d4ba30c7.wav	नेपाली पत्रपत्रिकाहरू जस्तै	नेपाली पत्रपत्रिकाहरू जस	नेपाली पत्रपत्रिकाहरू जस	-0.2936422526836395	-1.61013916015625	-4.221561994199874e-08	नेपाली पत्रपत्रिकाहरू जस	नेपाली पत्रपत्रिकाहरू जस	-0.25791868567466736	-1.61013916015625	-4.221561994199874e-08
02e1a7625a	/home/is/r-ghimire/speechain/datasets/slr54nepaliasr/data/wav16000/test/b0f78/02e1a7625a.wav	यो मन्दिर राजा	यो मन्दिर राजा	यो मन्दिर राजा	-0.31148770451545715	-1.4483286539713542	-4.858921480869564e-07	यो मन्दिर राजा	यो मन्दिर राजा	-0.29987263679504395	-1.4483286539713542	-4.858921480869564e-07
02e48b298a	/home/is/r-ghimire/speechain/datasets/slr54nepaliasr/data/wav16000/test/39ab2/02e48b298a.wav	पछिल्लो दिनहरूमा तपाईँको	पछिल्लो दिनहरूमा तपाईँको	पछिल्लो दिनहरूमा तपाईँको	-0.30062079429626465	-1.5090736389160155	-0.9791024017333985	पछिल्लो दिनहरूमा तपाईँको	पछिल्लो दिनहरूमा तपाईँको	-0.28256338834762573	-1.5090736389160155	-0.9791024017333985
02e5eeaea6	/home/is/r-ghimire/speechain/datasets/slr54nepaliasr/data/wav16000/test/c0181/02e5eeaea6.wav	अभिन्न अङ्ग मानिने	अभिन्न अङ्ग मानिने	अभिन्न अङ्ग मानिने	-0.3123338520526886	-1.6448085182591488	-7.365627209908684e-08	अभिन्न अङ्ग मानिने	अभिन्न अङ्ग मानिने	-0.29158711433410645	-1.6448085182591488	-7.365627209908684e-08
02edff0be4	/home/is/r-ghimire/speechain/datasets/slr54nepaliasr/data/wav16000/test/5d09c/02edff0be4.wav	तर्फबाट तेस्रो सन्तानका	तर्फबाट तेस्रो सन्तानका	तर्फबाट तेस्रो सन्तानका	-0.28829121589660645	-1.8386990229288738	-1.2638960811273137e-07	तर्फबाट तेस्रो सन्तानका	तर्फबाट तेस्रो सन्तानका	-0.27300089597702026	-1.8386990229288738	-1.2638960811273137e-07
02ee0cf75a	/home/is/r-ghimire/speechain/datasets/slr54nepaliasr/data/wav16000/test/09da0/02ee0cf75a.wav	धेरै मानिस	धेरै मानिस	धेरै मानिस	-0.37788113951683044	-1.5695015300403943	-8.977897375023696e-09	धेरै मानिस	धेरै मानिस	-0.3682679235935211	-1.5695015300403943	-8.977897375023696e-09
02ee74bcc0	/home/is/r-ghimire/speechain/datasets/slr54nepaliasr/data/wav16000/test/e72b0/02ee74bcc0.wav	यी अशुद्ध र	यी अशुद्ध र	यी अशुद्ध र	-0.31372377276420593	-2.608578681945801	-6.085834532617204e-07	यी अशुद्ध र	यी अशुद्ध र	-0.28826478123664856	-2.608578681945801	-6.085834532617204e-07
02f09515a7	/home/is/r-ghimire/speechain/datasets/slr54nepaliasr/data/wav16000/test/421cb/02f09515a7.wav	भाषाविज्ञान हुन्छ	भाषाविज्ञान हुन्छ	भाषाविज्ञान हुन्छ	-0.32579079270362854	-1.5343649122450087	-9.094338793147472e-08	भाषाविज्ञान हुन्छ	भाषाविज्ञान हुन्छ	-0.27324673533439636	-1.5343649122450087	-9.094338793147472e-08
02f25ab61d	/home/is/r-ghimire/speechain/datasets/slr54nepaliasr/data/wav16000/test/dd9b6/02f25ab61d.wav	गोकर्णेश्वर मन्दिरको हेरविचार	गोकर्णेश्वर मन्दिरको हेर	गोकर्णेश्वर मन्दिरको हेर	-0.284514456987381	-1.8058883666992187	-5.644678367389133e-08	गोकर्णेश्वर मन्दिरको हेर	गोकर्णेश्वर मन्दिरको हेर	-0.2712866961956024	-1.8058883666992187	-5.644678367389133e-08
02f8465560	/home/is/r-ghimire/speechain/datasets/slr54nepaliasr/data/wav16000/test/f65eb/02f8465560.wav	उनी अन्य कृयाकलापहरूमा	उनी अन्य क्रियाकलापहरू	उनी अन्य क्रियाकलापहरू	-0.31848180294036865	-1.81285924496858	-3.9245366145263215e-08	उनी अन्य क्रियाकलापहरू	उनी अन्य क्रियाकलापहरू	-0.2873636484146118	-1.81285924496858	-3.9245366145263215e-08
02f8670451	/home/is/r-ghimire/speechain/datasets/slr54nepaliasr/data/wav16000/test/44345/02f8670451.wav	अञ्चलको सोलुखुम्बु जिल्लाको	अञ्चलको सोलुखुम्बु जिल्लाको	अञ्चलको सोलुखुम्बु जिल्लाको	-0.3409087359905243	-1.8550266538347517	-5.972320796640166e-08	अञ्चलको सोलुखुम्बु जिल्लाको	अञ्चलको सोलुखुम्बु जिल्लाको	-0.3182032108306885	-1.8550266538347517	-5.972320796640166e-08
02fc001ffe	/home/is/r-ghimire/speechain/datasets/slr54nepaliasr/data/wav16000/test/ee687/02fc001ffe.wav	विशाल स्पन्दनको निर्माण	विशाल स्पन्दनको निर्माण	विशाल स्पन्दनको निर्माण	-0.3015882968902588	-1.7973203659057617	-1.4052416948591903e-07	विशाल स्पन्दनको निर्माण	विशाल स्पन्दनको निर्माण	-0.2801026701927185	-1.7973203659057617	-1.4052416948591903e-07
02fdd13f1f	/home/is/r-ghimire/speechain/datasets/slr54nepaliasr/data/wav16000/test/1cec5/02fdd13f1f.wav	त्यो खर्चबाट	त्यो खर्चबाट	त्यो खर्चबाट	-0.34270179271698	-2.1043727581317606	-3.0144061523829947e-07	त्यो खर्चबाट	त्यो खर्चबाट	-0.30182820558547974	-2.1043727581317606	-3.0144061523829947e-07
030127cb38	/home/is/r-ghimire/speechain/datasets/slr54nepaliasr/data/wav16000/test/12d45/030127cb38.wav	उनीहरूको कब्जा भयो	उनीहरूको कब्जा 	उनीहरूको कब्जा 	-0.29280465841293335	-1.9848122596740723	-0.05331016331911087	उनीहरूको कब्जा 	उनीहरूको कब्जा 	-0.27444976568222046	-1.9848122596740723	-0.05331016331911087
030f4ef318	/home/is/r-ghimire/speechain/datasets/slr54nepaliasr/data/wav16000/test/fc62e/030f4ef318.wav	बढ्दा भए जुन	बढ्दा भए जुन	बढ्दा भए जुन	-0.3163447976112366	-2.0985477154071512	-3.1334278761418176e-08	बढ्दा भए जुन	बढ्दा भए जुन	-0.30658581852912903	-2.0985477154071512	-3.1334278761418176e-08
030f931d62	/home/is/r-ghimire/speechain/datasets/slr54nepaliasr/data/wav16000/test/bc806/030f931d62.wav	जन्य रोग पनौती	जन्य रोग पनौती	जन्य रोग पनौती	-0.31712719798088074	-2.4950772603352864	-3.861265819674979e-07	जन्य रोग पनौती	जन्य रोग पनौती	-0.285962849855423	-2.4950772603352864	-3.861265819674979e-07
0313563e50	/home/is/r-ghimire/speechain/datasets/slr54nepaliasr/data/wav16000/test/5297a/0313563e50.wav	प्रखर स्वभावका यिनलाई	प्रखर स्वभावका यिनला	प्रखर स्वभावका यिनला	-0.292258620262146	-2.4829918997628346	-1.3855572520004076e-08	प्रखर स्वभावका यिनला	प्रखर स्वभावका यिनला	-0.2827604413032532	-2.4829918997628346	-1.3855572520004076e-08
03137fdf0d	/home/is/r-ghimire/speechain/datasets/slr54nepaliasr/data/wav16000/test/1ad64/03137fdf0d.wav	उद्देश्यले बनाइन्छ	उद्देश्यले बना	उद्देश्यले बना	-0.2846374213695526	-2.0559951782226564	-9.91922358177059e-08	उद्देश्यले बना	उद्देश्यले बना	-0.2608931064605713	-2.0559951782226564	-9.91922358177059e-08
03162f9c4c	/home/is/r-ghimire/speechain/datasets/slr54nepaliasr/data/wav16000/test/875d4/03162f9c4c.wav	इन्टरनेसनलका एकजना नेता	इन्टरनेसनलका एकजना नेता	इन्टरनेसनलका एकजना नेता	-0.29838046431541443	-2.5148843129475913	-8.109924465315999e-08	इन्टरनेसनलका एकजना नेता	इन्टरनेसनलका एकजना नेता	-0.28339681029319763	-2.5148843129475913	-8.109924465315999e-08
0325510dd5	/home/is/r-ghimire/speechain/datasets/slr54nepaliasr/data/wav16000/test/9d08c/0325510dd5.wav	त स्वीकार गर्यो	त स्वीका	त स्वीका	-0.289929062128067	-2.6721373664008246	-3.517591014517368e-07	त स्वीका	त स्वीका	-0.27971404790878296	-2.6721373664008246	-3.517591014517368e-07
0328044ef6	/home/is/r-ghimire/speechain/datasets/slr54nepaliasr/data/wav16000/test/14abf/0328044ef6.wav	पूर्तिका निम्ति	पूर्तिका निम्ति	पूर्तिका निम्ति	-0.3073539435863495	-1.6606237888336182	-5.461755137048385e-08	पूर्तिका निम्ति	पूर्तिका निम्ति	-0.2863740921020508	-1.6606237888336182	-5.461755137048385e-08
0328820ca2	/home/is/r-ghimire/speechain/datasets/slr54nepaliasr/data/wav16000/test/4b59a/0328820ca2.wav	संविधानसभा चुनावमा	संविधान सभा सुना	संविधान सभा सुना	-0.30339547991752625	-2.1321779138901653	-5.089418998656637e-08	संविधान सभा चुना	संविधान सभा चुना	-0.31359750032424927	-2.1668328677906707	-5.2597760499980615e-08
032b7febf2	/home/is/r-ghimire/speechain/datasets/slr54nepaliasr/data/wav16000/test/276bb/032b7febf2.wav	तातोपन हो	तत्त्वपन हो	तत्त्वपन हो	-0.3569270372390747	-2.198444684346517	-2.237843546026852e-07	तत्त्वपन हो	तत्त्वपन हो	-0.33224189281463623	-2.198444684346517	-2.237843546026852e-07
032d083f68	/home/is/r-ghimire/speechain/datasets/slr54nepaliasr/data/wav16000/test/d241a/032d083f68.wav	उनको रोगले उनलाई	उनको रोगले उनलाई	उनको रोगले उनलाई	-0.3108357787132263	-1.500248628504136	-8.035048642127282e-08	उनको रोगले उनलाई	उनको रोगले उनलाई	-0.2795526087284088	-1.500248628504136	-8.035048642127282e-08
032d9e8966	/home/is/r-ghimire/speechain/datasets/slr54nepaliasr/data/wav16000/test/4cc9e/032d9e8966.wav	तीर्थस्थलहरूमा बाहेक अन्य	तीर्थस्थलहरूमा बाहेक अन्य	तीर्थस्थलहरूमा बाहेक अन्य	-0.30072474479675293	-1.9435438009408803	-2.2728954718331806e-07	तीर्थस्थलहरूमा बाहेक अन्य	तीर्थस्थलहरूमा बाहेक अन्य	-0.2669917345046997	-1.9435438009408803	-2.2728954718331806e-07
03310d1de4	/home/is/r-ghimire/speechain/datasets/slr54nepaliasr/data/wav16000/test/2771e/03310d1de4.wav	गोल्फर बने र एनसीएए	गोफर बनेर एनसीए	गोफर बनेर एनसीए	-0.3794744610786438	-3.110159158706665	-8.531866058092419e-08	गोफर बनेर एनसीए	गोफर बनेर एनसीए	-0.43363156914711	-3.110159158706665	-8.531866058092419e-08
033d9e1121	/home/is/r-ghimire/speechain/datasets/slr54nepaliasr/data/wav16000/test/2a5b1/033d9e1121.wav	मुनि आफ्नो नाम	मुनि आफ्नो नाम	मुनि आफ्नो नाम	-0.31584009528160095	-1.6606315612792968	-3.945488363873058e-07	मुनि आफ्नो नाम	मुनि आफ्नो नाम	-0.32121792435646057	-1.6606315612792968	-3.945488363873058e-07
034087df18	/home/is/r-ghimire/speechain/datasets/slr54nepaliasr/data/wav16000/test/d47d3/034087df18.wav	देखा पर्दैछन्	देखा पर्दैछन्	देखा पर्दैछन्	-0.3341902494430542	-1.7045301709856306	-7.99397899494839e-07	देखा पर्दैछन्	देखा पर्दैछन्	-0.29368969798088074	-1.7045301709856306	-7.99397899494839e-07
0341476f53	/home/is/r-ghimire/speechain/datasets/slr54nepaliasr/data/wav16000/test/33d55/0341476f53.wav	हम्मलको एक मित्र	हम्मलको एक मित्र	हम्मलको एक मित्र	-0.2981182038784027	-2.0377690932329964	-5.704060266212122e-07	हम्मलको एक मित्र	हम्मलको एक मित्र	-0.29228129982948303	-2.0377690932329964	-5.704060266212122e-07
0344122a5e	/home/is/r-ghimire/speechain/datasets/slr54nepaliasr/data/wav16000/test/8dfc8/0344122a5e.wav	अरू दुई जना	अरू दुई जना	अरू दुई जना	-0.3498600721359253	-2.4307754834493003	-5.856001431917927e-07	अरू दुई जना	अरू दुई जना	-0.3046272397041321	-2.4307754834493003	-5.856001431917927e-07
034a2e19cb	/home/is/r-ghimire/speechain/datasets/slr54nepaliasr/data/wav16000/test/45ef4/034a2e19cb.wav	इस्मा राज्य चौबीसी	इस्मा राजीव चौबीसी	इस्मा राजीव चौबीसी	-0.38621726632118225	-2.879374855443051	-7.045631431729385e-07	इस्मा राजीव चौबीसी	इस्मा राजीव चौबीसी	-0.32983458042144775	-2.879374855443051	-7.045631431729385e-07
0352b2c02a	/home/is/r-ghimire/speechain/datasets/slr54nepaliasr/data/wav16000/test/90913/0352b2c02a.wav	तत्त्व भएको मल	तत्त्व भएको मन	तत्त्व भएको मन	-0.31695255637168884	-1.9096883138020833	-1.9339601446214752e-07	तत्त्व भएको मन	तत्त्व भएको मन	-0.26964864134788513	-1.9096883138020833	-1.9339601446214752e-07
035672807e	/home/is/r-ghimire/speechain/datasets/slr54nepaliasr/data/wav16000/test/1ff03/035672807e.wav	कृपया तपाईँ सही	कृपया तपाईँ सह	कृपया तपाईँ सह	-0.2841920852661133	-2.3317771911621095	-1.5391880035400392	कृपया तपाईँ सह	कृपया तपाईँ सह	-0.2646922469139099	-2.3317771911621095	-1.5391880035400392
03587815b6	/home/is/r-ghimire/speechain/datasets/slr54nepaliasr/data/wav16000/test/f6cb7/03587815b6.wav	यसको इतिहासको प्रारम्भ	यसको इतिहासको प्रारम्भ	यसको इतिहासको प्रारम्भ	-0.30070534348487854	-1.5753744374150815	-4.457349701703566e-06	यसको इतिहासको प्रारम्भ	यसको इतिहासको प्रारम्भ	-0.2630060911178589	-1.5753744374150815	-4.457349701703566e-06
03592e6a79	/home/is/r-ghimire/speechain/datasets/slr54nepaliasr/data/wav16000/test/646f2/03592e6a79.wav	यो जुका तराई	यो जुका तराई	यो जुका तराई	-0.31628918647766113	-2.097154764028696	-4.569644890859938e-07	यो जुका तराई	यो जुका तराई	-0.28881606459617615	-2.097154764028696	-4.569644890859938e-07
035fd2807b	/home/is/r-ghimire/speechain/datasets/slr54nepaliasr/data/wav16000/test/9cc50/035fd2807b.wav	चेरी नेपालमा पाइने	चेरी नेपालमा पाइने	चेरी नेपालमा पाइने	-0.32053032517433167	-1.3822170056794818	-2.5358950121077023e-08	चेरी नेपालमा पाइने	चेरी नेपालमा पाइने	-0.28973618149757385	-1.3822170056794818	-2.5358950121077023e-08
0360adbbfe	/home/is/r-ghimire/speechain/datasets/slr54nepaliasr/data/wav16000/test/6b883/0360adbbfe.wav	नदीहरू हुन् भने	नदीहरू हुन् भने	नदीहरू हुन् भने	-0.31160464882850647	-1.625439167022705	-4.398135899918998e-08	नदीहरू हुन् भने	नदीहरू हुन् भने	-0.2847205102443695	-1.625439167022705	-4.398135899918998e-08
036229e414	/home/is/r-ghimire/speechain/datasets/slr54nepaliasr/data/wav16000/test/a2a69/036229e414.wav	यी जनताको अधिकारलाई	यी जनताको अधिकारलाई	यी जनताको अधिकारलाई	-0.30530765652656555	-1.5459278106689454	-3.730548314706539e-07	यी जनताको अधिकारलाई	यी जनताको अधिकारलाई	-0.2853521704673767	-1.5459278106689454	-3.730548314706539e-07
036301d34c	/home/is/r-ghimire/speechain/datasets/slr54nepaliasr/data/wav16000/test/f5a31/036301d34c.wav	कुमार सबैभन्दा पहिले	कुमार सबैभन्दा प	कुमार सबैभन्दा प	-0.2905929982662201	-1.8068936291862936	-9.969154395067188e-07	कुमार सबैभन्दा प	कुमार सबैभन्दा प	-0.27314046025276184	-1.8068936291862936	-9.969154395067188e-07
036304373b	/home/is/r-ghimire/speechain/datasets/slr54nepaliasr/data/wav16000/test/f6e28/036304373b.wav	ताराहरू तथा सूर्यको	ताराहरू तथा 	ताराहरू तथा 	-0.2914544343948364	-2.1105863131009617	-0.022046286326188307	ताराहरू तथा 	ताराहरू तथा 	-0.2702365219593048	-2.1105863131009617	-0.022046286326188307
036be3d9e2	/home/is/r-ghimire/speechain/datasets/slr54nepaliasr/data/wav16000/test/5d09c/036be3d9e2.wav	बाटो दिन्छ	बाटो दिन्छ	बाटो दिन्छ	-0.34250861406326294	-1.674245140769265	-5.208939703813733e-08	बाटो दिन्छ	बाटो दिन्छ	-0.31689172983169556	-1.674245140769265	-5.208939703813733e-08
036e09ee3f	/home/is/r-ghimire/speechain/datasets/slr54nepaliasr/data/wav16000/test/22521/036e09ee3f.wav	उड्न नसक्ने चरा	उड्न नसक्ने चरा	उड्न नसक्ने चरा	-0.346883088350296	-2.4682564735412598	-7.395635037710235e-08	उड्न नसक्ने चरा	उड्न नसक्ने चरा	-0.2955200970172882	-2.4682564735412598	-7.395635037710235e-08
03754e0e00	/home/is/r-ghimire/speechain/datasets/slr54nepaliasr/data/wav16000/test/95358/03754e0e00.wav	सुरौदी खोलाको बेसी	सुरौदी खोलाको ब	सुरौदी खोलाको ब	-0.2889578640460968	-2.4100425243377686	-4.130907109356485e-05	सुरौदी खोलाको ब	सुरौदी खोलाको ब	-0.27584993839263916	-2.4100425243377686	-4.130907109356485e-05
037923dddb	/home/is/r-ghimire/speechain/datasets/slr54nepaliasr/data/wav16000/test/4d069/037923dddb.wav	भवानीजी नमस्ते तपाईँले	भवानीजी नमस्ते तपाईँले	भवानीजी नमस्ते तपाईँले	-0.30141955614089966	-2.084816144860309	-1.0691427977188774	भवानीजी नमस्ते तपाईँले	भवानीजी नमस्ते तपाईँले	-0.269816130399704	-2.084816144860309	-1.0691427977188774
0380621be8	/home/is/r-ghimire/speechain/datasets/slr54nepaliasr/data/wav16000/test/dcb32/0380621be8.wav	लेखेका छन् देशको	लेखेका छन्	लेखेका छन्	-0.2971971333026886	-1.3564536354758523	-1.2334859010562385e-06	लेखेका छन्	लेखेका छन्	-0.27877724170684814	-1.3564536354758523	-1.2334859010562385e-06
0382f3e39b	/home/is/r-ghimire/speechain/datasets/slr54nepaliasr/data/wav16000/test/20ebe/0382f3e39b.wav	देखिएका समस्याहरूलाई	देखिएका समस्याहरूलाई	देखिएका समस्याहरूलाई	-0.2907955050468445	-1.431195576985677	-3.762312363029369e-07	देखिएका समस्याहरूलाई	देखिएका समस्याहरूलाई	-0.25592976808547974	-1.431195576985677	-3.762312363029369e-07
038530a795	/home/is/r-ghimire/speechain/datasets/slr54nepaliasr/data/wav16000/test/0cc60/038530a795.wav	तर केही महिनापछि	तर केही महिनापछि	तर केही महिनापछि	-0.28469789028167725	-1.7856254577636719	-1.4991963539882015e-07	तर केही महिनापछि	तर केही महिनापछि	-0.2713598310947418	-1.7856254577636719	-1.4991963539882015e-07
038868ddcd	/home/is/r-ghimire/speechain/datasets/slr54nepaliasr/data/wav16000/test/bf3e7/038868ddcd.wav	विचित्र कार्य	विचित्र कार्य	विचित्र कार्य	-0.3164214789867401	-1.6097616468157088	-7.091166480677202e-06	विचित्र कार्य	विचित्र कार्य	-0.273978590965271	-1.6097616468157088	-7.091166480677202e-06
038c6c9732	/home/is/r-ghimire/speechain/datasets/slr54nepaliasr/data/wav16000/test/bf3e7/038c6c9732.wav	रूपमा इमेल पठाउँछ	रूपमा इमेल पठाउँछ	रूपमा इमेल पठाउँछ	-0.29885369539260864	-1.922196282280816	-1.3038943608601887	रूपमा इमेल पठाउँछ	रूपमा इमेल पठाउँछ	-0.269268274307251	-1.922196282280816	-1.3038943608601887
03902a029e	/home/is/r-ghimire/speechain/datasets/slr54nepaliasr/data/wav16000/test/1cec5/03902a029e.wav	ती आमैले	ती आमैले	ती आमैले	-0.32789820432662964	-2.641630384657118	-3.161164841003483e-07	ती आमैले	ती आमैले	-0.2844182848930359	-2.641630384657118	-3.161164841003483e-07
0391366051	/home/is/r-ghimire/speechain/datasets/slr54nepaliasr/data/wav16000/test/f73cc/0391366051.wav	उनले आफ्नो परिवार	उनले आफ्नो परिवार	उनले आफ्नो परिवार	-0.3050073981285095	-1.1521797180175781	-1.562248049443345e-08	उनले आफ्नो परिवार	उनले आफ्नो परिवार	-0.2843119204044342	-1.1521797180175781	-1.562248049443345e-08
03928ad080	/home/is/r-ghimire/speechain/datasets/slr54nepaliasr/data/wav16000/test/55c0f/03928ad080.wav	गाउँ त्यागेर	गाउँ त्यागेर	गाउँ त्यागेर	-0.3040842115879059	-1.9878412393423228	-1.3424946711613581	गाउँ त्यागेर	गाउँ त्यागेर	-0.3317457139492035	-1.9878412393423228	-1.3424946711613581
03929ed7cd	/home/is/r-ghimire/speechain/datasets/slr54nepaliasr/data/wav16000/test/55451/03929ed7cd.wav	आइएफएस परीक्षा	आइएफएस परीक्षा	आइएफएस परीक्षा	-0.32388463616371155	-2.960974629720052	-2.3014958590768705e-08	आइएफएस परीक्षा	आइएफएस परीक्षा	-0.28549298644065857	-2.960974629720052	-2.3014958590768705e-08
0392ebc7b7	/home/is/r-ghimire/speechain/datasets/slr54nepaliasr/data/wav16000/test/3867c/0392ebc7b7.wav	देखाउन खोजिएको छ	देखाउन खोजिएको 	देखाउन खोजिएको 	-0.27985233068466187	-2.1837329864501953	-1.4176781633068458e-06	देखाउन खोजिएको 	देखाउन खोजिएको 	-0.2702282667160034	-2.1837329864501953	-1.4176781633068458e-06
03a39d3050	/home/is/r-ghimire/speechain/datasets/slr54nepaliasr/data/wav16000/test/d02b3/03a39d3050.wav	नदीको किनारमा पर्ने	नदीको किनारम	नदीको किनारम	-0.2893421947956085	-2.3404485262357273	-5.433002587988785e-08	नदीको किनारम	नदीको किनारम	-0.2854131758213043	-2.3404485262357273	-5.433002587988785e-08
03a7a9cef6	/home/is/r-ghimire/speechain/datasets/slr54nepaliasr/data/wav16000/test/43b70/03a7a9cef6.wav	आज्ञाअनुसार कमलाले अगाडि	आज्ञाअनुसार कमलाले अगाडि	आज्ञाअनुसार कमलाले अगाडि	-0.3036251664161682	-2.1989813232421875	-1.3328988643479533e-07	आज्ञाअनुसार कमलाले अगाडि	आज्ञाअनुसार कमलाले अगाडि	-0.2705841362476349	-2.1989813232421875	-1.3328988643479533e-07
03ae9ecf41	/home/is/r-ghimire/speechain/datasets/slr54nepaliasr/data/wav16000/test/7070f/03ae9ecf41.wav	अहिले उपलब्ध हुने	अहिले उपलब्ध हु	अहिले उपलब्ध हु	-0.2940068542957306	-2.0288641452789307	-9.005936618677879e-08	अहिले उपलब्ध हु	अहिले उपलब्ध हु	-0.2724083960056305	-2.0288641452789307	-9.005936618677879e-08
03b799fddb	/home/is/r-ghimire/speechain/datasets/slr54nepaliasr/data/wav16000/test/5cef8/03b799fddb.wav	गर्नुका साथै सोही	गर्नुका साथै सोही	गर्नुका साथै सोही	-0.3062853515148163	-1.7089942296346028	-7.280239186810731e-08	गर्नुका साथै सोही	गर्नुका साथै सोही	-0.2983495891094208	-1.7089942296346028	-7.280239186810731e-08
03babd559c	/home/is/r-ghimire/speechain/datasets/slr54nepaliasr/data/wav16000/test/b4e60/03babd559c.wav	सरुवा रोगीहरू राखिन्छन्	सरुवा रोगीहरू राखिन्	सरुवा रोगीहरू राखिन्	-0.2865528464317322	-1.9730584280831474	-8.932955617118361e-07	सरुवा रोगीहरू राखिन्	सरुवा रोगीहरू राखिन्	-0.27579835057258606	-1.9730584280831474	-8.932955617118361e-07
03c3c4de8f	/home/is/r-ghimire/speechain/datasets/slr54nepaliasr/data/wav16000/test/2ddbf/03c3c4de8f.wav	कुनै पनि भागमा	कुनै पनि भागमा	कुनै पनि भागमा	-0.31121161580085754	-1.3048113505045573	-4.2275299468504576e-08	कुनै पनि भागमा	कुनै पनि भागमा	-0.28041306138038635	-1.3048113505045573	-4.2275299468504576e-08
03c4d72f74	/home/is/r-ghimire/speechain/datasets/slr54nepaliasr/data/wav16000/test/b3cd4/03c4d72f74.wav	इतिहास अनुसार यिनीहरू	इतिहास अनुसार यिनीहरू	इतिहास अनुसार यिनीहरू	-0.2839604914188385	-1.6460016424005681	-7.053795963491377e-08	इतिहास अनुसार यिनीहरू	इतिहास अनुसार यिनीहरू	-0.26392391324043274	-1.6460016424005681	-7.053795963491377e-08
03c7ebdc4b	/home/is/r-ghimire/speechain/datasets/slr54nepaliasr/data/wav16000/test/62e53/03c7ebdc4b.wav	विक्षेत्रीकरण सिमानारहित विश्वको	विक्षेत्रीकरण सिमानारहि	विक्षेत्रीकरण सिमानारहि	-0.29436737298965454	-2.2862141927083335	-8.666623330100265e-08	विक्षेत्रीकरण सिमानारहि	विक्षेत्रीकरण सिमानारहि	-0.25822505354881287	-2.2862141927083335	-8.666623330100265e-08
03c82e4c60	/home/is/r-ghimire/speechain/datasets/slr54nepaliasr/data/wav16000/test/8cefd/03c82e4c60.wav	खास परिचय कविताबाट	खास परिचय कविताबाट	खास परिचय कविताबाट	-0.314200758934021	-2.3468989322060034	-7.439754618213843e-08	खास परिचय कविताबाट	खास परिचय कविताबाट	-0.27747851610183716	-2.3468989322060034	-7.439754618213843e-08
03cd82ede2	/home/is/r-ghimire/speechain/datasets/slr54nepaliasr/data/wav16000/test/970ca/03cd82ede2.wav	यदि तपाईँलाई केही	यदि तपाईँलाई केही	यदि तपाईँलाई केही	-0.32528287172317505	-1.4915332794189453	-1.2490464316474066	यदि तपाईँलाई केही	यदि तपाईँलाई केही	-0.28370481729507446	-1.4915332794189453	-1.2490464316474066
03d0ceddaa	/home/is/r-ghimire/speechain/datasets/slr54nepaliasr/data/wav16000/test/1d480/03d0ceddaa.wav	छोरालाई सिकाउन चाहेको	छोरालाई सिकाउन च	छोरालाई सिकाउन च	-0.2840190529823303	-2.2574220545151653	-1.1892141842776362e-05	छोरालाई सिकाउन च	छोरालाई सिकाउन च	-0.27569106221199036	-2.2574220545151653	-1.1892141842776362e-05
03d4455564	/home/is/r-ghimire/speechain/datasets/slr54nepaliasr/data/wav16000/test/4d069/03d4455564.wav	गर्न सक्छौँ यिनीहरूमध्ये	गर्न सक्छन् यिनीहरूमध्ये	गर्न सक्छन् यिनीहरूमध्ये	-0.28818225860595703	-1.7469732666015625	-4.8950696509564296e-08	गर्न सक्छौँ यिनीहरूमध्ये	गर्न सक्छौँ यिनीहरूमध्ये	-0.3128888010978699	-1.8887448120117187	-0.7528435516357422
03d689dcb5	/home/is/r-ghimire/speechain/datasets/slr54nepaliasr/data/wav16000/test/89bd3/03d689dcb5.wav	असार महिना	असान महिना	असार महिना	-0.4195132851600647	-2.299459457397461	-2.0569045359893193e-07	असार महिना	असार महिना	-0.3389669358730316	-2.299459457397461	-2.0569045359893193e-07
03ddca0ab0	/home/is/r-ghimire/speechain/datasets/slr54nepaliasr/data/wav16000/test/84446/03ddca0ab0.wav	जस्तै जंकोट कोर्चबाङ	जस्तै जङ्को कोजबान	जस्तै जङ्को कोजबान	-0.4607054889202118	-2.28881153307463	-3.475342964520678e-07	जस्तै जङ्को कोजबान	जस्तै जङ्को कोजबान	-0.37011000514030457	-2.28881153307463	-3.475342964520678e-07
03e4cc6cb7	/home/is/r-ghimire/speechain/datasets/slr54nepaliasr/data/wav16000/test/8f7f7/03e4cc6cb7.wav	विशम्भरपुर गाविस	विसम्भरपुर गाविस	विसम्भरपुर गाविस	-0.32998186349868774	-2.2756827859317554	-5.726645092770067e-09	विसम्बरपुर गाविस	विसम्बरपुर गाविस	-0.34968462586402893	-2.222686767578125	-1.1838854080077212e-09
03e5264af0	/home/is/r-ghimire/speechain/datasets/slr54nepaliasr/data/wav16000/test/58428/03e5264af0.wav	असर पर्नेगरी त्यस्तो	असर पर्ने गरी त्यस्तो	असर पर्ने गरी त्यस्तो	-0.32607540488243103	-1.7485802390358665	-1.3401098509678955e-07	असर पर्नेगरी त्यस्तो	असर पर्नेगरी त्यस्तो	-0.29905301332473755	-1.9382342383975075	-1.188192462515352e-07
03ed36af23	/home/is/r-ghimire/speechain/datasets/slr54nepaliasr/data/wav16000/test/22333/03ed36af23.wav	मैले जानेसम्म र इन्टरनेटमा	मैले जानेसम्म र इन्टरनेटमा	मैले जानेसम्म र इन्टरनेटमा	-0.29971128702163696	-1.949753655327691	-1.5757950677652843e-07	मैले जानेसम्म र इन्टरनेटमा	मैले जानेसम्म र इन्टरनेटमा	-0.27763867378234863	-1.949753655327691	-1.5757950677652843e-07
03f3e6bcfd	/home/is/r-ghimire/speechain/datasets/slr54nepaliasr/data/wav16000/test/4c228/03f3e6bcfd.wav	कुण्ड जनक सरोवर	कुण्डजनक सर्वर	कुण्डजनक सर्वर	-0.31558799743652344	-3.0155649820963544	-1.1452459602878662e-07	कुण्डजनक सरोवर	कुण्डजनक सरोवर	-0.2895227074623108	-3.416937255859375	-1.253974611851542e-07
03f7810b3d	/home/is/r-ghimire/speechain/datasets/slr54nepaliasr/data/wav16000/test/44559/03f7810b3d.wav	जुन दुखी परिवेशबाट	जुन दुखी परिवेशबा	जुन दुखी परिवेशबा	-0.30108779668807983	-2.2039667765299478	-1.0436554020998301e-07	जुन दुखी परिवेशबा	जुन दुखी परिवेशबा	-0.2815437912940979	-2.2039667765299478	-1.0436554020998301e-07
03f8771c93	/home/is/r-ghimire/speechain/datasets/slr54nepaliasr/data/wav16000/test/12f3b/03f8771c93.wav	विकासको गतिलाई	विकासको गतिलाई	विकासको गतिलाई	-0.3113836348056793	-1.6886622111002605	-1.5110945620714725e-08	विकासको गतिलाई	विकासको गतिलाई	-0.28786757588386536	-1.6886622111002605	-1.5110945620714725e-08
03fd8845a8	/home/is/r-ghimire/speechain/datasets/slr54nepaliasr/data/wav16000/test/dfb01/03fd8845a8.wav	स्थापनामा आइपर्ने	स्थापनामा आइप	स्थापनामा आइप	-0.2957107722759247	-2.2550716400146484	-1.4316180698058035e-07	स्थापनामा आइप	स्थापनामा आइप	-0.2582591474056244	-2.2550716400146484	-1.4316180698058035e-07
0404ce9bec	/home/is/r-ghimire/speechain/datasets/slr54nepaliasr/data/wav16000/test/e8f71/0404ce9bec.wav	साथै सामान्य स्नान	साथै सामान्य स्थान	साथै सामान्य स्थान	-0.30399784445762634	-1.3864316438373767	-2.4510463366536176e-07	साथै सामान्य स्थान	साथै सामान्य स्थान	-0.2785223126411438	-1.3864316438373767	-2.4510463366536176e-07
0406435699	/home/is/r-ghimire/speechain/datasets/slr54nepaliasr/data/wav16000/test/d03c8/0406435699.wav	नेपोलियन प्रथमका भतिजा	नेपोलियन प्रथमका भतिजा	नेपोलियन प्रथमका भतिजा	-0.3077639937400818	-2.300146351689878	-3.246968746047376e-08	नेपोलियन प्रथमका भतिजा	नेपोलियन प्रथमका भतिजा	-0.26755115389823914	-2.300146351689878	-3.246968746047376e-08
04097fccbe	/home/is/r-ghimire/speechain/datasets/slr54nepaliasr/data/wav16000/test/a2a69/04097fccbe.wav	साझा प्रकाशनले	साझा प्रकाशनले	साझा प्रकाशनले	-0.3097032904624939	-1.7637046813964843	-4.4082965663013356e-08	साझा प्रकाशनले	साझा प्रकाशनले	-0.28354933857917786	-1.7637046813964843	-4.4082965663013356e-08
040c30e9f5	/home/is/r-ghimire/speechain/datasets/slr54nepaliasr/data/wav16000/test/51971/040c30e9f5.wav	धाम डडेलधुराको शीर्ष	धाम डडेलधुराको शीर्ष	धाम डडेलधुराको शीर्ष	-0.2995004951953888	-2.738883790515718	-8.584707497253216e-08	धाम डडेलधुराको शीर्ष	धाम डडेलधुराको शीर्ष	-0.28712761402130127	-2.738883790515718	-8.584707497253216e-08
041c868324	/home/is/r-ghimire/speechain/datasets/slr54nepaliasr/data/wav16000/test/0b9e3/041c868324.wav	पनि हुन सक्छ	पनि हुन सक्छ	पनि हुन सक्छ	-0.32959243655204773	-1.3815492483285756	-2.3066326968126724e-08	पनि हुन सक्छ	पनि हुन सक्छ	-0.3003179728984833	-1.3815492483285756	-2.3066326968126724e-08
041ff10658	/home/is/r-ghimire/speechain/datasets/slr54nepaliasr/data/wav16000/test/1a81b/041ff10658.wav	भने गुरुजी आजसम्म	भने गुरुजि आजसम्म	भने गुरुजि आजसम्म	-0.34501463174819946	-2.3198254903157554	-9.83543360335817e-08	भने गुरुजी आजसम्म	भने गुरुजी आजसम्म	-0.2774352729320526	-2.1525722079806857	-1.1260179791053007e-07
0421bebce3	/home/is/r-ghimire/speechain/datasets/slr54nepaliasr/data/wav16000/test/938ee/0421bebce3.wav	आफ्नो परिचय दिनुहोस्	आफ्नो परिचय दिनुहोस्	आफ्नो परिचय दिनुहोस्	-0.3009118139743805	-1.6468761989048548	-5.947365588369957e-08	आफ्नो परिचय दिनुहोस्	आफ्नो परिचय दिनुहोस्	-0.28555354475975037	-1.6468761989048548	-5.947365588369957e-08
0423ffb377	/home/is/r-ghimire/speechain/datasets/slr54nepaliasr/data/wav16000/test/4dccf/0423ffb377.wav	उनले आफ्नो पिताको	उनले आफ्नो पिताको	उनले आफ्नो पिताको	-0.30744248628616333	-1.308768590291341	-2.2761557577016195e-08	उनले आफ्नो पिताको	उनले आफ्नो पिताको	-0.29002052545547485	-1.308768590291341	-2.2761557577016195e-08
04263de5a6	/home/is/r-ghimire/speechain/datasets/slr54nepaliasr/data/wav16000/test/1ff03/04263de5a6.wav	प्रयोग विधान सभाहरू	प्रयोग विधानसभाहरू	प्रयोग विधानसभाहरू	-0.31192415952682495	-1.8763395610608553	-9.953062748249258e-09	प्रयोग विधान सभाहरू	प्रयोग विधान सभाहरू	-0.2819982171058655	-1.6335693359375	-6.190006729411834e-09
042fd27400	/home/is/r-ghimire/speechain/datasets/slr54nepaliasr/data/wav16000/test/af6bd/042fd27400.wav	निधनपछि किमले उत्तर	निधनपछि किमले 	निधनपछि किमले 	-0.2826913595199585	-2.7422831217447916	-0.003232604513565699	निधनपछि किमले 	निधनपछि किमले 	-0.2552122473716736	-2.7422831217447916	-0.003232604513565699
042fd5231e	/home/is/r-ghimire/speechain/datasets/slr54nepaliasr/data/wav16000/test/3e371/042fd5231e.wav	कृत्तिका नक्षत्र आकाश	कृतिका नक्षत्र आकाश	कृतिका नक्षत्र आकाश	-0.30080604553222656	-1.7786642074584962	-2.052221645953978e-08	कृतिका नक्षत्र आकाश	कृतिका नक्षत्र आकाश	-0.266152560710907	-1.7786642074584962	-2.052221645953978e-08
04344cc314	/home/is/r-ghimire/speechain/datasets/slr54nepaliasr/data/wav16000/test/42be7/04344cc314.wav	श्रृङ्खलामा मोडलको	श्रृङ्खलामा मोडलको	श्रृङ्खलामा मोडलको	-0.3061046600341797	-2.2267351652446545	-8.059755361357116e-07	श्रृङ्खलामा मोडलको	श्रृङ्खलामा मोडलको	-0.32548773288726807	-2.2267351652446545	-8.059755361357116e-07
0437cfbbb2	/home/is/r-ghimire/speechain/datasets/slr54nepaliasr/data/wav16000/test/c2858/0437cfbbb2.wav	नेपालमा विभिन्न	नेपालमा विभिन्न	नेपालमा विभिन्न	-0.31227174401283264	-1.093388319015503	-4.702048173044204e-08	नेपालमा विभिन्न	नेपालमा विभिन्न	-0.27749738097190857	-1.093388319015503	-4.702048173044204e-08
04385fab73	/home/is/r-ghimire/speechain/datasets/slr54nepaliasr/data/wav16000/test/26ac9/04385fab73.wav	नेपालमा बोलिने	नेपालमा बोलिने	नेपालमा बोलिने	-0.3197097182273865	-1.4712809244791667	-7.779359899965735e-08	नेपालमा बोलिने	नेपालमा बोलिने	-0.28417739272117615	-1.4712809244791667	-7.779359899965735e-08
043a441045	/home/is/r-ghimire/speechain/datasets/slr54nepaliasr/data/wav16000/test/72951/043a441045.wav	पारेको थियो	पारेको थियो	पारेको थियो	-0.3194417357444763	-1.2917165756225586	-1.2135648338092627e-08	पारेको थियो	पारेको थियो	-0.29865315556526184	-1.2917165756225586	-1.2135648338092627e-08
043c0b5f77	/home/is/r-ghimire/speechain/datasets/slr54nepaliasr/data/wav16000/test/750b9/043c0b5f77.wav	स्पेस सोसाइटी ग्रह	स्पेस सोसाइटी ग्र	स्पेस सोसाइटी ग्र	-0.33441856503486633	-2.9528280893961587	-1.8341484064876568e-07	स्पेस सोसाइट्यी ग	स्पेस सोसाइट्यी ग	-0.3750430941581726	-3.1523929172092013	-6.482474519644812e-07
0442c59184	/home/is/r-ghimire/speechain/datasets/slr54nepaliasr/data/wav16000/test/12f3b/0442c59184.wav	विवेचनाको खाँचो देखिन्छ	विवेचनाको खाँचो देखिन्छ	विवेचनाको खाँचो देखिन्छ	-0.2901636064052582	-1.7378304799397786	-0.9272692998250326	विवेचनाको खाँचो देखिन्छ	विवेचनाको खाँचो देखिन्छ	-0.2654082179069519	-1.7378304799397786	-0.9272692998250326
04493a8c41	/home/is/r-ghimire/speechain/datasets/slr54nepaliasr/data/wav16000/test/c46b5/04493a8c41.wav	यादमा बनाइएको थियो	यातमा बनाएको थिय	यातमा बनाएको थिय	-0.3160395920276642	-1.693254358628217	-3.759857517091886e-07	यातमा बनाएको थिय	यातमा बनाएको थिय	-0.3296196162700653	-1.693254358628217	-3.759857517091886e-07
044968ec46	/home/is/r-ghimire/speechain/datasets/slr54nepaliasr/data/wav16000/test/7470e/044968ec46.wav	शनि सौरमण्डलको एउटामात्र ग्रह	शनिसौरमण्डलको एउटा मात्र ग्रह	शनिसौरमण्डलको एउटा मात्र ग्रह	-0.3092705309391022	-2.3047749837239584	-1.8834221009456088e-07	शनिसौरमण्डलको एउटामात्र ग्रह	शनिसौरमण्डलको एउटा मात्र ग्रह	-0.32013851404190063	-2.3047749837239584	-1.8834221009456088e-07
044ae2bebf	/home/is/r-ghimire/speechain/datasets/slr54nepaliasr/data/wav16000/test/f45e2/044ae2bebf.wav	पौराणिक स्थल रहिआएको छ	पौरमाणिकस्थल रहिआएको छ	पौराणिकस्थल रहिआएको छ	-0.42151156067848206	-2.3391768715598364	-2.722230554106566e-08	पौमाणिक स्थल रहिआएको छ	पौमाणिक स्थल रहिआएको छ	-0.310295432806015	-2.3590807707413384	-3.3075976894590145e-08
044df0b488	/home/is/r-ghimire/speechain/datasets/slr54nepaliasr/data/wav16000/test/2e8ef/044df0b488.wav	जिल्लामा पर्ने गाउँ	जिल्लामा पर्ने गाउँ	जिल्लामा पर्ने गाउँ	-0.3064896762371063	-1.1418485641479492	-0.9580134391784668	जिल्लामा पर्ने गाउँ	जिल्लामा पर्ने गाउँ	-0.2803209722042084	-1.1418485641479492	-0.9580134391784668
044f603a13	/home/is/r-ghimire/speechain/datasets/slr54nepaliasr/data/wav16000/test/aeab9/044f603a13.wav	प्रकार पनि अनेक	प्रकार प	प्रकार प	-0.3012121021747589	-1.9275341033935547	-6.532666399531688e-06	प्रकार प	प्रकार प	-0.2558865249156952	-1.9275341033935547	-6.532666399531688e-06
04561d76b3	/home/is/r-ghimire/speechain/datasets/slr54nepaliasr/data/wav16000/test/27e93/04561d76b3.wav	उल्था गर्दा कतै	उल्था गर्दा कतै	उल्था गर्दा कतै	-0.3100440800189972	-2.230740547180176	-1.1566326563183793e-08	उल्था गर्दा कतै	उल्था गर्दा कतै	-0.29085275530815125	-2.230740547180176	-1.1566326563183793e-08
045b355ca5	/home/is/r-ghimire/speechain/datasets/slr54nepaliasr/data/wav16000/test/a1143/045b355ca5.wav	शब्दबाट अभिहित हुन्छ	शब्दबाट अभिहित हुन्छ	शब्दबाट अभिहित हुन्छ	-0.30349427461624146	-1.6955889747256325	-2.0981481914835362e-07	शब्दबाट अभिहित हुन्छ	शब्दबाट अभिहित हुन्छ	-0.28637900948524475	-1.6955889747256325	-2.0981481914835362e-07
045db98507	/home/is/r-ghimire/speechain/datasets/slr54nepaliasr/data/wav16000/test/8aea1/045db98507.wav	अनुक्रममा रह्यो	अनुक्रममा रह्यो	अनुक्रममा रह्यो	-0.31116166710853577	-1.705714225769043	-9.92100126495643e-08	अनुक्रममा रह्यो	अनुक्रममा रह्यो	-0.2783316373825073	-1.705714225769043	-9.92100126495643e-08
046178eebc	/home/is/r-ghimire/speechain/datasets/slr54nepaliasr/data/wav16000/test/70e10/046178eebc.wav	मुक्त छु	लोप्त छु	लोप्त छु	-0.5893391966819763	-2.8507567511664496	-1.530251413189237e-06	मुक्त छु	मुक्त छु	-0.31369322538375854	-2.212724049886068	-5.838453236922053e-07
046bb6fea3	/home/is/r-ghimire/speechain/datasets/slr54nepaliasr/data/wav16000/test/2e8ef/046bb6fea3.wav	गरिएको थियो नजिकै	गरिएको थियो नजिकै	गरिएको थियो नजिकै	-0.301304429769516	-1.5568472544352214	-1.2471561048086085e-07	गरिएको थियो नजिकै	गरिएको थियो नजिकै	-0.2973647713661194	-1.5568472544352214	-1.2471561048086085e-07
046cc9249b	/home/is/r-ghimire/speechain/datasets/slr54nepaliasr/data/wav16000/test/db4bc/046cc9249b.wav	बाजा बजाएर विशेष	बाजा बजाएर विशेष	बाजा बजाएर विशेष	-0.3030799329280853	-1.993344924029182	-5.804195632877321e-07	बाजा बजाएर विशेष	बाजा बजाएर विशेष	-0.2933192849159241	-1.993344924029182	-5.804195632877321e-07
046e747658	/home/is/r-ghimire/speechain/datasets/slr54nepaliasr/data/wav16000/test/68081/046e747658.wav	यिनको भेट स्विडिस	यिनको भेट स्विडिस	यिनको भेट स्विडिस	-0.33770063519477844	-2.4152980380588107	-3.6020598296696943e-07	यिनको भेट स्विडिस	यिनको भेट स्विडिस	-0.3277258276939392	-2.4152980380588107	-3.6020598296696943e-07
0478bb8249	/home/is/r-ghimire/speechain/datasets/slr54nepaliasr/data/wav16000/test/93014/0478bb8249.wav	एक वृहत	एक बृहत	एक बृहत	-0.4416312575340271	-3.0920004844665527	-2.875422069337219e-07	एक बृहत्	एक बृहत्	-0.39822953939437866	-3.143577363755968	-2.10769859323692e-06
047e025cc0	/home/is/r-ghimire/speechain/datasets/slr54nepaliasr/data/wav16000/test/938ee/047e025cc0.wav	सम्सर्गबाट जन्मने सन्तानलाई	सम्सर्गबाट जन्मने सन्तानलाई	सम्सर्गबाट जन्मने सन्तानलाई	-0.3039856255054474	-1.904284885951451	-1.3343300711962263e-07	संसर्गबाट जन्मने सन्तानलाई	संसर्गबाट जन्मने सन्तानलाई	-0.28631141781806946	-1.9772093031141493	-3.279042007138573e-07
048347f1e5	/home/is/r-ghimire/speechain/datasets/slr54nepaliasr/data/wav16000/test/294d8/048347f1e5.wav	बियो हुत्याइसकेपछि यदि	बियो हुत्याइसकेपछि यदि	बियो हुत्याइसकेपछि यदि	-0.30027255415916443	-2.382463538128397	-1.0869926763521305e-07	बियो हुत्याइसकेपछि यदि	बियो हुत्याइसकेपछि यदि	-0.27698996663093567	-2.382463538128397	-1.0869926763521305e-07
048e31cdbd	/home/is/r-ghimire/speechain/datasets/slr54nepaliasr/data/wav16000/test/3ed65/048e31cdbd.wav	हार्दिक समर्पण	हार्दिक समर्पण	हार्दिक समर्पण	-0.292414128780365	-2.2664637247721355	-6.188664580501306e-07	हार्दिक समर्पण	हार्दिक समर्पण	-0.3062775135040283	-2.2664637247721355	-6.188664580501306e-07
048e9b39aa	/home/is/r-ghimire/speechain/datasets/slr54nepaliasr/data/wav16000/test/d863b/048e9b39aa.wav	छालामा डाबर देखिने	छालामा डाबर देखिने	छालामा डाबर देखिने	-0.34698235988616943	-2.0948518451891447	-3.383825897847265e-08	छालामा डाबर देखिने	छालामा डाबर देखिने	-0.30857789516448975	-2.0948518451891447	-3.383825897847265e-08
04909ab428	/home/is/r-ghimire/speechain/datasets/slr54nepaliasr/data/wav16000/test/7f880/04909ab428.wav	उनले हिमालय प्रदेशका	उनले हिमालय प्रदे	उनले हिमालय प्रदे	-0.2920798361301422	-2.097385194566515	-0.00015657582682453923	उनले हिमालय प्रदे	उनले हिमालय प्रदे	-0.26379522681236267	-2.097385194566515	-0.00015657582682453923
0492b883a4	/home/is/r-ghimire/speechain/datasets/slr54nepaliasr/data/wav16000/test/46a1c/0492b883a4.wav	यी दुईटै महलहरूलाई	यी दुईटै मह	यी दुईटै मह	-0.2823333442211151	-2.956890106201172	-1.0951291187666357e-05	यी दुईटै मह	यी दुईटै मह	-0.26266270875930786	-2.956890106201172	-1.0951291187666357e-05
049563f7f2	/home/is/r-ghimire/speechain/datasets/slr54nepaliasr/data/wav16000/test/42be7/049563f7f2.wav	हजार खर्च भयो	हजार खर्च भयो	हजार खर्च भयो	-0.303280770778656	-2.358260290963309	-6.755806550375252e-07	हजार खर्च भयो	हजार खर्च भयो	-0.3064571022987366	-2.358260290963309	-6.755806550375252e-07
049b0d043f	/home/is/r-ghimire/speechain/datasets/slr54nepaliasr/data/wav16000/test/1f917/049b0d043f.wav	भएर भौँतारिरहेको थिएँ	भएर भौतारी रहेको थिएँ	भएर भौतारी रहेको थिएँ	-0.4443913400173187	-1.8153417760675603	-0.8279977278275923	भएर भौताइत रहेको थिएँ	भएर भौताइत रहेको थिएँ	-0.4576420187950134	-2.052397988059304	-0.8257353522560813
04a3f6f362	/home/is/r-ghimire/speechain/datasets/slr54nepaliasr/data/wav16000/test/44559/04a3f6f362.wav	भनाइ छ	बनाइ छ	बनाइ छ	-0.49036407470703125	-2.2908387865339006	-3.721092980413232e-07	बनाई छ	बनाई छ	-0.5562886595726013	-2.0904993329729353	-3.326678909486093e-07
04a86d46c1	/home/is/r-ghimire/speechain/datasets/slr54nepaliasr/data/wav16000/test/7470e/04a86d46c1.wav	शिवहरि मन्दिर तथा	शिवहरि मन्दिर तथा	शिवहरि मन्दिर तथा	-0.34843873977661133	-2.0407129923502603	-2.4243508455078376e-07	शिवहरि मन्दिर तथा	शिवहरि मन्दिर तथा	-0.2965914011001587	-2.0407129923502603	-2.4243508455078376e-07
04aa3c3741	/home/is/r-ghimire/speechain/datasets/slr54nepaliasr/data/wav16000/test/01cf0/04aa3c3741.wav	विशेष गरी पहाडी	विशेष गरी पहाडी	विशेष गरी पहाडी	-0.30849161744117737	-1.8302606344223022	-7.681700964212723e-08	विशेष गरी पहाडी	विशेष गरी पहाडी	-0.2878626883029938	-1.8302606344223022	-7.681700964212723e-08
04ac128063	/home/is/r-ghimire/speechain/datasets/slr54nepaliasr/data/wav16000/test/55c0f/04ac128063.wav	उहाँलाई फुल्याए	उहाँलाई फुल्याए	उहाँलाई फुल्याए	-0.30635035037994385	-1.851844310760498	-1.8706542253494263	उहाँलाई फुल्याए	उहाँलाई फुल्याए	-0.2794429361820221	-1.851844310760498	-1.8706542253494263
04ad312d84	/home/is/r-ghimire/speechain/datasets/slr54nepaliasr/data/wav16000/test/646f2/04ad312d84.wav	पृथ्वीको सतहमा रहेका	पृथ्वीको सतहमा रहेका	पृथ्वीको सतहमा रहेका	-0.30375128984451294	-1.7888679504394531	-1.2748208584006143e-08	पृथ्वीको सतहमा रहेका	पृथ्वीको सतहमा रहेका	-0.2665945887565613	-1.7888679504394531	-1.2748208584006143e-08
04c3e481aa	/home/is/r-ghimire/speechain/datasets/slr54nepaliasr/data/wav16000/test/73d74/04c3e481aa.wav	केही वर्ष त मैले	केही वर्ष 	केही वर्ष 	-0.30265161395072937	-2.0060372786088423	-0.011257099157029932	केही वर्ष 	केही वर्ष 	-0.2648966908454895	-2.0060372786088423	-0.011257099157029932
04c444bab4	/home/is/r-ghimire/speechain/datasets/slr54nepaliasr/data/wav16000/test/14763/04c444bab4.wav	लागि सामान्यत एक	लागि सामान्यतय	लागि सामान्यतय	-0.2936301529407501	-1.713707478841146	-8.789706650228861e-07	लागि सामान्यतय	लागि सामान्यतय	-0.27822598814964294	-1.713707478841146	-8.789706650228861e-07
04da27bcbd	/home/is/r-ghimire/speechain/datasets/slr54nepaliasr/data/wav16000/test/97b71/04da27bcbd.wav	अगाडि यो एउटा	अगाडि यो एउटा	अगाडि यो एउटा	-0.30682745575904846	-1.7492948259626115	-1.012807777962215e-07	अगाडि यो एउटा	अगाडि यो एउटा	-0.2937867343425751	-1.7492948259626115	-1.012807777962215e-07
04f2407046	/home/is/r-ghimire/speechain/datasets/slr54nepaliasr/data/wav16000/test/7ef78/04f2407046.wav	जेम्स क्यामेरनले	जेम्स क्यामरनले	जेम्स क्यामरनले	-0.36838406324386597	-2.7874345779418945	-9.643835596762074e-08	जेम्स क्यामेरनले	जेम्स क्यामेरनले	-0.2918231785297394	-2.5947113037109375	-9.103285612903111e-08
04fb62330a	/home/is/r-ghimire/speechain/datasets/slr54nepaliasr/data/wav16000/test/5b437/04fb62330a.wav	साथै उनका दुई	साथै उनका दुई	साथै उनका दुई	-0.2840229570865631	-1.7173032760620117	-5.541363634620211e-08	साथै उनका दुई	साथै उनका दुई	-0.2652896046638489	-1.7173032760620117	-5.541363634620211e-08
04fdfede12	/home/is/r-ghimire/speechain/datasets/slr54nepaliasr/data/wav16000/test/5e6be/04fdfede12.wav	मानिरहेकी छे	मानिरहेकी छे	मानिरहेकी छे	-0.3194364607334137	-2.1314261509821963	-2.769082374680483e-07	मानिरहेकी छे	मानिरहेकी छे	-0.31966665387153625	-2.1314261509821963	-2.769082374680483e-07
050c2ce06e	/home/is/r-ghimire/speechain/datasets/slr54nepaliasr/data/wav16000/test/145c1/050c2ce06e.wav	शीर्षकबाट जारी गरियो	शीर्षकबाट जारी गर	शीर्षकबाट जारी गर	-0.2790077328681946	-2.351607428656684	-2.4739031485094324e-07	शीर्षकबाट जारी गर	शीर्षकबाट जारी गर	-0.2738915979862213	-2.351607428656684	-2.4739031485094324e-07
050c7cc109	/home/is/r-ghimire/speechain/datasets/slr54nepaliasr/data/wav16000/test/41295/050c7cc109.wav	आएका युरेनस नेप्च्युन	आएका युरेनस नेप्जुन	आएका युरेनस नेप्जुन	-0.3587896525859833	-2.9915035247802733	-5.250827143754578e-07	आएका युरेनस नेप्च्युन	आएका युरेनस नेप्च्युन	-0.3591786324977875	-2.980928594415838	-4.783520456509326e-07
050d8f45b8	/home/is/r-ghimire/speechain/datasets/slr54nepaliasr/data/wav16000/test/1a81b/050d8f45b8.wav	गाविसमा पर्ने एक	गाविसमा पर्ने एक	गाविसमा पर्ने एक	-0.31300339102745056	-1.4412148419548483	-6.678293870851014e-08	गाविसमा पर्ने एक	गाविसमा पर्ने एक	-0.2846275866031647	-1.4412148419548483	-6.678293870851014e-08
050e7fe007	/home/is/r-ghimire/speechain/datasets/slr54nepaliasr/data/wav16000/test/fd59f/050e7fe007.wav	पानीसँग खान सकिन्छ	पानीसँग खा	पानीसँग खा	-0.2809007167816162	-2.3924603895707564	-2.2504239247857846e-07	पानीसँग खा	पानीसँग खा	-0.26579830050468445	-2.3924603895707564	-2.2504239247857846e-07
05119740f6	/home/is/r-ghimire/speechain/datasets/slr54nepaliasr/data/wav16000/test/b987b/05119740f6.wav	सोकोट्रा द्वीप पनि	सोकटा दुई पनि	सोकटा दुई पनि	-0.4153720736503601	-2.114330155508859	-4.6946610154918744e-08	सौकटा दुई पनि	सौकटा दुई पनि	-0.42251843214035034	-2.3502279009137834	-9.642605748792579e-08
05163d65aa	/home/is/r-ghimire/speechain/datasets/slr54nepaliasr/data/wav16000/test/1d480/05163d65aa.wav	ग्रहहरूको वायुमण्डल अहिले	ग्रहहरूको वायुमण्डल अहिले	ग्रहहरूको वायुमण्डल अहिले	-0.29776108264923096	-2.0638146033653846	-4.853246939371904e-08	ग्रहहरूको वायुमण्डल अहिले	ग्रहहरूको वायुमण्डल अहिले	-0.2768062353134155	-2.0638146033653846	-4.853246939371904e-08
051d2de5db	/home/is/r-ghimire/speechain/datasets/slr54nepaliasr/data/wav16000/test/49220/051d2de5db.wav	उद्योग यन्त्रमानवसम्म प्रचुर	उद्योग यन्त्र मानौसम्म प्रच	उद्योग यन्त्र मानौसम्म प्रच	-0.31097087264060974	-2.097120557512556	-1.5706258896638507e-08	उद्योग यन्त्र मानौसम्म प्रच	उद्योग यन्त्र मानौसम्म प्रच	-0.29149651527404785	-2.097120557512556	-1.5706258896638507e-08
0522c543d1	/home/is/r-ghimire/speechain/datasets/slr54nepaliasr/data/wav16000/test/43813/0522c543d1.wav	गम्भीर रूपले	गम्भीर रूपले	गम्भीर रूपले	-0.31534746289253235	-2.4427276024451623	-1.1578311806750627e-07	गम्भीर रूपले	गम्भीर रूपले	-0.4291892349720001	-2.4427276024451623	-1.1578311806750627e-07
0529dc1f6c	/home/is/r-ghimire/speechain/datasets/slr54nepaliasr/data/wav16000/test/20ebe/0529dc1f6c.wav	यो टेम्प्लेटलाई सम्पादन	यो टेम्पलेटलाई सम्पादन	यो टेम्पलेटलाई सम्पादन	-0.32533156871795654	-1.91307897153108	-2.501060012234476e-07	यो टेम्प्लेटलाई सम्पादन	यो टेम्प्लेटलाई सम्पादन	-0.29990920424461365	-1.8621301651000977	-2.3810817613896992e-07
052bebb342	/home/is/r-ghimire/speechain/datasets/slr54nepaliasr/data/wav16000/test/dfb01/052bebb342.wav	कुनै पनि सार्वजनिक	कुनै पनि सार्वजनि	कुनै पनि सार्वजनि	-0.2853047847747803	-1.7110126283433702	-1.3526343738905982e-07	कुनै पनि सार्वजनि	कुनै पनि सार्वजनि	-0.2695577144622803	-1.7110126283433702	-1.3526343738905982e-07
0530b3f1b5	/home/is/r-ghimire/speechain/datasets/slr54nepaliasr/data/wav16000/test/4483c/0530b3f1b5.wav	मोर्चाका महासचिव	मोर्चाका महासच	मोर्चाका महासच	-0.2885226309299469	-2.5477066040039062	-4.5128314620039114e-07	मोर्चाका महासच	मोर्चाका महासच	-0.29196640849113464	-2.5477066040039062	-4.5128314620039114e-07
0531fbfb6d	/home/is/r-ghimire/speechain/datasets/slr54nepaliasr/data/wav16000/test/e72b0/0531fbfb6d.wav	भर्खरै निजी वेबसाइट	भर्खरै निजी वेबसाइट	भर्करै निजी वेबसाइट	-0.3808444142341614	-2.9261669158935546	-1.6463601468785782e-07	भर्करै निजी वेबसाइट	भर्करै निजी वेबसाइट	-0.28604695200920105	-2.9261669158935546	-1.6463601468785782e-07
05326a717f	/home/is/r-ghimire/speechain/datasets/slr54nepaliasr/data/wav16000/test/93014/05326a717f.wav	उत्पादन नभएको हुन्थ्यो	उत्पादन नभएको 	उत्पादन नभएको 	-0.28143778443336487	-1.9160551706949869	-2.4762174386220674e-06	उत्पादन नभएको 	उत्पादन नभएको 	-0.2569432556629181	-1.9160551706949869	-2.4762174386220674e-06
0532e59d4e	/home/is/r-ghimire/speechain/datasets/slr54nepaliasr/data/wav16000/test/39b91/0532e59d4e.wav	संरक्षणमा सहभागी हुने	संरक्षणमा सहभागी हु	संरक्षणमा सहभागी हु	-0.27830833196640015	-2.104539489746094	-3.7248904050102284e-08	संरक्षणमा सहभागी हु	संरक्षणमा सहभागी हु	-0.24490106105804443	-2.104539489746094	-3.7248904050102284e-08
0534de0873	/home/is/r-ghimire/speechain/datasets/slr54nepaliasr/data/wav16000/test/14abf/0534de0873.wav	राष्ट्रिय पार्टीको	राष्ट्रिय पार्टीको	राष्ट्रिय पार्टीको	-0.2987673878669739	-1.2471309461091693	-6.598515100401863e-08	राष्ट्रिय पार्टीको	राष्ट्रिय पार्टीको	-0.274567574262619	-1.2471309461091693	-6.598515100401863e-08
053c0f975d	/home/is/r-ghimire/speechain/datasets/slr54nepaliasr/data/wav16000/test/49220/053c0f975d.wav	यसपछि बिरामीले केही	यसपछि बिरामीले केही	यसपछि बिरामीले केही	-0.29946526885032654	-1.7452144622802734	-2.9038631055300357e-07	यसपछि बिरामीले केही	यसपछि बिरामीले केही	-0.291800856590271	-1.7452144622802734	-2.9038631055300357e-07
053f2e97e1	/home/is/r-ghimire/speechain/datasets/slr54nepaliasr/data/wav16000/test/41d46/053f2e97e1.wav	औं पल्ट अगाडि	औँ पल्ट अगाडि	औँ पल्ट अगाडि	-0.3858165740966797	-3.1282430376325334	-0.011829656149659837	गौँ पल्ट अगाडि	गौँ पल्ट अगाडि	-0.44923076033592224	-2.5474334716796876	-1.445046106974284
0542f81c97	/home/is/r-ghimire/speechain/datasets/slr54nepaliasr/data/wav16000/test/885af/0542f81c97.wav	यो उनले पनि	यो उनले पन	यो उनले पन	-0.30342355370521545	-1.9826351512562146	-0.0001051839314062487	यो उनले पन	यो उनले पन	-0.28096896409988403	-1.9826351512562146	-0.0001051839314062487
05513bfa0e	/home/is/r-ghimire/speechain/datasets/slr54nepaliasr/data/wav16000/test/d0cd7/05513bfa0e.wav	चर्चा परिचर्चा गर्दा	चर्चा परिचर्चा गर्	चर्चा परिचर्चा गर्	-0.28681430220603943	-2.0814666748046875	-8.366448343478719e-08	चर्चा परिचर्चा गर्	चर्चा परिचर्चा गर्	-0.2720085680484772	-2.0814666748046875	-8.366448343478719e-08
0560ecd9a4	/home/is/r-ghimire/speechain/datasets/slr54nepaliasr/data/wav16000/test/c7f90/0560ecd9a4.wav	मजुमदारसँग उनीहरूको विवाद	मजुमदारसँग उनीहरूको विवाद	मजुमदारसँग उनीहरूको विवाद	-0.2982199490070343	-2.0038504967322717	-3.3804287970549643e-07	मजुमदारसँग उनीहरूको विवाद	मजुमदारसँग उनीहरूको विवाद	-0.28170323371887207	-2.0038504967322717	-3.3804287970549643e-07
0560fe1cbf	/home/is/r-ghimire/speechain/datasets/slr54nepaliasr/data/wav16000/test/c2858/0560fe1cbf.wav	मलाई झन् अप्ठेरोमा	मलाई झन अप्ठेरो	मलाई झन अप्ठेरो	-0.4448910355567932	-2.72006893157959	-3.28381133840594e-07	मलाई झन् अप्ठेर	मलाई झन् अप्ठेर	-0.3363228440284729	-2.5960798263549805	-3.356065008119913e-07
056203cc46	/home/is/r-ghimire/speechain/datasets/slr54nepaliasr/data/wav16000/test/4b140/056203cc46.wav	सुधार हुन	सुधार हुन	सुधार हुन	-0.29018932580947876	-2.024596405029297	-6.25239692908508e-08	सुधार हुन	सुधार हुन	-0.2783527672290802	-2.024596405029297	-6.25239692908508e-08
056516ddc2	/home/is/r-ghimire/speechain/datasets/slr54nepaliasr/data/wav16000/test/abc37/056516ddc2.wav	उपथरमा पनि पाइन्छ	उपथरमा पनि पाइन्छ	उपथरमा पनि पाइन्छ	-0.306742787361145	-1.57140138414171	-1.0505896202377901e-08	उपथरमा पनि पाइन्छ	उपथरमा पनि पाइन्छ	-0.2718605697154999	-1.57140138414171	-1.0505896202377901e-08
056c5c5529	/home/is/r-ghimire/speechain/datasets/slr54nepaliasr/data/wav16000/test/8dfc8/056c5c5529.wav	द्वीपसमूहको हिस्सा हो	द्वीपसमूहको हिस्सा हो	द्वीपसमूहको हिस्सा हो	-0.30677083134651184	-2.576891639015891	-6.119313928303943e-08	द्वीपसमूहको हिस्सा हो	द्वीपसमूहको हिस्सा हो	-0.2790422737598419	-2.576891639015891	-6.119313928303943e-08
05718a29ca	/home/is/r-ghimire/speechain/datasets/slr54nepaliasr/data/wav16000/test/fad24/05718a29ca.wav	अवधारणा भएकाले यसको	अवधारणा भएकाले 	अवधारणा भएकाले 	-0.2902854382991791	-2.2112834453582764	-0.0018518930301070213	अवधारणा भएकाले 	अवधारणा भएकाले 	-0.2626641094684601	-2.2112834453582764	-0.0018518930301070213
0574e1bf8f	/home/is/r-ghimire/speechain/datasets/slr54nepaliasr/data/wav16000/test/e8f71/0574e1bf8f.wav	खर्च भयो	खर्च भयो	खर्च भयो	-0.32095229625701904	-2.314008500840929	-1.9727550200817254e-07	खर्च भयो	खर्च भयो	-0.3030306100845337	-2.314008500840929	-1.9727550200817254e-07
05763e349b	/home/is/r-ghimire/speechain/datasets/slr54nepaliasr/data/wav16000/test/94417/05763e349b.wav	अभिनेत्री निर्माता	अभिनेत्री निर्माता	अभिनेत्री निर्माता	-0.3038689196109772	-1.4604496202970807	-9.019514604197436e-08	अभिनेत्री निर्माता	अभिनेत्री निर्माता	-0.2866445481777191	-1.4604496202970807	-9.019514604197436e-08
0576521c63	/home/is/r-ghimire/speechain/datasets/slr54nepaliasr/data/wav16000/test/cbbed/0576521c63.wav	थियो तर मौर्यहरूको	थियो तर मगरियाहरू	थियो तर मगरियाहरू	-0.4493147134780884	-1.927634769015842	-1.1789466390786806e-08	थियो तर मौर्याहरू	थियो तर मौर्याहरू	-0.36942893266677856	-1.9409908718532987	-2.6181649243679e-07
057d088f91	/home/is/r-ghimire/speechain/datasets/slr54nepaliasr/data/wav16000/test/f73cc/057d088f91.wav	विष्णु मन्दिर हो	विष्णु मन्दिर हो	विष्णु मन्दिर हो	-0.3015193045139313	-1.6520757114186007	-5.906608013152864e-09	विष्णु मन्दिर हो	विष्णु मन्दिर हो	-0.29478663206100464	-1.6520757114186007	-5.906608013152864e-09
057f1703ef	/home/is/r-ghimire/speechain/datasets/slr54nepaliasr/data/wav16000/test/ba807/057f1703ef.wav	यो विशाल परिसर	यो विशाल परि	यो विशाल परि	-0.29275572299957275	-2.008350078876202	-1.1126349608485516e-05	यो विशाल परि	यो विशाल परि	-0.28460893034935	-2.008350078876202	-1.1126349608485516e-05
0580f41d10	/home/is/r-ghimire/speechain/datasets/slr54nepaliasr/data/wav16000/test/ca5ed/0580f41d10.wav	नसक्ने एक प्रकारको	नसक्ने एक प्रकारको	नसक्ने एक प्रकारको	-0.31692516803741455	-1.4071143300909745	-4.824367974115854e-08	नसक्ने एक प्रकारको	नसक्ने एक प्रकारको	-0.28013551235198975	-1.4071143300909745	-4.824367974115854e-08
05827c5760	/home/is/r-ghimire/speechain/datasets/slr54nepaliasr/data/wav16000/test/d0cd7/05827c5760.wav	यो घर छाउने	यो घर छाउने	यो घर छाउने	-0.3155081570148468	-2.063515027364095	-4.733589851942573e-07	यो घर छाउने	यो घर छाउने	-0.35912182927131653	-2.063515027364095	-4.733589851942573e-07
0583af9121	/home/is/r-ghimire/speechain/datasets/slr54nepaliasr/data/wav16000/test/daaab/0583af9121.wav	बराबर हुन्छ	बराबर हुन्छ	बराबर हुन्छ	-0.3174857795238495	-1.6965848604838054	-2.667540381177484e-08	बराबर हुन्छ	बराबर हुन्छ	-0.2967318594455719	-1.6965848604838054	-2.667540381177484e-08
0587c9155c	/home/is/r-ghimire/speechain/datasets/slr54nepaliasr/data/wav16000/test/58428/0587c9155c.wav	यो लेख संस्कृतका	यो लेख संस्कृतका	यो लेख संस्कृतका	-0.2999562919139862	-1.721988790175494	-3.513555919412551e-07	यो लेख संस्कृतका	यो लेख संस्कृतका	-0.26906827092170715	-1.721988790175494	-3.513555919412551e-07
058bb08168	/home/is/r-ghimire/speechain/datasets/slr54nepaliasr/data/wav16000/test/ce4af/058bb08168.wav	बूढी औँलोविना चलाइएको वाणले निशाना चुक्ने सम्भावना धेरै रहन्छ	बुढी औँलो बिना चलाइएको बाणले निशान चुक्ने सम	बुढी औँलो बिना चलाइएको बाणले निशान चुक्ने सम	-0.30346837639808655	-2.76035885281033	-0.046463531917995876	बुढी औलो बिना चलाइएको बाणले निशान चुक्ने सम्	बुढी औलो बिना चलाइएको बाणले निशान चुक्ने सम्	-0.32110536098480225	-2.710371907552083	-0.0002813006647759014
0597c41ccd	/home/is/r-ghimire/speechain/datasets/slr54nepaliasr/data/wav16000/test/5cef8/0597c41ccd.wav	गर्ने गरिएको र	गर्ने गरिएको र	गर्ने गरिएको र	-0.3173213005065918	-1.2844983418782552	-1.4435030000944002e-07	गर्ने गरिएको र	गर्ने गरिएको र	-0.29756641387939453	-1.2844983418782552	-1.4435030000944002e-07
059edb85db	/home/is/r-ghimire/speechain/datasets/slr54nepaliasr/data/wav16000/test/5297a/059edb85db.wav	यसको स्वर मुरलीको	यसको स्वर मुरलीको	यसको स्वर मुरलीको	-0.3833327889442444	-2.087113274468316	-3.999420338611041e-07	यसको स्वर मुरलीको	यसको स्वर मुरलीको	-0.32389912009239197	-2.087113274468316	-3.999420338611041e-07
05a668eda4	/home/is/r-ghimire/speechain/datasets/slr54nepaliasr/data/wav16000/test/bc806/05a668eda4.wav	भेट्न के गर्नुपर्ला	भेट्न के गर्नुपर्ला	भेट्न के गर्नुपर्ला	-0.31887370347976685	-2.0088479995727537	-3.25140058521356e-07	भेट्न के गर्नुपर्ला	भेट्न के गर्नुपर्ला	-0.28730788826942444	-2.0088479995727537	-3.25140058521356e-07
05a6a456c9	/home/is/r-ghimire/speechain/datasets/slr54nepaliasr/data/wav16000/test/c06a7/05a6a456c9.wav	वर्षका प्रसिद्ध इतिहास	वर्षका प्रसिद्ध इतिहास	वर्षका प्रसिद्ध इतिहास	-0.29773184657096863	-1.4439783510954485	-5.661498740348337e-08	वर्षका प्रसिद्ध इतिहास	वर्षका प्रसिद्ध इतिहास	-0.26550495624542236	-1.4439783510954485	-5.661498740348337e-08
05b18d42e5	/home/is/r-ghimire/speechain/datasets/slr54nepaliasr/data/wav16000/test/c2858/05b18d42e5.wav	रब लेगाटोले आफू	रब लेगाटोले आफू	रब लेगाटोले आफू	-0.37791678309440613	-2.8984899520874023	-8.333097412105417e-08	र लेगाटोले आफू	र लेगाटोले आफू	-0.3994739055633545	-2.584583536783854	-9.802329259400722e-08
05b5a79926	/home/is/r-ghimire/speechain/datasets/slr54nepaliasr/data/wav16000/test/bad17/05b5a79926.wav	सिसअप अनुमतिका लागि	सिस अप अनुमतिका लागि	सिस अप अनुमतिका लागि	-0.32637935876846313	-2.302375066848028	-3.2224195798508366e-08	सिस अप अनुमतिका लागि	सिस अप अनुमतिका लागि	-0.29428696632385254	-2.302375066848028	-3.2224195798508366e-08
05bd9afaf4	/home/is/r-ghimire/speechain/datasets/slr54nepaliasr/data/wav16000/test/24945/05bd9afaf4.wav	घृणा गर्न सिक्न सक्छन् भने	गृहणा गर्न सिक्न सक्छन् भने	गृहणा गर्न सिक्न सक्छन् भने	-0.33645203709602356	-2.0072010585239957	-8.610650833621289e-08	घृणा गर्न सिक्न सक्छन् भने	घृणा गर्न सिक्न सक्छन् भने	-0.3105164170265198	-1.9277869330512152	-8.104054224397125e-08
05bfa1372e	/home/is/r-ghimire/speechain/datasets/slr54nepaliasr/data/wav16000/test/07179/05bfa1372e.wav	बाँकी रहेका अरू	बाँकी रहेका अरू	बाँकी रहेका अरू	-0.315731018781662	-1.9810960292816162	-1.0762041807174683	बाँकी रहेका अरू	बाँकी रहेका अरू	-0.2808493971824646	-1.9810960292816162	-1.0762041807174683
05c86e26b3	/home/is/r-ghimire/speechain/datasets/slr54nepaliasr/data/wav16000/test/882ce/05c86e26b3.wav	यस्तै सस्तिएको मोबाइल	यस्तै शस्तिएको मोबाइ	यस्तै शस्तिएको मोबाइ	-0.3115389943122864	-2.1560914175851003	-3.314307832624763e-07	यस्तै सस्दिएको मोबाइ	यस्तै सस्तिएको मोबाइ	-0.32668718695640564	-2.202958243233817	-3.4179848149679377e-07
05c8d2a55f	/home/is/r-ghimire/speechain/datasets/slr54nepaliasr/data/wav16000/test/e71d4/05c8d2a55f.wav	गाधि नामक महाबली	गादी नामक महावली	गादी नामक महावली	-0.39601147174835205	-2.4351950252757355	-1.0060205113404663e-07	गादी नामक माहावली	गादी नामक माहावली	-0.325259268283844	-2.5000228881835938	-8.05906350049352e-08
05d093cb11	/home/is/r-ghimire/speechain/datasets/slr54nepaliasr/data/wav16000/test/737fb/05d093cb11.wav	जिएसटिको प्रस्ताव राखे	जीएसटिको प्रस्ताव राखे	जीएसटिको प्रस्ताव राखे	-0.35469362139701843	-2.3301066523012905	-2.9339563574783667e-07	जीएसटीको प्रस्ताव राखे	जिएसटीको प्रस्ताव राखे	-0.36066150665283203	-2.174091504967731	-2.5068165205479803e-07
05d0fe8f70	/home/is/r-ghimire/speechain/datasets/slr54nepaliasr/data/wav16000/test/6a6d1/05d0fe8f70.wav	गैंडाको सिङ कपाल र नङ बन्ने जस्तै केराटिनले बनेको हुन्छ	गैंडाको छिङ कपाल र नन् भन्ने जस्तै केरा तिनले 	गैंडाको छिङ कपाल र नन् भन्ने जस्तै केरा तिनले 	-0.34621044993400574	-2.5774294264773103	-0.4258775102331283	गैंडाको सिङ कपाल र नन् भन्ने जस्तै केरा तिनले 	गैँडाको सिङ कपाल र नन् भन्ने जस्तै केरा तिनले 	-0.3264029026031494	-2.4511001262258976	-0.5052972347178357
05d1214f91	/home/is/r-ghimire/speechain/datasets/slr54nepaliasr/data/wav16000/test/90bdd/05d1214f91.wav	भएको रूप हो	भएको रूप हो	भएको रूप हो	-0.3254036009311676	-1.4945430755615234	-8.718529898033012e-08	भएको रूप हो	भएको रूप हो	-0.29482004046440125	-1.4945430755615234	-8.718529898033012e-08
05d931256b	/home/is/r-ghimire/speechain/datasets/slr54nepaliasr/data/wav16000/test/6d3f9/05d931256b.wav	यस विद्यालयमा	यस विद्यालयमा	यस विद्यालयमा	-0.31453582644462585	-1.2737820489065987	-4.0001477178261015e-07	यस विद्यालयमा	यस विद्यालयमा	-0.28134554624557495	-1.2737820489065987	-4.0001477178261015e-07
05df8efb5b	/home/is/r-ghimire/speechain/datasets/slr54nepaliasr/data/wav16000/test/e7519/05df8efb5b.wav	जसले पहिले पनि	जसले पहिले पनि	जसले पहिले पनि	-0.3211139738559723	-1.4106163024902343	-1.2117188816773705e-07	जसले पहिले पनि	जसले पहिले पनि	-0.2919457256793976	-1.4106163024902343	-1.2117188816773705e-07
05e96c392b	/home/is/r-ghimire/speechain/datasets/slr54nepaliasr/data/wav16000/test/99942/05e96c392b.wav	खर्च फिल्ममा	खर्च फिल्ममा	खर्च फिल्ममा	-0.3059692084789276	-2.303711230938251	-1.1037171204337098e-07	खर्च फिल्ममा	खर्च फिल्ममा	-0.2981138527393341	-2.303711230938251	-1.1037171204337098e-07
05ebfaea92	/home/is/r-ghimire/speechain/datasets/slr54nepaliasr/data/wav16000/test/9cc50/05ebfaea92.wav	हरसाल बडादशैँको सुरुदेखि	हर्साल बडादशैँको सुरूद	हर्साल बडादशैँको सुरूद	-0.34856507182121277	-2.7972528208856997	-0.9256216132122538	हर्साल बडादशैँको सुरुद	हर्साल बडादशैँको सुरुद	-0.2873168885707855	-2.7859911711319634	-0.9256216132122538
05ec166b72	/home/is/r-ghimire/speechain/datasets/slr54nepaliasr/data/wav16000/test/5d5fe/05ec166b72.wav	नेपालको उपाध्यक्ष साथै	नेपालको उपाध्यक्ष सा	नेपालको उपाध्यक्ष सा	-0.2863699197769165	-1.7184569949195498	-4.239731684460171e-06	नेपालको उपाध्यक्ष सा	नेपालको उपाध्यक्ष सा	-0.25494250655174255	-1.7184569949195498	-4.239731684460171e-06
05ec4e8edc	/home/is/r-ghimire/speechain/datasets/slr54nepaliasr/data/wav16000/test/1b29c/05ec4e8edc.wav	अतीततिर लैजाने कवि काइँला	अतित्ति र लैजाने कविकाइला	अतित्ति र लैजाने कविकाइला	-0.4821834862232208	-2.435162764329177	-8.48557157531524e-08	अत्यतिर लैजाने कविकाइला	अत्यतिर लैजाने कविकाइला	-0.39827761054039	-2.4695895512898765	-9.498560871179507e-08
05eee74486	/home/is/r-ghimire/speechain/datasets/slr54nepaliasr/data/wav16000/test/6f65d/05eee74486.wav	पञ्चकन्या पोखरी जस्ता	पञ्चकन्या पोखरी जस्ता	पञ्चकन्या पोखरी जस्ता	-0.3704756796360016	-2.0964622497558594	-3.864171793049371e-07	पञ्चकन्या पोखरी जस्ता	पञ्चकन्या पोखरी जस्ता	-0.3262461721897125	-2.0964622497558594	-3.864171793049371e-07
05f545d76e	/home/is/r-ghimire/speechain/datasets/slr54nepaliasr/data/wav16000/test/f65eb/05f545d76e.wav	नाकमा लगाउने	नाकमा लगाउने	नाकमा लगाउने	-0.3193504512310028	-1.8166958735539362	-6.168336924999424e-08	नाकमा लगाउने	नाकमा लगाउने	-0.29328039288520813	-1.8166958735539362	-6.168336924999424e-08
05f5599c67	/home/is/r-ghimire/speechain/datasets/slr54nepaliasr/data/wav16000/test/66260/05f5599c67.wav	जुन राशीमा अवस्थित हुन्छ	जुन राशीमा अवस्थित हुन्छ	जुन राशीमा अवस्थित हुन्छ	-0.2985907196998596	-1.39639892578125	-6.871924597362522e-08	जुन राशीमा अवस्थित हुन्छ	जुन राशीमा अवस्थित हुन्छ	-0.2777618169784546	-1.39639892578125	-6.871924597362522e-08
05f6131927	/home/is/r-ghimire/speechain/datasets/slr54nepaliasr/data/wav16000/test/4b59a/05f6131927.wav	नदी दिल्लीमा वर्तमान	नदी दिल्लीमा गर्वतमान	नदी दिल्लीमा गर्वतमान	-0.32406651973724365	-2.330839850685813	-5.0981213917111745e-08	नदी दिल्लीमा वर्गतमान	नदी दिल्लीमा वर्गतमान	-0.3498602509498596	-2.051951668479226	-1.672875669100904e-07
05ff8cec4c	/home/is/r-ghimire/speechain/datasets/slr54nepaliasr/data/wav16000/test/35f03/05ff8cec4c.wav	यो महिना चन्द्रमास	यो महिना चन्द्रमास	यो महिना चन्द्रमास	-0.33483392000198364	-1.9045578806023848	-0.00010808673687279224	यो महिना चन्द्रमा	यो महिना चन्द्रमा	-0.3230098783969879	-1.4775428771972656	-3.238224305985366e-07
0606c769a7	/home/is/r-ghimire/speechain/datasets/slr54nepaliasr/data/wav16000/test/abc37/0606c769a7.wav	उहाँले अल इन्डिया	उहाँले अल इन्डिया	उहाँले अल इन्डिया	-0.3026173412799835	-2.040427949693468	-1.6628036499023438	उहाँले अल इन्डिया	उहाँले अल इन्डिया	-0.28133195638656616	-2.040427949693468	-1.6628036499023438
061370f1a8	/home/is/r-ghimire/speechain/datasets/slr54nepaliasr/data/wav16000/test/0d8ef/061370f1a8.wav	व्यापक शब्द हो	व्यापक शब्द	व्यापक शब्द	-0.28466886281967163	-2.237537066141764	-1.7684159322091848e-08	व्यापक शब्द	व्यापक शब्द	-0.2647692859172821	-2.237537066141764	-1.7684159322091848e-08
06160a4ca0	/home/is/r-ghimire/speechain/datasets/slr54nepaliasr/data/wav16000/test/e3a27/06160a4ca0.wav	जीविकोपार्जनको परम्परागत	जीविको पार्जनको परम्परागत	जीविको पार्जनको परम्परागत	-0.3323874771595001	-1.99235593355619	-3.054032836539241e-07	जीवीको पार्जनको परम्परागत	जीवीको पार्जनको परम्परागत	-0.30173951387405396	-1.897161630483774	-1.9584049718664923e-07
061bb7c4f9	/home/is/r-ghimire/speechain/datasets/slr54nepaliasr/data/wav16000/test/5a5e7/061bb7c4f9.wav	कमलरीका रूपमा सम्भ्रान्त	कमलरीका रूपमा सम्रान्त	कमलरीका रूपमा सम्रान्त	-0.3531430661678314	-1.8833613188370415	-4.44735099375501e-08	कमलरीका रूपमा सम्भ्रान्त	कमलरीका रूपमा सम्भ्रान्त	-0.32472383975982666	-1.9476451110839843	-1.738470746204257e-07
0621bd43fc	/home/is/r-ghimire/speechain/datasets/slr54nepaliasr/data/wav16000/test/6a57a/0621bd43fc.wav	पूर्व तमोर नदीसम्म	पूर्व तामुर नदीस	पूर्व तामुर नदीस	-0.370403528213501	-2.359102585736443	-4.995794878435417e-08	पूर्व तमोर नदीसम	पूर्व तमोर नदीसम	-0.3674238324165344	-2.6062824024873623	-2.0764546474417919e-07
06220e1d41	/home/is/r-ghimire/speechain/datasets/slr54nepaliasr/data/wav16000/test/bc6b6/06220e1d41.wav	चार बल प्रतियोगितामा	चार बल प्रतियोगितामा	चार बल प्रतियोगितामा	-0.3191289007663727	-1.832559313092913	-2.1287464949723688e-06	चार बल प्रतियोगितामा	चार बल प्रतियोगितामा	-0.27719512581825256	-1.832559313092913	-2.1287464949723688e-06
0622c074a4	/home/is/r-ghimire/speechain/datasets/slr54nepaliasr/data/wav16000/test/58428/0622c074a4.wav	मैले आफ्नै	मैले आफ्नै	मैले आफ्नै	-0.32061654329299927	-1.7658752094615588	-3.3344167604809627e-07	मैले आफ्नै	मैले आफ्नै	-0.2982836365699768	-1.7658752094615588	-3.3344167604809627e-07
0624e611ac	/home/is/r-ghimire/speechain/datasets/slr54nepaliasr/data/wav16000/test/cbbed/0624e611ac.wav	यद्यपी आफैँले भनेअनुसार	यद्यपि आफैँले भनेअनु	यद्यपि आफैँले भनेअनु	-0.3358892500400543	-2.723397754487537	-1.2342840830485027	यद्यपि आफैँले भनेअनु	यद्यपि आफैँले भनेअनु	-0.2740614116191864	-2.723397754487537	-1.2342840830485027
062ddaac99	/home/is/r-ghimire/speechain/datasets/slr54nepaliasr/data/wav16000/test/c687c/062ddaac99.wav	प्रसिद्ध परम्पराहरूमध्ये एक	प्रसिद्ध परम्पराहरू	प्रसिद्ध परम्पराहरू	-0.2891521155834198	-1.4867124557495117	-6.9867240881649195e-09	प्रसिद्ध परम्पराहरू	प्रसिद्ध परम्पराहरू	-0.25217747688293457	-1.4867124557495117	-6.9867240881649195e-09
063018d5e5	/home/is/r-ghimire/speechain/datasets/slr54nepaliasr/data/wav16000/test/35f03/063018d5e5.wav	वर्षा सरदर	वर्षा सरदर	वर्षा सरदर	-0.33170536160469055	-2.7286054437810723	-2.2680059042944445e-07	वर्षा सरदर	वर्षा सरदर	-0.2984764873981476	-2.7286054437810723	-2.2680059042944445e-07
063afadf2d	/home/is/r-ghimire/speechain/datasets/slr54nepaliasr/data/wav16000/test/3e9ed/063afadf2d.wav	राम्रो हुने थियो कि	राम्रो हुने थि	राम्रो हुने थि	-0.28868696093559265	-1.620722198486328	-1.4754664637924483e-06	राम्रो हुने थि	राम्रो हुने थि	-0.2904016673564911	-1.620722198486328	-1.4754664637924483e-06
063bc944b2	/home/is/r-ghimire/speechain/datasets/slr54nepaliasr/data/wav16000/test/43813/063bc944b2.wav	तमोर नदी त्रिवेणी	तमोर नदी त्रिवेणी	तमोर नदी त्रिवेणी	-0.323085218667984	-2.6564920213487415	-1.5141169266523016e-07	तमुर नदी त्रिवेणी	तमुर नदी त्रिवेणी	-0.2923577129840851	-2.6598230997721353	-1.5776980591100357e-07
063c314367	/home/is/r-ghimire/speechain/datasets/slr54nepaliasr/data/wav16000/test/d863b/063c314367.wav	चार लाइट क्रूजर	चाड लाइट क्रिजर	चाड लाइट क्रिजर	-0.43887990713119507	-3.0728344917297363	-2.486726380368509e-08	चार लाइट ग्रिजर	चार लाइट ग्रिजर	-0.35883137583732605	-2.884493827819824	-3.527288683358165e-08
064032ee73	/home/is/r-ghimire/speechain/datasets/slr54nepaliasr/data/wav16000/test/4b22c/064032ee73.wav	यस नक्षत्रमा रहेको	यस नक्षत्रमा रहेको	यस नक्षत्रमा रहेको	-0.3092004954814911	-1.2619600797954358	-2.9824887429927723e-07	यस नक्षत्रमा रहेको	यस नक्षत्रमा रहेको	-0.2616664469242096	-1.2619600797954358	-2.9824887429927723e-07
064359eccd	/home/is/r-ghimire/speechain/datasets/slr54nepaliasr/data/wav16000/test/8aea1/064359eccd.wav	आधारित कथाहरू	आधारित कथाहर	आधारित कथाहर	-0.29004958271980286	-2.5125262920673075	-3.891687163979021e-08	आधारित कथाहर	आधारित कथाहर	-0.2740781605243683	-2.5125262920673075	-3.891687163979021e-08
0647290080	/home/is/r-ghimire/speechain/datasets/slr54nepaliasr/data/wav16000/test/1df77/0647290080.wav	प्राप्त हुनेछ त्यसको	प्राप्त हुनेछ त्यसको	प्राप्त हुनेछ त्यसको	-0.30650821328163147	-1.2701935541062128	-2.4116583777608217e-08	प्राप्त हुनेछ त्यसको	प्राप्त हुनेछ त्यसको	-0.2659441828727722	-1.2701935541062128	-2.4116583777608217e-08
064783b239	/home/is/r-ghimire/speechain/datasets/slr54nepaliasr/data/wav16000/test/ba807/064783b239.wav	सिजी पछि परेको छ	सिजी पछि परेको 	सिजी पछि परेको 	-0.3204878568649292	-2.1847071647644043	-1.1598849596339278e-06	सिजी पछि परेको 	सिजी पछि परेको 	-0.26085346937179565	-2.1847071647644043	-1.1598849596339278e-06
064aa7df9e	/home/is/r-ghimire/speechain/datasets/slr54nepaliasr/data/wav16000/test/90bdd/064aa7df9e.wav	मनस्थितिको सङ्गमबाट जे	मनस्थितिको सङ्गमबा	मनस्थितिको सङ्गमबा	-0.3325697183609009	-2.215034284089741	-2.496359995443766e-07	मनस्थितिको सङ्गमबा	मनस्थितिको सङ्गमबा	-0.2602560818195343	-2.215034284089741	-2.496359995443766e-07
0653857a2f	/home/is/r-ghimire/speechain/datasets/slr54nepaliasr/data/wav16000/test/6a57a/0653857a2f.wav	वितरित गर्दछ	वितरित गर्	वितरित गर्	-0.2909252345561981	-2.4054093794389204	-9.94655341525107e-08	वितरित गर्	वितरित गर्	-0.25720328092575073	-2.4054093794389204	-9.94655341525107e-08
06595cc1ab	/home/is/r-ghimire/speechain/datasets/slr54nepaliasr/data/wav16000/test/1b37d/06595cc1ab.wav	विराट मनका नेता	विराट मनका नेता	विराट मनका नेता	-0.3379921317100525	-2.298476457595825	-3.285165561806025e-08	विराट मनका नेता	विराट मनका नेता	-0.30542829632759094	-2.298476457595825	-3.285165561806025e-08
0659b30c43	/home/is/r-ghimire/speechain/datasets/slr54nepaliasr/data/wav16000/test/cce0f/0659b30c43.wav	गोदावरी समुन्द्र सतहदेखि	गोदावरी समुद्र सतहदेखि	गोदावरी समुद्र सतहदेखि	-0.3091427981853485	-2.4887857851774795	-1.7564971526355848e-05	गोदावरी समुद्र सतहदेखि	गोदावरी समुद्र सतहदेखि	-0.2671247720718384	-2.4887857851774795	-1.7564971526355848e-05
065a5eb6bf	/home/is/r-ghimire/speechain/datasets/slr54nepaliasr/data/wav16000/test/ca797/065a5eb6bf.wav	वास्तवमा निर्णय गर्दा	वास्तवमा निर्णय गर्	वास्तवमा निर्णय गर्	-0.287202924489975	-1.980158233642578	-3.870515001835883e-08	वास्तवमा निर्णय गर्	वास्तवमा निर्णय गर्	-0.29207900166511536	-1.980158233642578	-3.870515001835883e-08
06647deccb	/home/is/r-ghimire/speechain/datasets/slr54nepaliasr/data/wav16000/test/c7d7d/06647deccb.wav	आर्द्रा नक्षत्रको	आद्र नक्षत्र	आद्र नक्षत्र	-0.3788909912109375	-2.047489753136268	-1.685222461953974e-06	आत्र नक्षत्र	आत्र नक्षत्र	-0.26762986183166504	-2.01158699622521	-1.1256949549603562e-06
066f904460	/home/is/r-ghimire/speechain/datasets/slr54nepaliasr/data/wav16000/test/acf91/066f904460.wav	प्रताडित थियो	प्रताडित थियो	प्रताडित थियो	-0.3149198293685913	-1.6734051023210799	-9.811419740149826e-09	प्रताडित थियो	प्रताडित थियो	-0.3016270101070404	-1.6734051023210799	-9.811419740149826e-09
066fb6f409	/home/is/r-ghimire/speechain/datasets/slr54nepaliasr/data/wav16000/test/a5f51/066fb6f409.wav	द्वारा गरिन्थ्यो तर	द्वारा गरिन्थ्	द्वारा गरिन्थ्	-0.288706511259079	-1.8499885559082032	-1.509136927779764e-06	द्वारा गरिन्थ्	द्वारा गरिन्थ्	-0.2793215215206146	-1.8499885559082032	-1.509136927779764e-06
0670d386aa	/home/is/r-ghimire/speechain/datasets/slr54nepaliasr/data/wav16000/test/0bd28/0670d386aa.wav	अभिनय र निर्देशनमा	अभिनय र निर्देशनमा	अभिनय र निर्देशनमा	-0.30177557468414307	-1.8767567684775905	-1.4904325278046982e-07	अभिनय र निर्देशनमा	अभिनय र निर्देशनमा	-0.2934499979019165	-1.8767567684775905	-1.4904325278046982e-07
06779da778	/home/is/r-ghimire/speechain/datasets/slr54nepaliasr/data/wav16000/test/72951/06779da778.wav	थपिँदै गएका छन्	थपिँदै गएका छन्	थपिँदै गएका छन्	-0.303753525018692	-2.3518524169921875	-1.3128646612167358	थपिँदै गएका छन्	थपिँदै गएका छन्	-0.2899952530860901	-2.3518524169921875	-1.3128646612167358
067a67d2c1	/home/is/r-ghimire/speechain/datasets/slr54nepaliasr/data/wav16000/test/6fcfb/067a67d2c1.wav	अफ्रिका नेशनल कङ्ग्रेसका	अफ्रिका नेसनल कङ्ग्रेस	अफ्रिका नेसनल कङ्ग्रेस	-0.316638708114624	-2.058231851328974	-1.3014407514951334e-07	अफ्रिका नेशनल कङ्ग्रेस	अफ्रिका नेशनल कङ्ग्रेस	-0.29641592502593994	-2.1560393623683765	-1.331373210711678e-07
067dea5db7	/home/is/r-ghimire/speechain/datasets/slr54nepaliasr/data/wav16000/test/e7c22/067dea5db7.wav	माछा पर्दछ	माछा पर्दछ	माछा पर्दछ	-0.32361355423927307	-1.8262835415926846	-3.238224880161314e-07	माछा पर्दछ	माछा पर्दछ	-0.310251384973526	-1.8262835415926846	-3.238224880161314e-07
067eef8636	/home/is/r-ghimire/speechain/datasets/slr54nepaliasr/data/wav16000/test/c0b4e/067eef8636.wav	उनले आफ्नो राजनीतिक जीवनमा	उनले आफ्नो राजनीत	उनले आफ्नो राजनीत	-0.2832193970680237	-1.2958706749810114	-2.3445926571083773e-06	उनले आफ्नो राजनीत	उनले आफ्नो राजनीत	-0.262772798538208	-1.2958706749810114	-2.3445926571083773e-06
068a707433	/home/is/r-ghimire/speechain/datasets/slr54nepaliasr/data/wav16000/test/99866/068a707433.wav	ठूलो हुने भएकोले	ठूलो हुने भएकाले	ठूलो हुने भएकाले	-0.3203818202018738	-1.718273499432732	-2.6619335023818112e-08	ठूलो हुने भएकाले	ठूलो हुने भएकाले	-0.2820793688297272	-1.718273499432732	-2.6619335023818112e-08
068be6e6de	/home/is/r-ghimire/speechain/datasets/slr54nepaliasr/data/wav16000/test/e4596/068be6e6de.wav	यस प्रणालीलाई स्वीकार	यस प्रणालीलाई 	यस प्रणालीलाई 	-0.283923476934433	-1.7844070434570312	-0.0022627140084902444	यस प्रणालीलाई 	यस प्रणालीलाई 	-0.2402917891740799	-1.7844070434570312	-0.0022627140084902444
069b1e69b0	/home/is/r-ghimire/speechain/datasets/slr54nepaliasr/data/wav16000/test/d0b2b/069b1e69b0.wav	तपाईँहरूको सहयोग गर्दै	तपाईँहरूको सहयोग ग	तपाईँहरूको सहयोग ग	-0.2892879843711853	-1.6256567302503084	-1.090410132157175	तपाईँहरूको सहयोग ग	तपाईँहरूको सहयोग ग	-0.2566131353378296	-1.6256567302503084	-1.090410132157175
069b6e9adf	/home/is/r-ghimire/speechain/datasets/slr54nepaliasr/data/wav16000/test/a1c52/069b6e9adf.wav	किन सङ्घर्ष गर्नुपर्छ	किन सङ्घर्ष गर्नुपर	किन सङ्घर्ष गर्नुपर	-0.28623223304748535	-1.8527835845947265	-2.76979262707755e-06	किन सङ्घर्ष गर्नुपर	किन सङ्घर्ष गर्नुपर	-0.25882160663604736	-1.8527835845947265	-2.76979262707755e-06
069c8ba30b	/home/is/r-ghimire/speechain/datasets/slr54nepaliasr/data/wav16000/test/76dab/069c8ba30b.wav	तपाईँले अपलोड गर्नुभएको	तपाईँले अपलोड गर्न	तपाईँले अपलोड गर्न	-0.2978907823562622	-1.7459971779271175	-1.090410031770405	तपाईँले अपलोड गर्न	तपाईँले अपलोड गर्न	-0.26507318019866943	-1.7459971779271175	-1.090410031770405
069dd01adc	/home/is/r-ghimire/speechain/datasets/slr54nepaliasr/data/wav16000/test/005e1/069dd01adc.wav	पनि तर्क छ कि	पनि तर्क छ कि	पनि तर्क छ कि	-0.3163639307022095	-2.1101173673357283	-6.782000485015618e-08	पनि तर्क छ कि	पनि तर्क छ कि	-0.2860773503780365	-2.1101173673357283	-6.782000485015618e-08
069f1a5975	/home/is/r-ghimire/speechain/datasets/slr54nepaliasr/data/wav16000/test/9d08c/069f1a5975.wav	धेरै हुन्छ	धेरै हुन्छ	धेरै हुन्छ	-0.28720203042030334	-1.0790648026899858	-1.0065876536331913e-08	धेरै हुन्छ	धेरै हुन्छ	-0.27201056480407715	-1.0790648026899858	-1.0065876536331913e-08
06a1102f5b	/home/is/r-ghimire/speechain/datasets/slr54nepaliasr/data/wav16000/test/58428/06a1102f5b.wav	उनलाई नाना गिब्सन	उनलाई नाना गेर्छन्	उनलाई नाना गेर्छन्	-0.35225561261177063	-1.831629100598787	-8.201003478653117e-08	उनलाई नाना गेर्छन्	उनलाई नाना गेर्छन्	-0.3130199909210205	-1.831629100598787	-8.201003478653117e-08
06aca31164	/home/is/r-ghimire/speechain/datasets/slr54nepaliasr/data/wav16000/test/b77af/06aca31164.wav	माओवादी नेता	माओवादी नेता	माओवादी नेता	-0.2947174906730652	-2.3536368149977465	-2.7630692154791456e-07	माओवादी नेता	माओवादी नेता	-0.288067102432251	-2.3536368149977465	-2.7630692154791456e-07
06aecebe18	/home/is/r-ghimire/speechain/datasets/slr54nepaliasr/data/wav16000/test/fea0e/06aecebe18.wav	यो स्थान मुरादाबाद	यो स्थान मुराद	यो स्थान मुराद	-0.29751747846603394	-2.048621114095052	-8.577060119326536e-07	यो स्थान मुराद	यो स्थान मुराद	-0.2767006456851959	-2.048621114095052	-8.577060119326536e-07
06b2443da5	/home/is/r-ghimire/speechain/datasets/slr54nepaliasr/data/wav16000/test/37155/06b2443da5.wav	उठाएर ल्याएका थिए	उठाएर ल्याएका थ	उठाएर ल्याएका थ	-0.2859939932823181	-2.3965630531311035	-0.00016907700046431273	उठाएर ल्याएका थ	उठाएर ल्याएका थ	-0.2660050690174103	-2.3965630531311035	-0.00016907700046431273
06b3912fa8	/home/is/r-ghimire/speechain/datasets/slr54nepaliasr/data/wav16000/test/c64dc/06b3912fa8.wav	राखिएको थियो	राखिएको थियो	राखिएको थियो	-0.3067575991153717	-1.0960456407987154	-2.108923721467503e-07	राखिएको थियो	राखिएको थियो	-0.2974190413951874	-1.0960456407987154	-2.108923721467503e-07
06b5592bde	/home/is/r-ghimire/speechain/datasets/slr54nepaliasr/data/wav16000/test/1df77/06b5592bde.wav	साथीले अचम्म मान्दै	साथीले अचम्म मान्दै	साथीले अचम्म मान्दै	-0.30997544527053833	-2.226892852783203	-4.398020223561616e-08	साथीले अचम्म मान्दै	साथीले अचम्म मान्दै	-0.283130407333374	-2.226892852783203	-4.398020223561616e-08
06b6735674	/home/is/r-ghimire/speechain/datasets/slr54nepaliasr/data/wav16000/test/44345/06b6735674.wav	दोषारोपण भयो	दोषारोपण भयो	दोषारोपण भयो	-0.31647172570228577	-2.7906951904296875	-5.396658217740388e-07	दोषारोपण भयो	दोषारोपण भयो	-0.284563273191452	-2.7906951904296875	-5.396658217740388e-07
06b823b4a6	/home/is/r-ghimire/speechain/datasets/slr54nepaliasr/data/wav16000/test/b1066/06b823b4a6.wav	ममी ड्याडीसँग सिफलमा	ममे डाडीसँग सिफलमा	ममे डाडीसँग सिफलमा	-0.38174083828926086	-2.6701547723067436	-4.976970893422779e-07	मम्मी ग्याडीसँग सिफलमा	मम्मी ग्याडीसँग सिफलमा	-0.3645528554916382	-2.4628765272057573	-1.2032119032127135e-06
06b8df5c05	/home/is/r-ghimire/speechain/datasets/slr54nepaliasr/data/wav16000/test/ca98b/06b8df5c05.wav	बिस्तारै कलेज हुँदै	बिस्तारै कलेज हुँदै	बिस्तारै कलेज हुँदै	-0.319998174905777	-2.108944892883301	-1.2883336067199707	बिस्तारै कलेज हुँदै	बिस्तारै कलेज हुँदै	-0.2933989465236664	-2.108944892883301	-1.2883336067199707
06b9e95460	/home/is/r-ghimire/speechain/datasets/slr54nepaliasr/data/wav16000/test/d26e5/06b9e95460.wav	कङ्खाथर गढमुक्तेश्रवरका पूर्वदेखि	कङ्खाथर गणमुक्तेश्वरका पूर्वदेखि	कङ्खाथर गणमुक्तेश्वरका पूर्वदेखि	-0.29603222012519836	-2.4501486113577178	-1.871803683708563e-05	कङ्खाथर गणमुक्तेश्वरका पूर्वदेखि	कङ्खाथर गणमुक्तेश्वरका पूर्वदेखि	-0.26419079303741455	-2.4501486113577178	-1.871803683708563e-05
06ba3686e7	/home/is/r-ghimire/speechain/datasets/slr54nepaliasr/data/wav16000/test/2ee53/06ba3686e7.wav	खर्के डाँडा नौबिस	खर्के डाँडा नौबिस	खर्के डाँडा नौबिस	-0.2994062900543213	-2.6132791307237415	-1.294537862141927	खर्के डाँडा नौबिस	खर्के डाँडा नौबिस	-0.28694990277290344	-2.6132791307237415	-1.294537862141927
06bd79c7c1	/home/is/r-ghimire/speechain/datasets/slr54nepaliasr/data/wav16000/test/3e371/06bd79c7c1.wav	शक्तिशाली छौं	शक्तिशाली छौँ	शक्तिशाली छौँ	-0.3130965530872345	-2.157919338771275	-1.7308785574776786	शक्तिशाली छौँ	शक्तिशाली छौँ	-0.34355321526527405	-2.157919338771275	-1.7308785574776786
06c2305238	/home/is/r-ghimire/speechain/datasets/slr54nepaliasr/data/wav16000/test/84519/06c2305238.wav	भनाइ उद्धृत	भनाई उद्धृत	भनाई उद्धृत	-0.40838783979415894	-2.6923179626464844	-1.307497920303528e-06	भनाई उद्वृत	भनाई उद्वृत	-0.44301098585128784	-2.766071637471517	-1.8548324002646646e-07
06c29490fb	/home/is/r-ghimire/speechain/datasets/slr54nepaliasr/data/wav16000/test/3867c/06c29490fb.wav	भुवाले ढाकिएको हुन्छ	भुवाले ढाकिएको हुन्छ	भुवाले ढाकिएको हुन्छ	-0.28780397772789	-1.896909441266741	-6.231589179064724e-08	भुवाले ढाकिएको हुन्छ	भुवाले ढाकिएको हुन्छ	-0.3171796500682831	-1.896909441266741	-6.231589179064724e-08
06c31bee8c	/home/is/r-ghimire/speechain/datasets/slr54nepaliasr/data/wav16000/test/09022/06c31bee8c.wav	बाटो उल्टो फर्केको	बाटो उल्टो फर्केको	बाटो उल्टो फर्केको	-0.31226447224617004	-2.1636408755653784	-1.8931721593904322e-08	बाटो उल्टो फर्केको	बाटो उल्टो फर्केको	-0.3119328022003174	-2.1636408755653784	-1.8931721593904322e-08
06c44e7dc1	/home/is/r-ghimire/speechain/datasets/slr54nepaliasr/data/wav16000/test/43655/06c44e7dc1.wav	लास बाहिर निकालिन्छ	लास बाहिर निकालिन्छ	लास बाहिर निकालिन्छ	-0.3095621168613434	-1.9744970321655273	-7.428570825140923e-07	लास बाहिर निकालिन्छ	लास बाहिर निकालिन्छ	-0.29487356543540955	-1.9744970321655273	-7.428570825140923e-07
06c4e59962	/home/is/r-ghimire/speechain/datasets/slr54nepaliasr/data/wav16000/test/2d618/06c4e59962.wav	मानसिक रोग हो	मानसिक रोग ह	मानसिक रोग ह	-0.29452458024024963	-2.4950711176945615	-9.965666462309085e-05	मानसिक रोग ह	मानसिक रोग ह	-0.2936609387397766	-2.4950711176945615	-9.965666462309085e-05
06c8da18ee	/home/is/r-ghimire/speechain/datasets/slr54nepaliasr/data/wav16000/test/b0f78/06c8da18ee.wav	यदि तपाईँ जाने हो	यदि तपाईँ जानेको	यदि तपाईँ जानेको	-0.336264044046402	-1.6991306753719555	-1.3225197511560776	यदि तपाईँ जाने हो	यदि तपाईँ जाने हो	-0.32565027475357056	-1.740706443786621	-1.2490464316474066
06cd6d4021	/home/is/r-ghimire/speechain/datasets/slr54nepaliasr/data/wav16000/test/aa10c/06cd6d4021.wav	दृष्टिले स्वतन्त्र हुन्छ	दृष्टिले स्वतन्	दृष्टिले स्वतन्	-0.2807365953922272	-1.884086012840271	-4.5793638037139317e-07	दृष्टिले स्वतन्	दृष्टिले स्वतन्	-0.24886341392993927	-1.884086012840271	-4.5793638037139317e-07
06cdee2781	/home/is/r-ghimire/speechain/datasets/slr54nepaliasr/data/wav16000/test/e547a/06cdee2781.wav	जस्तो कोलकाता दिल्ली	जस्तो कोलकाता दिल्ली	जस्तो कोलकाता दिल्ली	-0.2881767749786377	-2.0085976010277156	-2.4084537082152177e-07	जस्तो कोलकाता दिल्ली	जस्तो कोलकाता दिल्ली	-0.2716183066368103	-2.0085976010277156	-2.4084537082152177e-07
06d0ca1f8c	/home/is/r-ghimire/speechain/datasets/slr54nepaliasr/data/wav16000/test/57449/06d0ca1f8c.wav	मध्ये एक थिए	मध्ये एक थिए	मध्ये एक थिए	-0.3163183927536011	-1.5784521836500902	-2.785166788481337e-07	मध्ये एक थिए	मध्ये एक थिए	-0.2975805401802063	-1.5784521836500902	-2.785166788481337e-07
06deb047e2	/home/is/r-ghimire/speechain/datasets/slr54nepaliasr/data/wav16000/test/c4565/06deb047e2.wav	खिरिब्रु आदि	खिरिब्रु आदि	खिरिब्रु आदि	-0.3362174332141876	-2.8901766263521633	-1.5274716903289888e-07	फिरिब्रु आदि	फिरिब्रु आदि	-0.3769882619380951	-2.703934596135066	-7.727202535953928e-08
06e03aa81c	/home/is/r-ghimire/speechain/datasets/slr54nepaliasr/data/wav16000/test/fe533/06e03aa81c.wav	भन्ने मात्र हो	भन्ने मात्र हो	भन्ने मात्र हो	-0.3157421946525574	-1.2206954956054688	-1.0035024994673828e-07	भन्ने मात्र हो	भन्ने मात्र हो	-0.30129939317703247	-1.2206954956054688	-1.0035024994673828e-07
06f2fb35e3	/home/is/r-ghimire/speechain/datasets/slr54nepaliasr/data/wav16000/test/20ebe/06f2fb35e3.wav	कार्य भएकाले निर्माण	कार्य भएकाले निर्माण	कार्य भएकाले निर्माण	-0.30575209856033325	-1.2893431527273995	-5.9437357300512734e-08	कार्य भएकाले निर्माण	कार्य भएकाले निर्माण	-0.27088290452957153	-1.2893431527273995	-5.9437357300512734e-08
06f8d7ea5c	/home/is/r-ghimire/speechain/datasets/slr54nepaliasr/data/wav16000/test/2483a/06f8d7ea5c.wav	एक अफ्रिकी माकुराको नाम	एक अफ्रिकीमा कुराको नाम	एक अफ्रिकीमा कुराको नाम	-0.3063436448574066	-1.6814381281534831	-1.7203265088028274e-06	एक अफ्रिकीमा कुराको नाम	एक अफ्रिकीमा कुराको नाम	-0.28653767704963684	-1.6814381281534831	-1.7203265088028274e-06
06f9b5c7d8	/home/is/r-ghimire/speechain/datasets/slr54nepaliasr/data/wav16000/test/01cf0/06f9b5c7d8.wav	उद्योग सञ्चालन	उद्योग सञ्चालन	उद्योग सञ्चालन	-0.27661746740341187	-1.8103548685709636	-1.5385846078667478e-07	उद्योग सञ्चालन	उद्योग सञ्चालन	-0.26564982533454895	-1.8103548685709636	-1.5385846078667478e-07
06fb01e40a	/home/is/r-ghimire/speechain/datasets/slr54nepaliasr/data/wav16000/test/a7d3c/06fb01e40a.wav	गजनीका कुनै शासकले	गजनीका कुनै शासकले	गजनीका कुनै शासकले	-0.310965359210968	-2.1148625424033716	-8.181834681109696e-08	गजनीका कुनै शासकले	गजनीका कुनै शासकले	-0.2864238917827606	-2.1148625424033716	-8.181834681109696e-08
0700bd8adf	/home/is/r-ghimire/speechain/datasets/slr54nepaliasr/data/wav16000/test/4b22c/0700bd8adf.wav	अग्लो उठायौँ भने	अग्लो उठायौँ भने	अग्लो उठायौँ भने	-0.32176533341407776	-2.4327524970559513	-1.1758991690242993	अग्लो उठायौँ भने	अग्लो उठायौँ भने	-0.30046889185905457	-2.4327524970559513	-1.1758991690242993
07029d1f44	/home/is/r-ghimire/speechain/datasets/slr54nepaliasr/data/wav16000/test/bdfe3/07029d1f44.wav	उपन्यासमा आर्थिक अभाव	उपन्यासमा आर्थिक अभाव	उपन्यासमा आर्थिक अभाव	-0.3064098060131073	-1.692182714288885	-1.3484424243870308e-08	उपन्यासमा आर्थिक अभाव	उपन्यासमा आर्थिक अभाव	-0.27027156949043274	-1.692182714288885	-1.3484424243870308e-08
0704e7a293	/home/is/r-ghimire/speechain/datasets/slr54nepaliasr/data/wav16000/test/a1143/0704e7a293.wav	गर्नाले मनुष्यलाई शिवजीको	गर्नाले मनुष्यलाई शिवजीको	गर्नाले मनुष्यलाई शिवजीको	-0.2950720191001892	-2.005889599139874	-6.065276308548233e-08	गर्नाले मनुष्यलाई शिवजीको	गर्नाले मनुष्यलाई शिवजीको	-0.2691895067691803	-2.005889599139874	-6.065276308548233e-08
070550ce35	/home/is/r-ghimire/speechain/datasets/slr54nepaliasr/data/wav16000/test/e3a27/070550ce35.wav	यसले मनोरञ्जनात्मक तथा	यसले मनोरञ्जनात्मक तथा	यसले मनोरञ्जनात्मक तथा	-0.29720062017440796	-2.1891280464504077	-2.846641702648333e-07	यसले मनोरञ्जनात्मक तथा	यसले मनोरञ्जनात्मक तथा	-0.27713486552238464	-2.1891280464504077	-2.846641702648333e-07
0707bdd664	/home/is/r-ghimire/speechain/datasets/slr54nepaliasr/data/wav16000/test/a1143/0707bdd664.wav	राखिएको हो	राखिएको हो	राखिएको हो	-0.319771945476532	-1.4332535483620383	-2.455259908112401e-07	राखिएको हो	राखिएको हो	-0.3078232705593109	-1.4332535483620383	-2.455259908112401e-07
070ca5f416	/home/is/r-ghimire/speechain/datasets/slr54nepaliasr/data/wav16000/test/3a78c/070ca5f416.wav	उनीहरू आध्यात्मिक तथा	उनीहरू आध्यात्मिक तथा	उनीहरू आध्यात्मिक तथा	-0.30503448843955994	-1.6195793151855469	-7.083351440748877e-08	उनीहरू आध्यात्मिक तथा	उनीहरू आध्यात्मिक तथा	-0.2793697714805603	-1.6195793151855469	-7.083351440748877e-08
070f8039b8	/home/is/r-ghimire/speechain/datasets/slr54nepaliasr/data/wav16000/test/e8f71/070f8039b8.wav	पौराणिक देश हुन्	पौराणिक देश हुन्	पौराणिक देश हुन्	-0.3024956285953522	-1.8481152478386373	-3.256552779074649e-08	पौराणिक देश हुन्	पौराणिक देश हुन्	-0.27821725606918335	-1.8481152478386373	-3.256552779074649e-08
070fdd0428	/home/is/r-ghimire/speechain/datasets/slr54nepaliasr/data/wav16000/test/3999a/070fdd0428.wav	लेखनाथ नगरपालिकामा	लेखनाथ नगरपालि	लेखनाथ नगरपालि	-0.2774950861930847	-2.2753532409667967	-9.361621778225526e-07	लेखनाथ नगरपालि	लेखनाथ नगरपालि	-0.2601015865802765	-2.2753532409667967	-9.361621778225526e-07
07157826de	/home/is/r-ghimire/speechain/datasets/slr54nepaliasr/data/wav16000/test/3a78c/07157826de.wav	सामर्थ्य हुन्छ	सामर्थ्य हुन्छ	सामर्थ्य हुन्छ	-0.31207650899887085	-1.5641006469726562	-5.413358697599809e-08	सामर्थ्य हुन्छ	सामर्थ्य हुन्छ	-0.27550145983695984	-1.5641006469726562	-5.413358697599809e-08
07178a2e1b	/home/is/r-ghimire/speechain/datasets/slr54nepaliasr/data/wav16000/test/2d618/07178a2e1b.wav	आफ्नो मिसनबाट चन्द्रमाको	आफ्नो मिसनबाट चन्द्रमाको	आफ्नो मिसनबाट चन्द्रमाको	-0.3027670383453369	-1.6723739624023437	-3.060554718103958e-08	आफ्नो मिसनबाट चन्द्रमाको	आफ्नो मिसनबाट चन्द्रमाको	-0.28814318776130676	-1.6723739624023437	-3.060554718103958e-08
071791cd6e	/home/is/r-ghimire/speechain/datasets/slr54nepaliasr/data/wav16000/test/22333/071791cd6e.wav	गर्नाले आँखाको	गर्नाले आँखाको	गर्नाले आँखाको	-0.30774810910224915	-1.8389556884765625	-0.9622050603230794	गर्नाले आँखाको	गर्नाले आँखाको	-0.2956577241420746	-1.8389556884765625	-0.9622050603230794
071cae83bd	/home/is/r-ghimire/speechain/datasets/slr54nepaliasr/data/wav16000/test/ba7f5/071cae83bd.wav	फुटबल जीवनमा उनले	फुटबल जीवनमा उन	फुटबल जीवनमा उन	-0.28170567750930786	-2.472675085067749	-5.189975027519722e-08	फुटबल जीवनमा उन	फुटबल जीवनमा उन	-0.257829487323761	-2.472675085067749	-5.189975027519722e-08
071fa09b7c	/home/is/r-ghimire/speechain/datasets/slr54nepaliasr/data/wav16000/test/62ba7/071fa09b7c.wav	उक्त गोल वैठकमा	उक्त गोल बैठकमा	उक्त गोल बैठकमा	-0.33215025067329407	-2.6613688468933105	-1.5849701640036074e-07	उक्त कोल बैठकमा	उक्त कोल बैठकमा	-0.26900365948677063	-2.6058950424194336	-4.6224776895087416e-08
07273868e7	/home/is/r-ghimire/speechain/datasets/slr54nepaliasr/data/wav16000/test/1f790/07273868e7.wav	किरण पृथ्वीमा	किरण पृथ्वीमा	किरण पृथ्वीमा	-0.3018694221973419	-1.9561590467180525	-1.1249815047774194e-08	किरण पृथ्वीमा	किरण पृथ्वीमा	-0.2702541649341583	-1.9561590467180525	-1.1249815047774194e-08
072afe3835	/home/is/r-ghimire/speechain/datasets/slr54nepaliasr/data/wav16000/test/8efbc/072afe3835.wav	गीत गाउन मौका	गीत गाउन मौका	गीत गाउन मौका	-0.30726388096809387	-2.571240561349051	-2.9254377815440033e-07	गीत गाउन मौका	गीत गाउन मौका	-0.3089131712913513	-2.571240561349051	-2.9254377815440033e-07
072bfda3cb	/home/is/r-ghimire/speechain/datasets/slr54nepaliasr/data/wav16000/test/b3c22/072bfda3cb.wav	सबैलाई किराँती समुदायभित्र	सबैलाई किराती समुदायभित्र	सबैलाई किराती समुदायभित्र	-0.32356464862823486	-1.84564208984375	-4.002352992616719e-08	सबैलाई किराती समुदायभित्र	सबैलाई किराती समुदायभित्र	-0.28935688734054565	-1.84564208984375	-4.002352992616719e-08
073119bb97	/home/is/r-ghimire/speechain/datasets/slr54nepaliasr/data/wav16000/test/8b798/073119bb97.wav	त्यस्ता सामग्री तयार	त्यस्ता सामग्री तयार	त्यस्ता सामग्री तयार	-0.3013182282447815	-1.737922123500279	-1.920588623588195e-07	त्यस्ता सामग्री तयार	त्यस्ता सामग्री तयार	-0.2895975708961487	-1.737922123500279	-1.920588623588195e-07
0733c634dd	/home/is/r-ghimire/speechain/datasets/slr54nepaliasr/data/wav16000/test/8aea1/0733c634dd.wav	एक प्रदेश आल्माग्रोको	एक प्रदेश फल्म्याग्रोको	एक प्रदेश फल्म्याग्रोको	-0.3198091387748718	-2.09342352549235	-8.706112263704805e-07	एक प्रदेश फलम्याग्रोको	एक प्रदेश फलम्याग्रोको	-0.2866639792919159	-2.1355688675590185	-1.2061994549066699e-07
0734f4eeae	/home/is/r-ghimire/speechain/datasets/slr54nepaliasr/data/wav16000/test/4aa5e/0734f4eeae.wav	फन्दा ठिक्क भयो	फन्दा ठिक भयो	फन्दा ठिक भयो	-0.4084964096546173	-2.462899616786412	-6.543482251280303e-08	फन्दा ठिक भयो	फन्दा ठिक भयो	-0.3445035219192505	-2.462899616786412	-6.543482251280303e-08
0750de6640	/home/is/r-ghimire/speechain/datasets/slr54nepaliasr/data/wav16000/test/3999a/0750de6640.wav	रुघाखोकी दम जुका	रुघा खोकी 	रुघा खोकी 	-0.46197986602783203	-3.0599486611106177	-0.0023558302359147506	रुघाखोकी द	रुघाखोकी द	-0.3193737864494324	-3.6492975408380683	-2.9119620607657865e-05
075416cc61	/home/is/r-ghimire/speechain/datasets/slr54nepaliasr/data/wav16000/test/fd59f/075416cc61.wav	उनलाई यश चोपडाले	उनलाई यश 	उनलाई यस 	-0.3861368000507355	-1.9945594787597656	-0.11310057640075684	उनलाई यश 	उनलाई यश 	-0.29044070839881897	-2.698954200744629	-0.11540434360504151
075ebb1a66	/home/is/r-ghimire/speechain/datasets/slr54nepaliasr/data/wav16000/test/7c42f/075ebb1a66.wav	किल्लासहितको दरबार आदि	किल्लासहितको दरबार आदि	किल्लासहितको दरबार आदि	-0.30825886130332947	-2.1015359629755435	-4.852076729192681e-07	किल्लासहितको दरबार आदि	किल्लासहितको दरबार आदि	-0.28697434067726135	-2.1015359629755435	-4.852076729192681e-07
076e6306a1	/home/is/r-ghimire/speechain/datasets/slr54nepaliasr/data/wav16000/test/94417/076e6306a1.wav	उपत्यका भित्रै रहेका छन्	उपत्यका भित्रै रहेका छन्	उपत्यका भित्रै रहेका छन्	-0.30098941922187805	-1.2967520141601563	-2.5503579308860936e-07	उपत्यका भित्रै रहेका छन्	उपत्यका भित्रै रहेका छन्	-0.27106523513793945	-1.2967520141601563	-2.5503579308860936e-07
0771aee11f	/home/is/r-ghimire/speechain/datasets/slr54nepaliasr/data/wav16000/test/11542/0771aee11f.wav	भारतका राष्ट्रपति	भारतका राष्ट्रपति	भारतका राष्ट्रपति	-0.2987494468688965	-1.5047874450683594	-7.578415130006356e-07	भारतका राष्ट्रपति	भारतका राष्ट्रपति	-0.26131442189216614	-1.5047874450683594	-7.578415130006356e-07
077c2f9e78	/home/is/r-ghimire/speechain/datasets/slr54nepaliasr/data/wav16000/test/bee0c/077c2f9e78.wav	उपचार गर्न सकिन्छ	उपचार गर्न सकिन्छ	उपचार गर्न सकिन्छ	-0.3094106614589691	-1.2390533023410373	-9.546387976418677e-09	उपचार गर्न सकिन्छ	उपचार गर्न सकिन्छ	-0.2874749004840851	-1.2390533023410373	-9.546387976418677e-09
078055b035	/home/is/r-ghimire/speechain/datasets/slr54nepaliasr/data/wav16000/test/916c6/078055b035.wav	सुहार्तो नै प्रथम व्यक्ति थिए	सुहार्तो नै प	सुहार्तो नै प	-0.4739069938659668	-2.5995510646275113	-2.9118748768399072e-06	सुवार्त नै प्	सुवार्त नै प्	-0.3073568344116211	-2.517462594168527	-3.95686291605151e-07
0788f699f0	/home/is/r-ghimire/speechain/datasets/slr54nepaliasr/data/wav16000/test/fc4f4/0788f699f0.wav	स्थापनाका लागि एउटा	स्थापनाका लागि एउटा	स्थापनाका लागि एउटा	-0.28661811351776123	-1.2786185264587402	-5.3899384511169046e-08	स्थापनाका लागि एउटा	स्थापनाका लागि एउटा	-0.2721036672592163	-1.2786185264587402	-5.3899384511169046e-08
0788f6fbf4	/home/is/r-ghimire/speechain/datasets/slr54nepaliasr/data/wav16000/test/09eb9/0788f6fbf4.wav	यस कारागारमा विभिन्न	यस कारागारमा विभिन्न	यस कारागारमा विभिन्न	-0.3059558868408203	-1.7268427894228982	-2.9059117964823685e-07	यस कारागारमा विभिन्न	यस कारागारमा विभिन्न	-0.2907762825489044	-1.7268427894228982	-2.9059117964823685e-07
0798b8adac	/home/is/r-ghimire/speechain/datasets/slr54nepaliasr/data/wav16000/test/5df8e/0798b8adac.wav	इस्लामले मुसलमानहरूको लागि	इस्लामले मुसलमान	इस्लामले मुसलमान	-0.28645655512809753	-2.177448272705078	-1.6162718084695585e-06	इस्लामले मुसलमान	इस्लामले मुसलमान	-0.26278576254844666	-2.177448272705078	-1.6162718084695585e-06
079cbf8daf	/home/is/r-ghimire/speechain/datasets/slr54nepaliasr/data/wav16000/test/14763/079cbf8daf.wav	यी जनताका	यी जनताका	यी जनताका	-0.32607701420783997	-2.218696403503418	-7.131576239771675e-07	यी जनताका	यी जनताका	-0.3121754825115204	-2.218696403503418	-7.131576239771675e-07
079ecf8e5f	/home/is/r-ghimire/speechain/datasets/slr54nepaliasr/data/wav16000/test/aaf41/079ecf8e5f.wav	भएको मितिले	भएको मितिले	भएको मितिले	-0.3201588988304138	-1.6851344108581543	-1.3711188747341416e-07	भएको मितिले	भएको मितिले	-0.2824553847312927	-1.6851344108581543	-1.3711188747341416e-07
07a00fe90e	/home/is/r-ghimire/speechain/datasets/slr54nepaliasr/data/wav16000/test/cce0f/07a00fe90e.wav	आगरा र दिल्लीका लागि	आगरा र दिल्लीका लागि	आगरा र दिल्लीका लागि	-0.3032227158546448	-1.8738245282854353	-1.0062994501173047e-08	आगरा र दिल्लीका लागि	आगरा र दिल्लीका लागि	-0.2924083471298218	-1.8738245282854353	-1.0062994501173047e-08
07a4fcc294	/home/is/r-ghimire/speechain/datasets/slr54nepaliasr/data/wav16000/test/e72b0/07a4fcc294.wav	शिरको पंक्तिमा लेखी	शिरको पंक्तिमा लेखी	शिरको पंक्तिमा लेखी	-0.3210057318210602	-2.109291839599609	-3.190786401319201e-07	शिरको पंक्तिमा लेखी	शिरको पंक्तिमा लेखी	-0.29329782724380493	-2.109291839599609	-3.190786401319201e-07
07a8834d55	/home/is/r-ghimire/speechain/datasets/slr54nepaliasr/data/wav16000/test/df933/07a8834d55.wav	चार वर्षपछि डेकेन्द्रको	चार वर्षपछि	चार वर्षपछि	-0.27389243245124817	-2.013681252797445	-3.7763551101003635e-08	चार वर्षपछि	चार वर्षपछि	-0.24701085686683655	-2.013681252797445	-3.7763551101003635e-08
07aca0085e	/home/is/r-ghimire/speechain/datasets/slr54nepaliasr/data/wav16000/test/1cec5/07aca0085e.wav	ल्होसारको दिन	ल्हो सारको दिन	ल्हो सारको दिन	-0.3309228718280792	-2.369512685139974	-9.354076610179618e-07	ल्होसारको दिन	ल्होसारको दिन	-0.3199464678764343	-2.6546827043805803	-9.699829206510913e-07
07b30798fe	/home/is/r-ghimire/speechain/datasets/slr54nepaliasr/data/wav16000/test/b66ee/07b30798fe.wav	लिटल व्हाइट	रिटल वाइट	रिटल वाइट	-0.6661755442619324	-3.5767040252685547	-1.4963085277486242e-07	लिटर वाइट	लिटर वाइट	-0.4490967392921448	-3.418570327758789	-1.3341635167307686e-06
07c07a91d4	/home/is/r-ghimire/speechain/datasets/slr54nepaliasr/data/wav16000/test/62f45/07c07a91d4.wav	भर्नेलाई तयार छ	पर्नेलाई तयार छ	पर्नेलाई तयार छ	-0.35396626591682434	-1.8682210445404053	-1.2227469703418592e-08	भर्नेलाई तयार छ	भर्नेलाई तयार छ	-0.3156793415546417	-2.066004514694214	-1.2808102667349885e-07
07c1a489c7	/home/is/r-ghimire/speechain/datasets/slr54nepaliasr/data/wav16000/test/c0c00/07c1a489c7.wav	रेकर्ड छ र जसलाई	रेकर्ड छ र 	रेकर्ड छ र 	-0.286121666431427	-2.986412684122721	-0.00535843459268411	रेकर्ड छ र 	रेकर्ड छ र 	-0.24805060029029846	-2.986412684122721	-0.00535843459268411
07c4e54ad6	/home/is/r-ghimire/speechain/datasets/slr54nepaliasr/data/wav16000/test/963b9/07c4e54ad6.wav	पिरको आदर गर्दछु	तीरको आदर गर्दछु	तीरको आदर गर्दछु	-0.3698633313179016	-2.089267506318934	-2.4301216934177587e-07	तिरको आदर गर्दछु	तिरको आदर गर्दछु	-0.3049366772174835	-2.039415247300092	-2.6276585926740044e-07
07c5bd5363	/home/is/r-ghimire/speechain/datasets/slr54nepaliasr/data/wav16000/test/02e53/07c5bd5363.wav	प्रसिद्ध लेखक चेतन	प्रसिद्ध लेखक चेतन	प्रसिद्ध लेखक चेतन	-0.3034304678440094	-2.0432687056692025	-1.5889455234604325e-07	प्रसिद्ध लेखक चेतन	प्रसिद्ध लेखक चेतन	-0.26616233587265015	-2.0432687056692025	-1.5889455234604325e-07
07d1e63332	/home/is/r-ghimire/speechain/datasets/slr54nepaliasr/data/wav16000/test/8570d/07d1e63332.wav	दर्शन गरी फर्के	दर्शन गरी फर्के	दर्शन गरी फर्के	-0.3094065487384796	-1.997153878211975	-7.484779018795962e-08	दर्शन गरी फर्के	दर्शन गरी फर्के	-0.30263084173202515	-1.997153878211975	-7.484779018795962e-08
07d48becc8	/home/is/r-ghimire/speechain/datasets/slr54nepaliasr/data/wav16000/test/e547a/07d48becc8.wav	उत्तरी पहाडी हिमाली	उत्तरी पहाडी हिमाली	उत्तरी पहाडी हिमाली	-0.30595993995666504	-1.8037134170532227	-1.9083913116446638e-08	उत्तरी पहाडी हिमाली	उत्तरी पहाडी हिमाली	-0.2816826105117798	-1.8037134170532227	-1.9083913116446638e-08
07d5f0561a	/home/is/r-ghimire/speechain/datasets/slr54nepaliasr/data/wav16000/test/f65eb/07d5f0561a.wav	लिएर काँचै सलादको	लिएर काँचै सलातको	लिएर काँचै सलातको	-0.35501882433891296	-2.3725191752115884	-0.9250582589043511	लिएर काँचै सलादको	लिएर काँचै सलादको	-0.31122025847435	-2.3169515397813587	-0.9250582589043511
07d5ff3530	/home/is/r-ghimire/speechain/datasets/slr54nepaliasr/data/wav16000/test/22521/07d5ff3530.wav	अन्य नागरिक पुरस्कारको	अन्य नागरिक पुरस्कार	अन्य नागरिक पुरस्कार	-0.2951122522354126	-1.7537285940987724	-7.256738042217745e-08	अन्य नागरिक पुरस्कार	अन्य नागरिक पुरस्कार	-0.2752477824687958	-1.7537285940987724	-7.256738042217745e-08
07d6070195	/home/is/r-ghimire/speechain/datasets/slr54nepaliasr/data/wav16000/test/62ba7/07d6070195.wav	मित्रताका कारण कौरवहरूको	मित्रताका कारण गौरवहरूको	मित्रताका कारण गौरवहरूको	-0.3234942853450775	-1.887191162109375	-3.6755165638169274e-07	मित्रताका कारण गौरवहरूको	मित्रताका कारण गौरवहरूको	-0.2953040897846222	-1.887191162109375	-3.6755165638169274e-07
07d9ad4fba	/home/is/r-ghimire/speechain/datasets/slr54nepaliasr/data/wav16000/test/b33c6/07d9ad4fba.wav	वर्षा ऋतुमा	वर्षा ऋतुमा	वर्षा ऋतुमा	-0.44721081852912903	-2.5523513158162436	-3.514377766578036e-08	वर्षा ऋतुमा	वर्षा ऋतुमा	-0.3260393440723419	-2.5523513158162436	-3.514377766578036e-08
07e7e65400	/home/is/r-ghimire/speechain/datasets/slr54nepaliasr/data/wav16000/test/d03c8/07e7e65400.wav	उनले नाहिमा नागाकी	उनले नाहिमा नागाकी	उनले नाहिमा नागाकी	-0.3480450510978699	-2.0664496170847038	-1.8469707260680336e-07	उनले नाहिमा नागाकी	उनले नाहिमा नागाकी	-0.3003162443637848	-2.0664496170847038	-1.8469707260680336e-07
07e855e464	/home/is/r-ghimire/speechain/datasets/slr54nepaliasr/data/wav16000/test/b3cd4/07e855e464.wav	एकमात्र अपरेसन	एकमात्र अप्रेसन	एकमात्र अप्रेसन	-0.36263853311538696	-2.0179107189178467	-1.3882892346828157e-07	एकमात्र अप्रेसन	एकमात्र अप्रेसन	-0.2981477975845337	-2.0179107189178467	-1.3882892346828157e-07
07e92d103a	/home/is/r-ghimire/speechain/datasets/slr54nepaliasr/data/wav16000/test/581da/07e92d103a.wav	यसको भूमिका धेरै	यसको भूमिका धेरै	यसको भूमिका धेरै	-0.30686241388320923	-1.3360950245576746	-3.3425069833516745e-07	यसको भूमिका धेरै	यसको भूमिका धेरै	-0.2932440936565399	-1.3360950245576746	-3.3425069833516745e-07
07f9abc225	/home/is/r-ghimire/speechain/datasets/slr54nepaliasr/data/wav16000/test/66260/07f9abc225.wav	वर्षकै सबैभन्दा लामो दिन पर्ने	वर्षकै सबैभन्दा लामो द	वर्षकै सबैभन्दा लामो द	-0.31177160143852234	-2.081589076829993	-7.93992670799565e-07	वर्षकै सबैभन्दा लामो द	वर्षकै सबैभन्दा लामो द	-0.2612822353839874	-2.081589076829993	-7.93992670799565e-07
07fca07028	/home/is/r-ghimire/speechain/datasets/slr54nepaliasr/data/wav16000/test/a3872/07fca07028.wav	विधिउपविधिहरू थपिँदै गए	विधिउपविधिहरू थपिँदै गए	विधिउपविधिहरू थपिँदै गए	-0.289570689201355	-2.966643969217936	-0.9025641282399496	विधिउपविधिहरू थपिँदै गए	विधिउपविधिहरू थपिँदै गए	-0.2742323577404022	-2.966643969217936	-0.9025641282399496
07fdd22f6c	/home/is/r-ghimire/speechain/datasets/slr54nepaliasr/data/wav16000/test/e4714/07fdd22f6c.wav	दिनु हुँदैन	दिनु हुँदै	दिनु हुँदै	-0.2842105031013489	-1.7765294855291194	-2.2394045049493965	दिनु हुँदै	दिनु हुँदै	-0.2903563976287842	-1.7765294855291194	-2.2394045049493965
08056aaf1a	/home/is/r-ghimire/speechain/datasets/slr54nepaliasr/data/wav16000/test/3ff16/08056aaf1a.wav	पछाडी थर लेख्न	पछाडि थर लेख्न	पछाडि थर लेख्न	-0.3003571927547455	-2.3349339803059896	-2.3968902951310157e-08	पछाडि थर लेख्न	पछाडि थर लेख्न	-0.2916363775730133	-2.3349339803059896	-2.3968902951310157e-08
08099b9c5d	/home/is/r-ghimire/speechain/datasets/slr54nepaliasr/data/wav16000/test/12f3b/08099b9c5d.wav	भन्दा महत्त्वपूर्ण कुरा	भन्दा महत्त्वपूर्ण कुरा	भन्दा महत्त्वपूर्ण कुरा	-0.30730754137039185	-1.4480225245157878	-7.04270585553483e-08	भन्दा महत्त्वपूर्ण कुरा	भन्दा महत्त्वपूर्ण कुरा	-0.27632254362106323	-1.4480225245157878	-7.04270585553483e-08
081673f4c2	/home/is/r-ghimire/speechain/datasets/slr54nepaliasr/data/wav16000/test/8272f/081673f4c2.wav	यस नियमको चरितार्थ	यस नियमको चरीतार्थ	यस नियमको चरीतार्थ	-0.33990833163261414	-2.1100283171001233	-8.034918497095963e-07	यस नियमको चरितार्थ	यस नियमको चरितार्थ	-0.27757325768470764	-2.039468865645559	-9.306463892387814e-07
0818a3c7b1	/home/is/r-ghimire/speechain/datasets/slr54nepaliasr/data/wav16000/test/25ff3/0818a3c7b1.wav	कठिन छ	कठिन छ	कठिन छ	-0.32823505997657776	-2.9338471548897878	-7.354130510910701e-09	कठिन छ	कठिन छ	-0.3557910919189453	-2.9338471548897878	-7.354130510910701e-09
0820351e2f	/home/is/r-ghimire/speechain/datasets/slr54nepaliasr/data/wav16000/test/882ce/0820351e2f.wav	झाडग्राम भारतका सहरहरू	झाडग्राम भारतका सहरहरू	झाडग्राम भारतका सहरहरू	-0.32578667998313904	-2.060886880625849	-2.480333142043294e-06	चाडग्राम भारतका सहरहरू	चाडग्राम भारतका सहरहरू	-0.3136503994464874	-2.0090043441109033	-7.678943644429598e-07
0822293fc8	/home/is/r-ghimire/speechain/datasets/slr54nepaliasr/data/wav16000/test/e71d4/0822293fc8.wav	ढिक्का हुँदै माथि चढे	ढिक्का हुँदै मा	ढिक्का हुँदै मा	-0.3043009340763092	-2.205463409423828	-1.5337198972702026	ढिक्का हुँदै मा	ढिक्का हुँदै मा	-0.32303279638290405	-2.205463409423828	-1.5337198972702026
0822f13b86	/home/is/r-ghimire/speechain/datasets/slr54nepaliasr/data/wav16000/test/b0bba/0822f13b86.wav	कति सारल छ	कति सारल छ	कति सारल छ	-0.32025793194770813	-2.561354723843661	-9.202283928805793e-07	कति सारल छ	कति सारल छ	-0.30429404973983765	-2.561354723843661	-9.202283928805793e-07
082a4474e6	/home/is/r-ghimire/speechain/datasets/slr54nepaliasr/data/wav16000/test/cce0f/082a4474e6.wav	मेरो विचारमा उनी	मेरो विचारमा उनी	मेरो विचारमा उनी	-0.30422064661979675	-1.5554786008947037	-4.0002399092533296e-07	मेरो विचारमा उनी	मेरो विचारमा उनी	-0.30131956934928894	-1.5554786008947037	-4.0002399092533296e-07
083c7181ca	/home/is/r-ghimire/speechain/datasets/slr54nepaliasr/data/wav16000/test/45ef4/083c7181ca.wav	जसमा वुड्सले अपराधको	जसमा वुड्सले अपरा	जसमा वुड्सले अपरा	-0.29561349749565125	-2.345314449734158	-9.90750347935116e-08	जसमा वुड्सले अपरा	जसमा वुड्सले अपरा	-0.25885385274887085	-2.345314449734158	-9.90750347935116e-08
0840ba66bf	/home/is/r-ghimire/speechain/datasets/slr54nepaliasr/data/wav16000/test/daa0a/0840ba66bf.wav	अधिन छैनन्	अधीन छैनन्	अधीन छैनन्	-0.32249680161476135	-2.302790555087003	-1.6102942688369445e-07	अधीन छैनन्	अधीन छैनन्	-0.2985690236091614	-2.302790555087003	-1.6102942688369445e-07
0841fb1d03	/home/is/r-ghimire/speechain/datasets/slr54nepaliasr/data/wav16000/test/970ca/0841fb1d03.wav	रासायनिक इकाइहरू पाइन्छ	रासायनिक इकाइहरू पाइन्छ	रासायनिक इकाइहरू पाइन्छ	-0.30100613832473755	-2.131277084350586	-5.315336674508823e-08	रासायनिक इकाइहरू पाइन्छ	रासायनिक इकाइहरू पाइन्छ	-0.27569863200187683	-2.131277084350586	-5.315336674508823e-08
0848cdece6	/home/is/r-ghimire/speechain/datasets/slr54nepaliasr/data/wav16000/test/ea935/0848cdece6.wav	इलम सुरु भयो	इलम सुरु भयो	इलम सुरु भयो	-0.32956457138061523	-2.406169891357422	-1.2409999236786882e-07	इलाम सुरु भयो	इलाम सुरु भयो	-0.33636778593063354	-1.9879895618983678	-1.1478009095558913e-07
084c502925	/home/is/r-ghimire/speechain/datasets/slr54nepaliasr/data/wav16000/test/e455a/084c502925.wav	उत्पादन गर्न चाहन्थे	उत्पादन गर्न च	उत्पादन गर्न च	-0.2856580913066864	-1.825414276123047	-2.2263314652567107e-05	उत्पादन गर्न च	उत्पादन गर्न च	-0.2614825367927551	-1.825414276123047	-2.2263314652567107e-05
0850fd08bb	/home/is/r-ghimire/speechain/datasets/slr54nepaliasr/data/wav16000/test/6a6e5/0850fd08bb.wav	यहाँ रमाउनु हुने छ	यहाँ रमाउनुहुने छ	यहाँ रमाउनुहुने छ	-0.32652926445007324	-1.7283686531914606	-1.6170466740926106	यहाँ रमाउनुहुनेछ	यहाँ रमाउनुहुनेछ	-0.35273706912994385	-1.7918453216552734	-1.7121670666862936
085588102d	/home/is/r-ghimire/speechain/datasets/slr54nepaliasr/data/wav16000/test/daa0a/085588102d.wav	तथ्याङ्क आदानप्रदान गर्ने	तथ्याङ्क आदामप्रदान 	तथ्याङ्क आदामप्रदान 	-0.34856486320495605	-2.6316470191592263	-0.0307376157669794	तथ्याङ्क आदामप्रदान 	तथ्याङ्क आदामप्रदान 	-0.2740028500556946	-2.6316470191592263	-0.0307376157669794
085905742c	/home/is/r-ghimire/speechain/datasets/slr54nepaliasr/data/wav16000/test/0e059/085905742c.wav	काभ्रे जिल्ला पर्दछ	काभ्रे जिल्ला	काभ्रे जिल्ला	-0.2866644263267517	-1.8155107498168945	-5.2978500824402934e-08	काभ्रे जिल्ला	काभ्रे जिल्ला	-0.26601728796958923	-1.8155107498168945	-5.2978500824402934e-08
085c34a51b	/home/is/r-ghimire/speechain/datasets/slr54nepaliasr/data/wav16000/test/7b45e/085c34a51b.wav	धर्मको पनि धेरै	धर्मक	धर्मक	-0.285302072763443	-2.5824106534322104	-2.4446611253855128e-08	धर्मक	धर्मक	-0.2591201663017273	-2.5824106534322104	-2.4446611253855128e-08
086400b2e4	/home/is/r-ghimire/speechain/datasets/slr54nepaliasr/data/wav16000/test/57551/086400b2e4.wav	कुनै प्रज्वलनशील	कुनै प्रज	कुनै प्रज	-0.2883296608924866	-2.0745569229125977	-1.170471568912035e-06	कुनै प्रज	कुनै प्रज	-0.25672662258148193	-2.0745569229125977	-1.170471568912035e-06
086743f6b6	/home/is/r-ghimire/speechain/datasets/slr54nepaliasr/data/wav16000/test/49220/086743f6b6.wav	भन्ने कुरा थाहा	भन्ने कुरा थाहा	भन्ने कुरा थाहा	-0.3117845356464386	-1.499151349067688	-9.40403737104134e-08	भन्ने कुरा थाहा	भन्ने कुरा थाहा	-0.29783785343170166	-1.499151349067688	-9.40403737104134e-08
08698770dc	/home/is/r-ghimire/speechain/datasets/slr54nepaliasr/data/wav16000/test/5a5e7/08698770dc.wav	निर्वाचित भएमा पनि	निर्वाचित भएमा पनि	निर्वाचित भएमा पनि	-0.3037804961204529	-1.3360125893040706	-4.973069161152173e-08	निर्वाचित भएमा पनि	निर्वाचित भएमा पनि	-0.2714785039424896	-1.3360125893040706	-4.973069161152173e-08
0874f94939	/home/is/r-ghimire/speechain/datasets/slr54nepaliasr/data/wav16000/test/0cc60/0874f94939.wav	जीवन रक्षा	जीवन रक्षा	जीवन रक्षा	-0.31266409158706665	-1.8716101212935015	-2.650148293138376e-07	जीवन रक्छ	जीवन रक्छ	-0.4925766587257385	-2.5715946197509765	-2.8697979814751307e-07
08752a2914	/home/is/r-ghimire/speechain/datasets/slr54nepaliasr/data/wav16000/test/c7d7d/08752a2914.wav	जाँच गराए	जाँच गराए	जाँच गराए	-0.31225353479385376	-2.4267822265625	-2.3475833892822267	जाँच गराए	जाँच गराए	-0.3462405204772949	-2.4267822265625	-2.3475833892822267
087c7f8527	/home/is/r-ghimire/speechain/datasets/slr54nepaliasr/data/wav16000/test/0b9e3/087c7f8527.wav	नयाँ कविता छैन	नयाँ कविता छैन	नयाँ कविता छैन	-0.3068835139274597	-1.9224225362141927	-1.7423507690429687	नयाँ कविता छैन	नयाँ कविता छैन	-0.299439400434494	-1.9224225362141927	-1.7423507690429687
0881d6ee00	/home/is/r-ghimire/speechain/datasets/slr54nepaliasr/data/wav16000/test/6fcfb/0881d6ee00.wav	धर्मको प्रकार पालन गरे	धर्मको प्रकार पाल	धर्मको प्रकार पाल	-0.29505324363708496	-1.587840610080295	-1.5648735838011717e-08	धर्मको प्रकार पाल	धर्मको प्रकार पाल	-0.2628433406352997	-1.587840610080295	-1.5648735838011717e-08
088341550c	/home/is/r-ghimire/speechain/datasets/slr54nepaliasr/data/wav16000/test/e4596/088341550c.wav	साहित्यिक रचना भण्डारमा	साहित्यिक रचनाव भण	साहित्यिक रचनाव भण	-0.2899996340274811	-2.5010863856265417	-7.450445608762828e-07	साहित्यिक रचना भण्	साहित्यिक रचना भण्	-0.25653979182243347	-2.1555240028782894	-1.015624787358224e-06
08888d2270	/home/is/r-ghimire/speechain/datasets/slr54nepaliasr/data/wav16000/test/8a71e/08888d2270.wav	क्षेत्रफल उल्लेख भएका	क्षेत्रफल उल्लेख भएका	क्षेत्रफल उल्लेख भएका	-0.3014286458492279	-1.5455197420987217	-3.9481571951166024e-09	क्षेत्रफल उल्लेख भएका	क्षेत्रफल उल्लेख भएका	-0.2524205148220062	-1.5455197420987217	-3.9481571951166024e-09
0892204454	/home/is/r-ghimire/speechain/datasets/slr54nepaliasr/data/wav16000/test/cbbed/0892204454.wav	कोसिस कहिल्यै गरिन	कोसिस कहिल्यै गरिन	कोसिस कहिल्यै गरिन	-0.3124941289424896	-2.328794378983347	-6.197358976877647e-09	कोसिस कहिल्यै गरिन	कोसिस कहिल्यै गरिन	-0.3068332076072693	-2.328794378983347	-6.197358976877647e-09
0894b9be09	/home/is/r-ghimire/speechain/datasets/slr54nepaliasr/data/wav16000/test/f65eb/0894b9be09.wav	पूर्व नीतिलाई अब	पूर्व नीतिलाई अब	पूर्व नीतिलाई अब	-0.3059312403202057	-2.038780885584214	-5.223785806532867e-08	पूर्व नीतिलाई अब	पूर्व नीतिलाई अब	-0.2659302353858948	-2.038780885584214	-5.223785806532867e-08
0894f26fc4	/home/is/r-ghimire/speechain/datasets/slr54nepaliasr/data/wav16000/test/e4714/0894f26fc4.wav	उनको आमा फिलिपिन्सकी	उनको आमा फिलिपिन्सकी	उनको आमा फिलिपिन्सकी	-0.3061864972114563	-2.3096331641787575	-5.822556929723803e-08	उनको आमा फिलिपिन्सकी	उनको आमा फिलिपिन्सकी	-0.29118528962135315	-2.3096331641787575	-5.822556929723803e-08
0896b6ebf2	/home/is/r-ghimire/speechain/datasets/slr54nepaliasr/data/wav16000/test/d8cef/0896b6ebf2.wav	सफा मौसममा यहाँबाट	सफा मौसममा यहाँबाट	सफा मौसममा यहाँबाट	-0.3111881911754608	-2.3028674878572164	-1.7428612960012335	सफा मौसममा यहाँबाट	सफा मौसममा यहाँबाट	-0.28642749786376953	-2.3028674878572164	-1.7428612960012335
08977dbc92	/home/is/r-ghimire/speechain/datasets/slr54nepaliasr/data/wav16000/test/bda65/08977dbc92.wav	अन्तर्राष्ट्रिय आवागमन परिव्रजन	अन्तर्राष्ट्रिय आवाग	अन्तर्राष्ट्रिय आवाग	-0.2830008864402771	-1.3314747583298456	-1.8493708575122235e-07	अन्तर्राष्ट्रिय आवाग	अन्तर्राष्ट्रिय आवाग	-0.2523019015789032	-1.3314747583298456	-1.8493708575122235e-07
08a1b2b4b9	/home/is/r-ghimire/speechain/datasets/slr54nepaliasr/data/wav16000/test/ceb25/08a1b2b4b9.wav	र कोदो हो	र कोदो हो	र कोदो हो	-0.32740962505340576	-2.767145538330078	-1.3374722129810834e-07	र कोदो हो	र कोदो हो	-0.32768353819847107	-2.767145538330078	-1.3374722129810834e-07
08a3577831	/home/is/r-ghimire/speechain/datasets/slr54nepaliasr/data/wav16000/test/af6bd/08a3577831.wav	नोभेम्बर भित्रमा	नगर भित्रम	नगर भित्रम	-0.34507137537002563	-2.3150721463290127	-1.8409051253084643e-07	नयो हर भित	नयो हर भित	-0.48601096868515015	-3.0819178494540127	-5.060346666141413e-07
08aa9d4ff7	/home/is/r-ghimire/speechain/datasets/slr54nepaliasr/data/wav16000/test/3534f/08aa9d4ff7.wav	दाइले स्विट्जरल्यान्डमा	दाइले स्विजरल्यान्डमा	दाइले स्विजरल्यान्डमा	-0.3284258246421814	-2.479954806241122	-7.93283964578057e-08	दाइले स्विजरल्याण्डमा	दाइले स्विजरल्याण्डमा	-0.31824806332588196	-2.5167496421120386	-7.688808264819355e-08
08accb9d9a	/home/is/r-ghimire/speechain/datasets/slr54nepaliasr/data/wav16000/test/e4596/08accb9d9a.wav	पत्थरको तुलनामा	पत्थरको त	पत्थरको त	-0.28537121415138245	-2.8588918685913085	-0.00010255775414407254	पत्थरको त	पत्थरको त	-0.2582322061061859	-2.8588918685913085	-0.00010255775414407254
08ae5ef54f	/home/is/r-ghimire/speechain/datasets/slr54nepaliasr/data/wav16000/test/693c5/08ae5ef54f.wav	दिमेश कर्माचार्य बताउँछन्	दिमेश कर्माचार्य बत	दिमेश कर्माचार्य बत	-0.3106917440891266	-2.676188278198242	-5.204951321502449e-07	दिमेश कर्माचार्य बत	दिमेश कर्माचार्य बत	-0.30449017882347107	-2.676188278198242	-5.204951321502449e-07
08af4d1034	/home/is/r-ghimire/speechain/datasets/slr54nepaliasr/data/wav16000/test/dbd12/08af4d1034.wav	उनलाई दिल्ली राज्यको	उनलाई दिल्ली र	उनलाई दिल्ली र	-0.28730863332748413	-1.6907877604166666	-1.6123851764859864e-08	उनलाई दिल्ली र	उनलाई दिल्ली र	-0.26802897453308105	-1.6907877604166666	-1.6123851764859864e-08
08b4c9e0c2	/home/is/r-ghimire/speechain/datasets/slr54nepaliasr/data/wav16000/test/47075/08b4c9e0c2.wav	तथ्याङ्क छ जुन	तथ्याङ्क छ जुन	तथ्याङ्क छ जुन	-0.37813201546669006	-2.341330718994141	-1.993700758854781e-07	तथ्याङ्क छ जुन	तथ्याङ्क छ जुन	-0.29947367310523987	-2.341330718994141	-1.993700758854781e-07
08bf062dec	/home/is/r-ghimire/speechain/datasets/slr54nepaliasr/data/wav16000/test/22333/08bf062dec.wav	स्कुले बालबालिकाहरू	स्कुले बालबालिकाहरू	स्कुले बालबालिकाहरू	-0.3129405081272125	-2.140118408203125	-5.669721190315613e-08	स्कुले बालबालिकाहरू	स्कुले बालबालिकाहरू	-0.2869836091995239	-2.140118408203125	-5.669721190315613e-08
08c30ebe6d	/home/is/r-ghimire/speechain/datasets/slr54nepaliasr/data/wav16000/test/90bdd/08c30ebe6d.wav	कुनै पनि लेख	कुनै पनि लेख	कुनै पनि लेख	-0.31355077028274536	-1.3791436415452223	-6.090356936720826e-08	कुनै पनि लेख	कुनै पनि लेख	-0.29390376806259155	-1.3791436415452223	-6.090356936720826e-08
08c98d8c2f	/home/is/r-ghimire/speechain/datasets/slr54nepaliasr/data/wav16000/test/2001f/08c98d8c2f.wav	यस घटनामा मारिएकाबाहेक	यस घटनामा मारिएकाबाहेक	यस घटनामा मारिएकाबाहेक	-0.29796743392944336	-2.4784945612368374	-1.3987256629068566e-05	यस घटनामा मारिएकाबाहेक	यस घटनामा मारिएकाबाहेक	-0.2845662832260132	-2.4784945612368374	-1.3987256629068566e-05
08ce1cee37	/home/is/r-ghimire/speechain/datasets/slr54nepaliasr/data/wav16000/test/551a5/08ce1cee37.wav	मुनिलाई दिव्य ज्ञानबाट	मुनिलाई दिव्य ज्ञानबाट	मुनिलाई दिव्य ज्ञानबाट	-0.31431105732917786	-2.029189400050951	-2.3037678740523837e-07	मुनिलाई दिव्य ज्ञानबाट	मुनिलाई दिव्य ज्ञानबाट	-0.28511694073677063	-2.029189400050951	-2.3037678740523837e-07
08d8d1dfd3	/home/is/r-ghimire/speechain/datasets/slr54nepaliasr/data/wav16000/test/15b60/08d8d1dfd3.wav	अस्ट्रेलियाको नीतिलाई	अस्ट्रेलियाको न	अस्ट्रेलियाको न	-0.29154378175735474	-1.4568040370941162	-2.2579980907266872e-07	अस्ट्रेलियाको न	अस्ट्रेलियाको न	-0.2824331820011139	-1.4568040370941162	-2.2579980907266872e-07
08db38b1f0	/home/is/r-ghimire/speechain/datasets/slr54nepaliasr/data/wav16000/test/87f8b/08db38b1f0.wav	कामी थामी दमाईं	कामी थामी दमाई	कामी थामी दमाई	-0.3232864439487457	-2.5535041809082033	-8.320820749455985e-08	कामी थामी दमाई	कामी थामी दमाई	-0.3237776756286621	-2.5535041809082033	-8.320820749455985e-08
08dc04c97a	/home/is/r-ghimire/speechain/datasets/slr54nepaliasr/data/wav16000/test/a893c/08dc04c97a.wav	प्रतिस्पर्धाले धेरै विकास	प्रतिस्पर्धाले	प्रतिस्पर्धाले	-0.29070258140563965	-2.142859141031901	-6.859705384461752e-08	प्रतिस्पर्धाले	प्रतिस्पर्धाले	-0.23841509222984314	-2.142859141031901	-6.859705384461752e-08
08de58797e	/home/is/r-ghimire/speechain/datasets/slr54nepaliasr/data/wav16000/test/ef9b4/08de58797e.wav	क्षेत्रमा यो जिल्ला	क्षेत्रमा यो जिल्ला	क्षेत्रमा यो जिल्ला	-0.3068978190422058	-1.0132070541381837	-1.3549866650919284e-08	क्षेत्रमा यो जिल्ला	क्षेत्रमा यो जिल्ला	-0.26234278082847595	-1.0132070541381837	-1.3549866650919284e-08
08e827d7ba	/home/is/r-ghimire/speechain/datasets/slr54nepaliasr/data/wav16000/test/73668/08e827d7ba.wav	त्यसपछि थोरै थोरै	त्यसपछि थोरै थोरै	त्यसपछि थोरै थोरै	-0.29479557275772095	-2.2109578450520835	-2.2596678819455621e-07	त्यसपछि थोरै थोरै	त्यसपछि थोरै थोरै	-0.29633671045303345	-2.2109578450520835	-2.2596678819455621e-07
08ecdb3cde	/home/is/r-ghimire/speechain/datasets/slr54nepaliasr/data/wav16000/test/1b37d/08ecdb3cde.wav	म उसलाई चिन्दथेँ	म उसलाई चिन्दथे	म उसलाई चिन्दथे	-0.31497320532798767	-2.2687385082244873	-3.1593191351930727e-07	म उसलाई चिन्दथे	म उसलाई चिन्दथे	-0.2955473065376282	-2.2687385082244873	-3.1593191351930727e-07
08f0ef8399	/home/is/r-ghimire/speechain/datasets/slr54nepaliasr/data/wav16000/test/a1c52/08f0ef8399.wav	वैज्ञानिक वर्गीकरण	वैज्ञानिक	वैज्ञानिक	-0.27016007900238037	-2.021099090576172	-3.4370131629657406e-09	वैज्ञानिक	वैज्ञानिक	-0.24666039645671844	-2.021099090576172	-3.4370131629657406e-09
08f8a24f67	/home/is/r-ghimire/speechain/datasets/slr54nepaliasr/data/wav16000/test/34766/08f8a24f67.wav	हिजोभन्दा आज	हिजोभन्दा आज	हिजोभन्दा आज	-0.344029039144516	-2.660723172701322	-2.135846863473909e-06	हिजो भन्दा आज	हिजो भन्दा आज	-0.3112112879753113	-2.3237806047712053	-1.1425819528605125e-06
08f93267be	/home/is/r-ghimire/speechain/datasets/slr54nepaliasr/data/wav16000/test/14763/08f93267be.wav	धनुषा जिल्लाको एक	धनुषा जिल्लाको एक	धनुषा जिल्लाको एक	-0.3050920069217682	-1.670016924540202	-1.0224124954068733e-08	धनुषा जिल्लाको एक	धनुषा जिल्लाको एक	-0.29806646704673767	-1.670016924540202	-1.0224124954068733e-08
08fa47c4d8	/home/is/r-ghimire/speechain/datasets/slr54nepaliasr/data/wav16000/test/95358/08fa47c4d8.wav	गर्मफल भोग गराउने	घरमफल भोग गराउने	घरमफल भोग गराउने	-0.4129122793674469	-2.442674300249885	-9.099103943513268e-08	घरमा फल भोग गराउने	घरमा फल भोग गराउने	-0.39347565174102783	-2.0459671020507812	-7.57799242771733e-08
08fddc6161	/home/is/r-ghimire/speechain/datasets/slr54nepaliasr/data/wav16000/test/6fcfb/08fddc6161.wav	विविध अपशकुनका बाबजुद	विविध अपसक उनका बावज	विविध अपसक उनका बावज	-0.34816330671310425	-2.7850125630696616	-9.900922409975638e-09	विविध अपसक उनका बावज	विविध अपसक उनका बावज	-0.3397311568260193	-2.7850125630696616	-9.900922409975638e-09
09027d5601	/home/is/r-ghimire/speechain/datasets/slr54nepaliasr/data/wav16000/test/363a2/09027d5601.wav	पर्दा समय मान्छेहरू	पर्दा समय मान्छेहरू	पर्दा समय मान्छेहरू	-0.3118899464607239	-1.6617488861083984	-9.824794489077248e-09	पर्दा समय मान्छेहरू	पर्दा समय मान्छेहरू	-0.27545392513275146	-1.6617488861083984	-9.824794489077248e-09
0903a58fa5	/home/is/r-ghimire/speechain/datasets/slr54nepaliasr/data/wav16000/test/1b37d/0903a58fa5.wav	नेपालमा धेरै महिलाको	नेपालमा धेरै महिलाको	नेपालमा धेरै महिलाको	-0.2904417812824249	-1.1829417092459542	-3.7373026662819376e-08	नेपालमा धेरै महिलाको	नेपालमा धेरै महिलाको	-0.2673830986022949	-1.1829417092459542	-3.7373026662819376e-08
0904a9114e	/home/is/r-ghimire/speechain/datasets/slr54nepaliasr/data/wav16000/test/12e6a/0904a9114e.wav	महत्त्व हुन्छ	महत्त हुन्छ	महत्त हुन्छ	-0.3626711964607239	-1.6229146321614583	-2.9787306251212914e-07	महत्त हुन्छ	महत्त हुन्छ	-0.34850114583969116	-1.6229146321614583	-2.9787306251212914e-07
0906780ca0	/home/is/r-ghimire/speechain/datasets/slr54nepaliasr/data/wav16000/test/18008/0906780ca0.wav	संज्ञाको रूपमा गरिन्छ	संज्ञाको रूपमा गरिन	संज्ञाको रूपमा गरिन	-0.2890978753566742	-1.7624982833862304	-7.183735988292028e-08	संज्ञाको रूपमा गरिन	संज्ञाको रूपमा गरिन	-0.26320382952690125	-1.7624982833862304	-7.183735988292028e-08
0908a5312c	/home/is/r-ghimire/speechain/datasets/slr54nepaliasr/data/wav16000/test/1df77/0908a5312c.wav	भक्तजन आफैँले मन्दिरभित्र	भक्तजन आफैँले मन्दिरभित्र	भक्तजन आफैँले मन्दिरभित्र	-0.3073526918888092	-2.1017093658447266	-1.0119234231802134	भक्तजन आफैँले मन्दिरभित्र	भक्तजन आफैँले मन्दिरभित्र	-0.2638707160949707	-2.1017093658447266	-1.0119234231802134
0914496857	/home/is/r-ghimire/speechain/datasets/slr54nepaliasr/data/wav16000/test/a3872/0914496857.wav	मानिन्छ जब यसलाई अग्रबाण	मानिन्छ जब यसलाई अग्र	मानिन्छ जब यसलाई अग्र	-0.29078105092048645	-1.9003304568204014	-2.3208711106483612e-07	मानिन्छ जब यसलाई अग्र	मानिन्छ जब यसलाई अग्र	-0.26633694767951965	-1.9003304568204014	-2.3208711106483612e-07
09172a46f1	/home/is/r-ghimire/speechain/datasets/slr54nepaliasr/data/wav16000/test/02e40/09172a46f1.wav	बोलाउने गर्थे	बोलाउने गर्थे	बोलाउने गर्थे	-0.31394755840301514	-1.8519799368722099	-1.1650895917877538e-07	बोलाउने गर्थे	बोलाउने गर्थे	-0.29979896545410156	-1.8519799368722099	-1.1650895917877538e-07
0921a6ad60	/home/is/r-ghimire/speechain/datasets/slr54nepaliasr/data/wav16000/test/3ff16/0921a6ad60.wav	अनुभव गरेको छु	अनुभव गरेको	अनुभव गरेको	-0.29082342982292175	-1.9687344233194988	-1.1735479195825367e-07	अनुभव गरेको	अनुभव गरेको	-0.27454090118408203	-1.9687344233194988	-1.1735479195825367e-07
0921b9c616	/home/is/r-ghimire/speechain/datasets/slr54nepaliasr/data/wav16000/test/b8154/0921b9c616.wav	मुख्य पृष्ठमा चित्र	मुख्य पृष्ठमा चित्	मुख्य पृष्ठमा चित्	-0.28090694546699524	-1.6379304183156866	-2.8328017115678735e-07	मुख्य पृष्ठमा चित्	मुख्य पृष्ठमा चित्	-0.2457195371389389	-1.6379304183156866	-2.8328017115678735e-07
09355d53df	/home/is/r-ghimire/speechain/datasets/slr54nepaliasr/data/wav16000/test/e349f/09355d53df.wav	पाइलाहरू चालिए	पाइलाहरू चालिए	पाइलाहरू चालिए	-0.3180093765258789	-2.087652587890625	-3.172929344448979e-08	पाइलाहरू चालिए	पाइलाहरू चालिए	-0.2880001664161682	-2.087652587890625	-3.172929344448979e-08
09386732b9	/home/is/r-ghimire/speechain/datasets/slr54nepaliasr/data/wav16000/test/c4565/09386732b9.wav	भिन्न प्रकृतिका मतदाता	भिन्न प्रकृतिका मतदाता	भिन्न प्रकृतिका मतदाता	-0.30201247334480286	-1.9342125602390454	-1.952634113916682e-07	भिन्न प्रकृतिका मतदाता	भिन्न प्रकृतिका मतदाता	-0.2651189863681793	-1.9342125602390454	-1.952634113916682e-07
093aedaa28	/home/is/r-ghimire/speechain/datasets/slr54nepaliasr/data/wav16000/test/6b883/093aedaa28.wav	उम्लन थाल्छन्	उम्लन थाल्छन्	उम्लन थाल्छन्	-0.30980902910232544	-2.2659621919904436	-4.886617586765039e-08	उम्लन थाल्छन्	उम्लन थाल्छन्	-0.2940917909145355	-2.2659621919904436	-4.886617586765039e-08
093cc4c6a0	/home/is/r-ghimire/speechain/datasets/slr54nepaliasr/data/wav16000/test/f65eb/093cc4c6a0.wav	सिमाना हुन पुग्यो	सिमाना हुन पुग्य	सिमाना हुन पुग्य	-0.29453644156455994	-2.0206743128159466	-4.07764793956577e-08	सिमाना हुन पुग्य	सिमाना हुन पुग्य	-0.2754313349723816	-2.0206743128159466	-4.07764793956577e-08
093eea7e9e	/home/is/r-ghimire/speechain/datasets/slr54nepaliasr/data/wav16000/test/3e9ed/093eea7e9e.wav	न्युटन ग्यालोलियो कोपरनिकस	न्युटन ग्यारिलियोको पनिक	न्युटन ग्यारिलियोगको पनि	-0.3932570517063141	-2.1767718505859377	-5.721304205508204e-08	न्युटन ग्यारिलियरको उपनि	न्युटन ग्यारिलियरको उपनि	-0.3728949725627899	-2.433885345458984	-7.588620974274818e-08
0944cd5858	/home/is/r-ghimire/speechain/datasets/slr54nepaliasr/data/wav16000/test/d4824/0944cd5858.wav	भारतमा सबैभन्दा सस्तो	भारतमा सबैभन्दा सस्तो	भारतमा सबैभन्दा सस्तो	-0.32536205649375916	-1.4614923650568181	-5.556740192828742e-07	भारतमा सबैभन्दा सस्तो	भारतमा सबैभन्दा सस्तो	-0.27097249031066895	-1.4614923650568181	-5.556740192828742e-07
09459a1a2e	/home/is/r-ghimire/speechain/datasets/slr54nepaliasr/data/wav16000/test/79c24/09459a1a2e.wav	भण्डारण गर्ने गर्दछ	भण्डारण गर्ने गर्दछ	भण्डारण गर्ने गर्दछ	-0.2999446392059326	-1.569552230834961	-7.097741217876319e-07	भण्डारण गर्ने गर्दछ	भण्डारण गर्ने गर्दछ	-0.2825426161289215	-1.569552230834961	-7.097741217876319e-07
0947c2d026	/home/is/r-ghimire/speechain/datasets/slr54nepaliasr/data/wav16000/test/20ebe/0947c2d026.wav	प्ले नियमका तहमा	प्ले नियमका तहमा	प्ले नियमका तहमा	-0.31286370754241943	-2.4510026819565716	-2.413895906690467e-08	प्ले नियमका तहमा	प्ले नियमका तहमा	-0.2883095443248749	-2.4510026819565716	-2.413895906690467e-08
094bf39b35	/home/is/r-ghimire/speechain/datasets/slr54nepaliasr/data/wav16000/test/363a2/094bf39b35.wav	रूडले प्रधानमन्त्रीका रूपमा	रूडले प्रधानमन्त्रीका रूपमा	रूडले प्रधानमन्त्रीका रूपमा	-0.314240962266922	-1.4937335423060827	-3.8506580527350054e-08	रूडले प्रधानमन्त्रीका रूपमा	रूडले प्रधानमन्त्रीका रूपमा	-0.25360676646232605	-1.4937335423060827	-3.8506580527350054e-08
094c2afc37	/home/is/r-ghimire/speechain/datasets/slr54nepaliasr/data/wav16000/test/ceb25/094c2afc37.wav	उपत्यकालगायत अन्य	उपत्यकालगायत अन्य	उपत्यकालगायत अन्य	-0.31054046750068665	-1.8023045857747395	-2.4601639678520667e-07	उपत्यकालगायत अन्य	उपत्यकालगायत अन्य	-0.2732108235359192	-1.8023045857747395	-2.4601639678520667e-07
094e8771a7	/home/is/r-ghimire/speechain/datasets/slr54nepaliasr/data/wav16000/test/88901/094e8771a7.wav	पाल्पा जिल्लामा विभिन्न	पाल्पा जिल्ला	पाल्पा जिल्ला	-0.2938067615032196	-1.637887409755162	-3.7009752824295514e-07	पाल्पा जिल्ला	पाल्पा जिल्ला	-0.27209609746932983	-1.637887409755162	-3.7009752824295514e-07
0950a56fbf	/home/is/r-ghimire/speechain/datasets/slr54nepaliasr/data/wav16000/test/0bb95/0950a56fbf.wav	समर ब्ल्यु च्याम्पेन्ज	समर्लो च्याम्पियन्स	समर्लो च्याम्पियन्स	-0.4290192723274231	-2.506285858154297	-2.954665205834317e-07	समरग्लो च्याम्पियन्स	समरग्लो च्याम्पियन्स	-0.41575026512145996	-2.737012953985305	-1.2081011932639826e-07
095458665a	/home/is/r-ghimire/speechain/datasets/slr54nepaliasr/data/wav16000/test/c4565/095458665a.wav	अध्ययन पुरा गरेका थिए	अध्ययन पुरा गरेका थिए	अध्ययन पुरा गरेका थिए	-0.32656729221343994	-1.3929243087768555	-7.54774046899084e-08	अध्ययन पुरा गरेका थिए	अध्ययन पुरा गरेका थिए	-0.29090768098831177	-1.3929243087768555	-7.54774046899084e-08
0954cb3e48	/home/is/r-ghimire/speechain/datasets/slr54nepaliasr/data/wav16000/test/14abf/0954cb3e48.wav	अर्जेन्टिनाको सोसाइटी अफ	अर्जेन्टिनियाको सोसाइ	अर्जेन्टिनियाको सोसाइ	-0.35143348574638367	-2.4077952991832388	-4.36050322605297e-06	अर्जेन्टिनियाको सोसाइ	अर्जेन्टिनियाको सोसाइ	-0.3089172840118408	-2.4077952991832388	-4.36050322605297e-06
095eb69258	/home/is/r-ghimire/speechain/datasets/slr54nepaliasr/data/wav16000/test/1f790/095eb69258.wav	अवकाश प्राप्त गर्नमा	अवकाश प्राप्त गर्नमा	अवकाश प्राप्त गर्नमा	-0.3411152958869934	-1.547547839936756	-7.647825094907256e-08	आवकाश प्राप्त गर्नमा	आवकाश प्राप्त गर्नमा	-0.31197354197502136	-1.6508216857910156	-1.666963845266201e-08
09608a650b	/home/is/r-ghimire/speechain/datasets/slr54nepaliasr/data/wav16000/test/056c7/09608a650b.wav	मुद्रा जनसङ्ख्या क्षेत्रफल	मुद्रा जनसङ्ख्या क्षेत्रफल	मुद्रा जनसङ्ख्या क्षेत्रफल	-0.30330830812454224	-1.657393561469184	-2.0342034716762742e-07	मुद्रा जनसङ्ख्या क्षेत्रफल	मुद्रा जनसङ्ख्या क्षेत्रफल	-0.27273064851760864	-1.657393561469184	-2.0342034716762742e-07
09660d88d2	/home/is/r-ghimire/speechain/datasets/slr54nepaliasr/data/wav16000/test/d863b/09660d88d2.wav	भौगोलिक तथा मौसमी	भौगोलिक तथा मौसमी	भौगोलिक तथा मौसमी	-0.2931707501411438	-2.4282828436957464	-2.263181057868577e-07	भौगोलिक तथा मौसमी	भौगोलिक तथा मौसमी	-0.265422523021698	-2.4282828436957464	-2.263181057868577e-07
096d2729c7	/home/is/r-ghimire/speechain/datasets/slr54nepaliasr/data/wav16000/test/d514c/096d2729c7.wav	श्रृङ्खलाको बीचमा दुईवटा	श्रृङ्खलाको बीचमा दु	श्रृङ्खलाको बीचमा दु	-0.2950866222381592	-2.42243648710705	-1.4849668202389564e-06	श्रृङ्खलाको बीचमा दु	श्रृङ्खलाको बीचमा दु	-0.2610481083393097	-2.42243648710705	-1.4849668202389564e-06
096e2e7cd2	/home/is/r-ghimire/speechain/datasets/slr54nepaliasr/data/wav16000/test/5297a/096e2e7cd2.wav	चिन्ता भै रहन्छ	चिन्ता भैरहन्छ	चिन्ता भैरहन्छ	-0.3777019679546356	-2.1133200327555337	-1.0020436699657391e-07	चिन्ता भै रहन्छ	चिन्ता भैरहन्छ	-0.35731810331344604	-2.1133200327555337	-1.0020436699657391e-07
096eb59aee	/home/is/r-ghimire/speechain/datasets/slr54nepaliasr/data/wav16000/test/68081/096eb59aee.wav	लेकमा धर्मशाला छ	लेकमा धर्मशाला छ	लेकमा धर्मशाला छ	-0.32737961411476135	-2.311458812040441	-7.77532959011082e-07	लेखमा धर्मशाला छ	लेखमा धर्मशाला छ	-0.297575443983078	-2.045618169447955	-7.783065645044724e-07
096fefcc27	/home/is/r-ghimire/speechain/datasets/slr54nepaliasr/data/wav16000/test/f07db/096fefcc27.wav	इस्लामको स्वर्ण युग	इस्लामको स्वर्ण युग	इस्लामको स्वर्ण युग	-0.3010389804840088	-2.0769889831542967	-1.0424305401102174e-07	इस्लामको स्वर्ण युग	इस्लामको स्वर्ण युग	-0.29244479537010193	-2.0769889831542967	-1.0424305401102174e-07
097b970d98	/home/is/r-ghimire/speechain/datasets/slr54nepaliasr/data/wav16000/test/f1193/097b970d98.wav	कला कृति	कलाकृति यहाँ	कलाकृति यहाँ	-0.33818915486335754	-2.0402790949894833	-2.371624286358173	कलाकृति	कलाकृति	-0.37335696816444397	-2.636814594268799	-2.6954996428685263e-05
0989f81f27	/home/is/r-ghimire/speechain/datasets/slr54nepaliasr/data/wav16000/test/1a5c1/0989f81f27.wav	सुनकोसी र रोशीखोलाको	सुनकोशी र रोशीखोलाको	सुनकोशी र रोशीखोलाको	-0.324268102645874	-2.570409138997396	-3.164641763457136e-08	सुनकोशी र रोशी खोलाको	सुनकोशी र रोशी खोलाको	-0.29789677262306213	-2.2775355252352627	-2.8480017859196363e-08
098acecf0f	/home/is/r-ghimire/speechain/datasets/slr54nepaliasr/data/wav16000/test/c7d7d/098acecf0f.wav	गर्नुभएकी भुजेल गरिब	गर्नुभएकी भुजेल ग	गर्नुभएकी भुजेल ग	-0.30045509338378906	-2.4841825697157116	-1.1635519412165094e-07	गर्नुभएकी भुजेल ग	गर्नुभएकी भुजेल ग	-0.2530888617038727	-2.4841825697157116	-1.1635519412165094e-07
098e68c737	/home/is/r-ghimire/speechain/datasets/slr54nepaliasr/data/wav16000/test/18008/098e68c737.wav	र फेरिसको पटकथालाई	र पेरिसको पटकथालाई	र पेरिसको पटकथालाई	-0.30936387181282043	-2.290783530787418	-6.543476908853719e-08	र पेरिसको पटकथालाई	र पेरिसको पटकथालाई	-0.2736046612262726	-2.290783530787418	-6.543476908853719e-08
09903b18b1	/home/is/r-ghimire/speechain/datasets/slr54nepaliasr/data/wav16000/test/aec4a/09903b18b1.wav	यस कार्यक्रममा यो	यस कार्यक्रममा यो	यस कार्यक्रममा यो	-0.3085591793060303	-1.268475850423177	-3.135672715062457e-07	यस कार्यक्रममा यो	यस कार्यक्रममा यो	-0.27651047706604004	-1.268475850423177	-3.135672715062457e-07
09929f0ec3	/home/is/r-ghimire/speechain/datasets/slr54nepaliasr/data/wav16000/test/1ff03/09929f0ec3.wav	सहायक कलाकारको फिल्मफेयर	सहायक कलाकारको फिल्मफेयर	सहायक कलाकारको फिल्मफेयर	-0.30585217475891113	-2.4944197082519532	-5.818654608447104e-07	सहायक कलाकारको फिल्मफेयर	सहायक कलाकारको फिल्मफेयर	-0.2809455692768097	-2.4944197082519532	-5.818654608447104e-07
0994b9645d	/home/is/r-ghimire/speechain/datasets/slr54nepaliasr/data/wav16000/test/aead3/0994b9645d.wav	रनमा अल आउट भयो	रनमा अलआउट भयो	रनमा अलआउट भयो	-0.3407158851623535	-3.0406392415364585	-3.677224109803016e-07	रनमा अलआउट भयो	रनमा अलआउट भयो	-0.27754029631614685	-3.0406392415364585	-3.677224109803016e-07
0994f8df6d	/home/is/r-ghimire/speechain/datasets/slr54nepaliasr/data/wav16000/test/15b60/0994f8df6d.wav	सम्बन्धित समाचार थोमस	सम्बन्धित समाचार थो	सम्बन्धित समाचार थो	-0.2898082137107849	-1.7434669494628907	-2.6407084078527988e-06	सम्बन्धित समाचार थो	सम्बन्धित समाचार थो	-0.26768311858177185	-1.7434669494628907	-2.6407084078527988e-06
099b455e99	/home/is/r-ghimire/speechain/datasets/slr54nepaliasr/data/wav16000/test/261b4/099b455e99.wav	अगुवा भएको बताएपछि	अगुवा भएको बताएपछि	अगुवा भएको बताएपछि	-0.43495309352874756	-1.888145045230263	-1.689460364822911e-07	अगुवा भएको बताएपछि	अगुवा भएको बताएपछि	-0.3182387053966522	-1.888145045230263	-1.689460364822911e-07
099bc114d6	/home/is/r-ghimire/speechain/datasets/slr54nepaliasr/data/wav16000/test/d0cd7/099bc114d6.wav	गराएको मानिन्छ	गराएको मानिन्छ	गराएको मानिन्छ	-0.3141354024410248	-1.2370861053466797	-1.3028232691188652e-07	गराएको मानिन्छ	गराएको मानिन्छ	-0.283365398645401	-1.2370861053466797	-1.3028232691188652e-07
099d6d0aa4	/home/is/r-ghimire/speechain/datasets/slr54nepaliasr/data/wav16000/test/ceb25/099d6d0aa4.wav	यी भिराला पाखाहरू	यी भिराला पाखा	यी भिराला पाखा	-0.28800299763679504	-2.537041727701823	-7.809384139060664e-07	यी भिराला पाखा	यी भिराला पाखा	-0.2774401009082794	-2.537041727701823	-7.809384139060664e-07
09aabdc8cc	/home/is/r-ghimire/speechain/datasets/slr54nepaliasr/data/wav16000/test/6f65d/09aabdc8cc.wav	खर्चिनुपरेको थियो	खर्चिनुपरेको थियो	खर्चिनुपरेको थियो	-0.32577627897262573	-1.772560225592719	-8.304311273200761e-08	खसिनुपरेको थियो	खसिनुपरेको थियो	-0.33908894658088684	-1.8424882888793945	-9.031637659973057e-08
09ab8e8851	/home/is/r-ghimire/speechain/datasets/slr54nepaliasr/data/wav16000/test/96ad5/09ab8e8851.wav	बहुदलीय संसदीय व्यवस्था	बहुदलीय संसदीय व्यव	बहुदलीय संसदीय व्यव	-0.31402644515037537	-2.784274864196777	-2.9772905918434844e-08	बहुदलीय संसदीय व्यव	बहुदलीय संसदीय व्यव	-0.2589992880821228	-2.784274864196777	-2.9772905918434844e-08
09afb51aed	/home/is/r-ghimire/speechain/datasets/slr54nepaliasr/data/wav16000/test/5bc3b/09afb51aed.wav	पनिर बडा महत्त्वपूर्ण	मनिर बडा महत्त्वपूर्ण	मनिर बडा महत्त्वपूर्ण	-0.33804625272750854	-2.1126278963955967	-4.514390639087651e-07	पनिर बडा महत्त्वपूर्ण	पनिर बडा महत्त्वपूर्ण	-0.28371578454971313	-2.10904277454723	-3.3950246605937456e-07
09b0d1b44f	/home/is/r-ghimire/speechain/datasets/slr54nepaliasr/data/wav16000/test/c652e/09b0d1b44f.wav	श्रृङ्खलाहरूमा अभिनय	श्रृङ्खलाहरूमा अभिन	श्रृङ्खलाहरूमा अभिन	-0.28756144642829895	-2.1335582733154297	-7.466968327207723e-07	श्रृङ्खलाहरूमा अभिन	श्रृङ्खलाहरूमा अभिन	-0.25448575615882874	-2.1335582733154297	-7.466968327207723e-07
09bca94d08	/home/is/r-ghimire/speechain/datasets/slr54nepaliasr/data/wav16000/test/8c66c/09bca94d08.wav	यसको निर्माण जापानको	यसको निर्माण जापानको	यसको निर्माण जापानको	-0.3128703832626343	-1.368806657337007	-3.02875529693362e-07	यसको निर्माण जापानको	यसको निर्माण जापानको	-0.29150158166885376	-1.368806657337007	-3.02875529693362e-07
09c78c479b	/home/is/r-ghimire/speechain/datasets/slr54nepaliasr/data/wav16000/test/9a075/09c78c479b.wav	त्यो भनेको	त्यो 	त्यो 	-0.28925615549087524	-2.384185473124186	-0.0036468077450990677	त्यो 	त्यो 	-0.2784231901168823	-2.384185473124186	-0.0036468077450990677
09ca38de70	/home/is/r-ghimire/speechain/datasets/slr54nepaliasr/data/wav16000/test/43655/09ca38de70.wav	दोस्रो दिनको पिण्डले	दोस्रो दिनको पिण्डले	दोस्रो दिनको पिण्डले	-0.2913748621940613	-1.823077610560826	-7.588254274672917e-08	दोस्रो दिनको पिण्डले	दोस्रो दिनको पिण्डले	-0.26606130599975586	-1.823077610560826	-7.588254274672917e-08
09cda7442d	/home/is/r-ghimire/speechain/datasets/slr54nepaliasr/data/wav16000/test/12694/09cda7442d.wav	तत्काल कायम रहेका	तत्काल कायम रहेका	तत्काल कायम रहेका	-0.31217995285987854	-1.8665828704833984	-1.459760596844717e-07	तत्काल कायम रहेका	तत्काल कायम रहेका	-0.28540751338005066	-1.8665828704833984	-1.459760596844717e-07
09db88b0ec	/home/is/r-ghimire/speechain/datasets/slr54nepaliasr/data/wav16000/test/12d45/09db88b0ec.wav	खास गरी शालिग्राम	खास गरी शालिग्राम	खास गरी शालिग्राम	-0.30467110872268677	-2.237495846218533	-9.5662528565299e-08	खास गरी शालिग्राम	खास गरी शालिग्राम	-0.3069303035736084	-2.237495846218533	-9.5662528565299e-08
09dc41e3fc	/home/is/r-ghimire/speechain/datasets/slr54nepaliasr/data/wav16000/test/125df/09dc41e3fc.wav	कवीरको रहस्यवादको	कवीरको रहस्यवादको	कवीरको रहस्यवादको	-0.30749332904815674	-2.7734048631456165	-9.390402529637262e-09	कवीरको रहस्यवादको	कवीरको रहस्यवादको	-0.2913990318775177	-2.7734048631456165	-9.390402529637262e-09
09e07e4183	/home/is/r-ghimire/speechain/datasets/slr54nepaliasr/data/wav16000/test/d514c/09e07e4183.wav	कुरारी फ्यालफ्याले नेपालमा	कुरारी फ्यालफ्याले नेपालमा	कुरारी फ्यालफ्याले नेपालमा	-0.29780060052871704	-2.0033303719979747	-1.922518532848227e-08	कुरारी फ्यालफ्याले नेपालमा	कुरारी फ्यालफ्याले नेपालमा	-0.27580347657203674	-2.0033303719979747	-1.922518532848227e-08
09e5b6241d	/home/is/r-ghimire/speechain/datasets/slr54nepaliasr/data/wav16000/test/41b2c/09e5b6241d.wav	मिटरसम्म रहेको छ	मिटरसम्म रहेको छ	मिटरसम्म रहेको छ	-0.3100770115852356	-1.5891988417681526	-2.2002656324355698e-07	मिटरसम्म रहेको छ	मिटरसम्म रहेको छ	-0.2800728976726532	-1.5891988417681526	-2.2002656324355698e-07
09e672af7e	/home/is/r-ghimire/speechain/datasets/slr54nepaliasr/data/wav16000/test/12e6a/09e672af7e.wav	अपेक्षा अनुसारको काम	अपेक्षा अनुसारको क	अपेक्षा अनुसारको क	-0.2932130992412567	-1.9054569445158307	-4.4165679259764916e-06	अपेक्षा अनुसारको क	अपेक्षा अनुसारको क	-0.26030614972114563	-1.9054569445158307	-4.4165679259764916e-06
09eabcc2c2	/home/is/r-ghimire/speechain/datasets/slr54nepaliasr/data/wav16000/test/ba807/09eabcc2c2.wav	उचाइमा रहेको छ	उचाइमा रहेक	उचाइमा रहेक	-0.2918008267879486	-2.2695953051249185	-2.8865533370966052e-08	उचाइमा रहेक	उचाइमा रहेक	-0.2692908048629761	-2.2695953051249185	-2.8865533370966052e-08
09eb0749d3	/home/is/r-ghimire/speechain/datasets/slr54nepaliasr/data/wav16000/test/1654e/09eb0749d3.wav	अर्काले गलत भने	अर्काले गलत भने	अर्काले गलत भने	-0.31903892755508423	-2.105839252471924	-9.904476883093594e-08	अर्काले गलत भने	अर्काले गलत भने	-0.2743908166885376	-2.105839252471924	-9.904476883093594e-08
09ebe0e96b	/home/is/r-ghimire/speechain/datasets/slr54nepaliasr/data/wav16000/test/3999a/09ebe0e96b.wav	पढाइ प्रतिको उहाँको	पढाइ प्रतिको 	पढाइ प्रतिको 	-0.288653165102005	-2.1472394125802174	-0.0009575577319732734	पढाइ प्रतिको 	पढाइ प्रतिको 	-0.2571735680103302	-2.1472394125802174	-0.0009575577319732734
09edfe2a68	/home/is/r-ghimire/speechain/datasets/slr54nepaliasr/data/wav16000/test/be2ee/09edfe2a68.wav	पहिलो छोरा जन्माए	पहिलो छोरा जन्मा	पहिलो छोरा जन्मा	-0.29652461409568787	-1.6619930267333984	-4.2556952367329575e-08	पहिलो छोरा जन्मा	पहिलो छोरा जन्मा	-0.2896544635295868	-1.6619930267333984	-4.2556952367329575e-08
09f66755be	/home/is/r-ghimire/speechain/datasets/slr54nepaliasr/data/wav16000/test/4b59a/09f66755be.wav	राखेर विरोध	राखेर वि	राखेर वि	-0.2888028621673584	-2.3873494466145835	-2.75005630909517e-07	राखेर वि	राखेर वि	-0.28172722458839417	-2.3873494466145835	-2.75005630909517e-07
09f8cf4974	/home/is/r-ghimire/speechain/datasets/slr54nepaliasr/data/wav16000/test/6a6d1/09f8cf4974.wav	पूर्व सुरु हुन्छ	पूर्व सुरु हुन्छ	पूर्व सुरु हुन्छ	-0.31246426701545715	-1.2604899686925553	-1.4042559742473019e-08	पूर्व सुरु हुन्छ	पूर्व सुरु हुन्छ	-0.2825000286102295	-1.2604899686925553	-1.4042559742473019e-08
09fd3a5796	/home/is/r-ghimire/speechain/datasets/slr54nepaliasr/data/wav16000/test/ece77/09fd3a5796.wav	स्नान गरेर बस्नेले	स्नान गरेर बस्न	स्नान गरेर बस्न	-0.29597169160842896	-1.886439323425293	-7.905520504891683e-08	स्नान गरेर बस्न	स्नान गरेर बस्न	-0.29098185896873474	-1.886439323425293	-7.905520504891683e-08
0a041c0406	/home/is/r-ghimire/speechain/datasets/slr54nepaliasr/data/wav16000/test/09da0/0a041c0406.wav	सूर्य उपासनासँग सम्बन्धित	सूर्य उपासनासँग सम्बन्धित	सूर्य उपासनासँग सम्बन्धित	-0.29754602909088135	-1.6939283517690806	-2.1260126022053345e-07	सूर्य उपासनासँग सम्बन्धित	सूर्य उपासनासँग सम्बन्धित	-0.26688018441200256	-1.6939283517690806	-2.1260126022053345e-07
0a05e50d04	/home/is/r-ghimire/speechain/datasets/slr54nepaliasr/data/wav16000/test/1ad64/0a05e50d04.wav	आरएक्सटीई एक लङ	आरेक्स्टि एक्लब	आरेक्स्टि एक्लब	-0.4869871735572815	-3.3851518630981445	-5.4421736450649405e-08	आरेक्स्टी एक्लब	आरेक्स्टी एक्लब	-0.4147905111312866	-3.2620913982391357	-6.71217819103731e-08
0a0e3d462f	/home/is/r-ghimire/speechain/datasets/slr54nepaliasr/data/wav16000/test/b1066/0a0e3d462f.wav	कमजोर फसलको	कमजोर फसलको	कमजोर फसलको	-0.3334868848323822	-2.960977872212728	-1.9928161047270503e-08	कमजोर फसलको	कमजोर फसलको	-0.30693569779396057	-2.960977872212728	-1.9928161047270503e-08
0a0e9dccdc	/home/is/r-ghimire/speechain/datasets/slr54nepaliasr/data/wav16000/test/1b29c/0a0e9dccdc.wav	दिलाएका थिए	दिलाएका थिए	दिलाएका थिए	-0.32654237747192383	-1.788106123606364	-9.083090427945233e-08	दिलाएका थिए	दिलाएका थिए	-0.3407193124294281	-1.788106123606364	-9.083090427945233e-08
0a1317450a	/home/is/r-ghimire/speechain/datasets/slr54nepaliasr/data/wav16000/test/555eb/0a1317450a.wav	निम्ति निवेदन गरेको	निम्ति निवेदन ग	निम्ति निवेदन ग	-0.28848692774772644	-2.2505898475646973	-3.4478068755561253e-07	निम्ति निवेदन ग	निम्ति निवेदन ग	-0.27406781911849976	-2.2505898475646973	-3.4478068755561253e-07
0a177a2bd2	/home/is/r-ghimire/speechain/datasets/slr54nepaliasr/data/wav16000/test/95eb0/0a177a2bd2.wav	समान ध्रुवहरूमा परस्पर	समान ध्रुवहरूमा परस्पर	समान ध्रुवहरूमा परस्पर	-0.3784712553024292	-2.2282416302224863	-4.401723028580739e-08	समान ध्रुवहरूमा परस्पर	समान ध्रुवहरूमा परस्पर	-0.33486002683639526	-2.2282416302224863	-4.401723028580739e-08
0a17df7ec3	/home/is/r-ghimire/speechain/datasets/slr54nepaliasr/data/wav16000/test/aec56/0a17df7ec3.wav	काक्रेबिहार विकास	काँक्रे विहार विकास	काँक्रे विहार विकास	-0.3526284694671631	-1.934445571899414	-0.8557730674743652	काँक्रेबिहार विकास	काँक्रेबिहार विकास	-0.3625950515270233	-2.08725979453639	-0.9008137552361739
0a23f111ea	/home/is/r-ghimire/speechain/datasets/slr54nepaliasr/data/wav16000/test/6a6d1/0a23f111ea.wav	आवन्टित भएको छ	आवन्तित भएको छ	आवन्तित भएको छ	-0.3408470153808594	-1.4259395599365234	-1.2739095230548021e-08	आवन्तित भएको छ	आवन्तित भएको छ	-0.32996517419815063	-1.4259395599365234	-1.2739095230548021e-08
0a25942a5b	/home/is/r-ghimire/speechain/datasets/slr54nepaliasr/data/wav16000/test/5d09c/0a25942a5b.wav	टायो क्रुज एक	टायो क्र	टायो क्र	-0.3588220775127411	-2.912660386827257	-0.02668223778406779	डायोक्रो	डायो क्र	-0.5741980671882629	-2.9729946984185114	-0.029566453562842474
0a26c0f3b5	/home/is/r-ghimire/speechain/datasets/slr54nepaliasr/data/wav16000/test/8389b/0a26c0f3b5.wav	व्यक्तिगत र नैतिक	व्यक्तिगत र न	व्यक्तिगत र न	-0.28766486048698425	-2.162641933986119	-1.7034627879703684e-07	व्यक्तिगत र न	व्यक्तिगत र न	-0.2666863203048706	-2.162641933986119	-1.7034627879703684e-07
0a2b791266	/home/is/r-ghimire/speechain/datasets/slr54nepaliasr/data/wav16000/test/41b2c/0a2b791266.wav	आइतबार टिकटको	आइतबार किकटको	आइतबार किकटको	-0.32333967089653015	-2.9140597752162387	-1.462090994307021e-08	आइतबार टिकटको	आइतबार टिकटको	-0.32340919971466064	-2.827134541102818	-2.5469024730487685e-08
0a30b05cf0	/home/is/r-ghimire/speechain/datasets/slr54nepaliasr/data/wav16000/test/d8b68/0a30b05cf0.wav	अर्को नियमको ढुकुटीमा	अर्को नियमको ढुकुटीमा	अर्को नियमको ढुकुटीमा	-0.2996961176395416	-2.0682331431995737	-9.131740212482824e-08	अर्को नियमको ढुकुटीमा	अर्को नियमको ढुकुटीमा	-0.300911009311676	-2.0682331431995737	-9.131740212482824e-08
0a3329074b	/home/is/r-ghimire/speechain/datasets/slr54nepaliasr/data/wav16000/test/4b9fc/0a3329074b.wav	पृथ्वीमा झार्दै	पृथ्वीमा जाड्दै	पृथ्वीमा जाड्दै	-0.3199494183063507	-2.0287046432495117	-1.657982551250825e-08	पृथ्वीमा जाड्दै	पृथ्वीमा जाड्दै	-0.29988524317741394	-2.0287046432495117	-1.657982551250825e-08
0a35c75b4c	/home/is/r-ghimire/speechain/datasets/slr54nepaliasr/data/wav16000/test/73d74/0a35c75b4c.wav	जम्मा बाह्रवटा ढोका	जम्मा बाह्र	जम्मा बाह्र	-0.33745259046554565	-2.1441968282063804	-4.1383062428697787e-07	जम्मा बाह्र	जम्मा बाह्र	-0.3003341853618622	-2.1441968282063804	-4.1383062428697787e-07
0a38c4ebca	/home/is/r-ghimire/speechain/datasets/slr54nepaliasr/data/wav16000/test/76dab/0a38c4ebca.wav	नेपालमै प्रशोधन भएको पहिलो नेपाली चलचित्र रक्षा यसका निर्माता निर्देशक प्रेम बानियाँ हुन्	नेपालमै प्रशोधन भएको पहिलो नेपाली चलचित्र रक्षा यसका निर्माता निर	नेपालमै प्रशोधन भएको पहिलो नेपाली चलचित्र रक्षा यसका निर्माता निर	-0.3047572672367096	-1.7231173659815933	-5.196916666164091e-07	नेपालमै प्रशोधन भएको पहिलो नेपाली चलचित्र रक्षा यसका निर्माता निर	नेपालमै प्रशोधन भएको पहिलो नेपाली चलचित्र रक्षा यसका निर्माता निर	-0.26170241832733154	-1.7231173659815933	-5.196916666164091e-07
0a3b5dd19f	/home/is/r-ghimire/speechain/datasets/slr54nepaliasr/data/wav16000/test/6c1a9/0a3b5dd19f.wav	यसलाई तपाईँले पनि	यसलाई तपाईँले पनि	यसलाई तपाईँले पनि	-0.3090571463108063	-1.1257601843939886	-1.2608226140340169	यसलाई तपाईँले पनि	यसलाई तपाईँले पनि	-0.2614135444164276	-1.1257601843939886	-1.2608226140340169
0a3e9d4f6b	/home/is/r-ghimire/speechain/datasets/slr54nepaliasr/data/wav16000/test/ca5ed/0a3e9d4f6b.wav	कानको जालीलाई प्वाल	कानको जारीलाई प्वाल	कानको जारीलाई प्वाल	-0.34921881556510925	-2.1490421295166016	-7.75453727897002e-09	कानको जालीलाई प्वाल	कानको जालीलाई प्वाल	-0.29862794280052185	-2.110731506347656	-7.461864015567699e-09
0a445f64eb	/home/is/r-ghimire/speechain/datasets/slr54nepaliasr/data/wav16000/test/07a6a/0a445f64eb.wav	अहिले नेपाल सरकारको	अहिले नेपाल सरकारको	अहिले नेपाल सरकारको	-0.31293874979019165	-1.2891250610351563	-1.2321576150498004e-07	अहिले नेपाल सरकारको	अहिले नेपाल सरकारको	-0.28656044602394104	-1.2891250610351563	-1.2321576150498004e-07
0a488cbf59	/home/is/r-ghimire/speechain/datasets/slr54nepaliasr/data/wav16000/test/4aa5e/0a488cbf59.wav	परम्परागत लाखेनाचको प्रदर्शन	परम्परागत लाखेनाचको प्रदर्शन	परम्परागत लाखेनाचको प्रदर्शन	-0.29956895112991333	-2.2358472100619613	-4.9284651516966825e-08	परम्परागत लाखेनाचको प्रदर्शन	परम्परागत लाखेनाचको प्रदर्शन	-0.27608630061149597	-2.2358472100619613	-4.9284651516966825e-08
0a49dff374	/home/is/r-ghimire/speechain/datasets/slr54nepaliasr/data/wav16000/test/90bdd/0a49dff374.wav	लगाएको छ त्यो	लगाएको छ त्यो	लगाएको छ त्यो	-0.2896133065223694	-1.4799346923828125	-9.608175527578818e-07	लगाएको छ त्यो	लगाएको छ त्यो	-0.2652692496776581	-1.4799346923828125	-9.608175527578818e-07
0a5c442b0b	/home/is/r-ghimire/speechain/datasets/slr54nepaliasr/data/wav16000/test/1b37d/0a5c442b0b.wav	भइसक्नुभएको थियो	भइसक्नुभएको थियो	भइसक्नुभएको थियो	-0.3061874508857727	-1.638123119578642	-6.031012510314159e-08	भइसक्नुभएको थियो	भइसक्नुभएको थियो	-0.29115208983421326	-1.638123119578642	-6.031012510314159e-08
0a6ac47e2d	/home/is/r-ghimire/speechain/datasets/slr54nepaliasr/data/wav16000/test/d593e/0a6ac47e2d.wav	गरे जस अन्तर्गत	गरे जस अन्तर्गत	गरे जस अन्तर्गत	-0.31644025444984436	-1.7309588193893433	-7.744882424276511e-08	गरे जस अन्तर्गत	गरे जस अन्तर्गत	-0.2872306704521179	-1.7309588193893433	-7.744882424276511e-08
0a6d8c4816	/home/is/r-ghimire/speechain/datasets/slr54nepaliasr/data/wav16000/test/163a6/0a6d8c4816.wav	जागरण थप्न गाविसको	जागरण थप्न गाविसक	जागरण थप्न गाविसक	-0.30880728363990784	-2.8667483859592013	-1.5104685897111065e-07	जागरण थप्न गाविसक	जागरण थप्न गाविसक	-0.277286171913147	-2.8667483859592013	-1.5104685897111065e-07
0a6eb1b731	/home/is/r-ghimire/speechain/datasets/slr54nepaliasr/data/wav16000/test/76223/0a6eb1b731.wav	ज्ञानयोगी भक्ति योगी	ज्ञान योगी भक्	ज्ञान योगी भक्	-0.34916043281555176	-2.352905782063802	-1.6860358300618828e-07	ज्ञान योगी भक्	ज्ञान योगी भक्	-0.29493170976638794	-2.352905782063802	-1.6860358300618828e-07
0a70789d0f	/home/is/r-ghimire/speechain/datasets/slr54nepaliasr/data/wav16000/test/31a35/0a70789d0f.wav	राष्ट्रिय युनियनको	राष्ट्रिय युनियनको	राष्ट्रिय युनियनको	-0.2976459562778473	-1.4932035145006681	-6.134329946929172e-08	राष्ट्रिय युनियनको	राष्ट्रिय युनियनको	-0.27617207169532776	-1.4932035145006681	-6.134329946929172e-08
0a762124d9	/home/is/r-ghimire/speechain/datasets/slr54nepaliasr/data/wav16000/test/5e6be/0a762124d9.wav	बनाइएको काठको	बनाइएको काठको	बनाइएको काठको	-0.373759001493454	-1.5669547489711217	-2.2387095149107544e-07	बनाइएको कागको	बनाइएको कागको	-0.3629496693611145	-1.8444558552333288	-2.3357720887621065e-07
0a77ec931e	/home/is/r-ghimire/speechain/datasets/slr54nepaliasr/data/wav16000/test/20ebe/0a77ec931e.wav	तिर लुम्बिनी सन्देश	तिर लुम्बिनी सन्देश	तिर लुम्बिनी सन्देश	-0.3045068383216858	-2.1759902954101564	-1.4653911648565554e-07	तिर लुम्बिनी सन्देश	तिर लुम्बिनी सन्देश	-0.2936791181564331	-2.1759902954101564	-1.4653911648565554e-07
0a7b047b9c	/home/is/r-ghimire/speechain/datasets/slr54nepaliasr/data/wav16000/test/67933/0a7b047b9c.wav	बारेमा सोचिरहेका छन्	बारेमा सूचिरहेका छन्	बारेमा सूचिरहेका छन्	-0.31438541412353516	-1.8050017583937872	-2.5224053279955462e-08	बारेमा सूचिरहेका छन्	बारेमा सूचिरहेका छन्	-0.2816503942012787	-1.8050017583937872	-2.5224053279955462e-08
0a7fdbd9d9	/home/is/r-ghimire/speechain/datasets/slr54nepaliasr/data/wav16000/test/5c4b9/0a7fdbd9d9.wav	डर भनेको	डर भनेको	डर भनेको	-0.34600767493247986	-2.431880315144857	-5.600250890185836e-08	डर भनेको	डर भनेको	-0.3058571517467499	-2.431880315144857	-5.600250890185836e-08
0a8565bba6	/home/is/r-ghimire/speechain/datasets/slr54nepaliasr/data/wav16000/test/c69a8/0a8565bba6.wav	कारणले इस्मा राज्यले	कारणले इस्मा राज्यल	कारणले इस्मा राज्यल	-0.2870783805847168	-2.0163105010986326	-7.464335567419767e-08	कारणले इस्मा राज्यल	कारणले इस्मा राज्यल	-0.2589573562145233	-2.0163105010986326	-7.464335567419767e-08
0a85921e16	/home/is/r-ghimire/speechain/datasets/slr54nepaliasr/data/wav16000/test/c89a6/0a85921e16.wav	मन्दिरमा तीनवटा हिन्दू	मन्दिरमा तीनवटा हिन्	मन्दिरमा तीनवटा हिन्	-0.2956913411617279	-2.163333711170015	-2.2492027017592806e-07	मन्दिरमा तीनवटा हिन्	मन्दिरमा तीनवटा हिन्	-0.2797842025756836	-2.163333711170015	-2.2492027017592806e-07
0a86bc56fd	/home/is/r-ghimire/speechain/datasets/slr54nepaliasr/data/wav16000/test/20ebe/0a86bc56fd.wav	भौगोलिक बनावट अनुसार	भौगोलिक बनावटअनुसार	भौगोलिक बनावटअनुसार	-0.3261018991470337	-2.6054601669311523	-1.0345569307901315e-07	भौगोलिक बनावटअनुसार	भौगोलिक बनावट अनुसार	-0.32871541380882263	-2.1535691760835194	-9.951809044564254e-08
0a8c36df94	/home/is/r-ghimire/speechain/datasets/slr54nepaliasr/data/wav16000/test/d03c8/0a8c36df94.wav	शारीरिक विकासको ढिलाइ	शारीरिक विकास गुढीलाई	शारीरिक विकास गुढीलाई	-0.4563547670841217	-2.17930082841353	-2.0233853154588194e-07	शारीरिक विकास हुढीलाई	शारीरिक विकास हुढीलाई	-0.3392347991466522	-2.299420616843484	-2.0523973696320105e-07
0a8e76cc89	/home/is/r-ghimire/speechain/datasets/slr54nepaliasr/data/wav16000/test/90bdd/0a8e76cc89.wav	डी क्लर्क	डी क्लार्क	डी क्लार्क	-0.36672765016555786	-3.0455821644176138	-1.1883239494636655e-05	डी क्लार्क	डी क्लार्क	-0.3649982810020447	-3.0455821644176138	-1.1883239494636655e-05
0a92437f61	/home/is/r-ghimire/speechain/datasets/slr54nepaliasr/data/wav16000/test/f4763/0a92437f61.wav	राखे तब उनीहरूको	राखेँ तब उनीहरूको	राखे तब उनीहरूको	-0.3664240837097168	-1.8846489401424633	-2.7048294856178796e-07	राखेँ तब उनीहरूको	राखेँ तब उनीहरूको	-0.31382477283477783	-2.0845069885253906	-0.8728585243225098
0a95639ef9	/home/is/r-ghimire/speechain/datasets/slr54nepaliasr/data/wav16000/test/90913/0a95639ef9.wav	यो भाषा परिवार	यो भाष	यो भाष	-0.2849355638027191	-2.2969602857317244	-9.63130072964954e-07	यो भाष	यो भाष	-0.25722256302833557	-2.2969602857317244	-9.63130072964954e-07
0aa33d9210	/home/is/r-ghimire/speechain/datasets/slr54nepaliasr/data/wav16000/test/62e53/0aa33d9210.wav	देखि बढ्ने वाला	देखि बढ्ने वाला	देखि बढ्ने वाला	-0.3372209668159485	-1.8815298080444336	-1.612392281913344e-07	देखि बढ्ने वाला	देखि बढ्ने वाला	-0.28825291991233826	-1.8815298080444336	-1.612392281913344e-07
0aa60bf334	/home/is/r-ghimire/speechain/datasets/slr54nepaliasr/data/wav16000/test/efcb9/0aa60bf334.wav	गृष्मऋतु अन्तर्गत पर्दछन्	गृष्मऋतु अन्तर्गत पर्दछन्	गृष्मऋतु अन्तर्गत पर्दछन्	-0.3026696443557739	-2.036849095271184	-7.739073190840337e-08	गृष्मऋतु अन्तर्गत पर्दछन्	गृष्मऋतु अन्तर्गत पर्दछन्	-0.2730133831501007	-2.036849095271184	-7.739073190840337e-08
0aab68b6b0	/home/is/r-ghimire/speechain/datasets/slr54nepaliasr/data/wav16000/test/6fcfb/0aab68b6b0.wav	हजुरआमाले त्यसले खान्छ	हजुरआमाले जसले खा	हजुरआमाले जसले खा	-0.29068249464035034	-2.8593292236328125	-9.55253704483362e-07	हजुरआमाले त्यसले 	हजुरआमाले त्यसले 	-0.29823145270347595	-2.603521982828776	-0.004964158766799503
0ab077d134	/home/is/r-ghimire/speechain/datasets/slr54nepaliasr/data/wav16000/test/37155/0ab077d134.wav	सञ्चालन हुन सक्यो	सञ्चालन हुन सक्यो	सञ्चालन हुन सक्यो	-0.29326242208480835	-1.7332818773057725	-7.985449378288145e-07	सञ्चालन हुन सक्यो	सञ्चालन हुन सक्यो	-0.30411607027053833	-1.7332818773057725	-7.985449378288145e-07
0ab0aa0b93	/home/is/r-ghimire/speechain/datasets/slr54nepaliasr/data/wav16000/test/15b60/0ab0aa0b93.wav	भ्रष्टाचारबाट पीडित अरूको	भ्रष्टाचारबाट पीडित अर	भ्रष्टाचारबाट पीडित अर	-0.3517826795578003	-2.5626791249150815	-3.28220377686312e-06	भ्रष्ट्राचारबाट पीडित 	भ्रष्ट्राचारबाट पीडित 	-0.29917478561401367	-2.4353438667629077	-0.014100904050080673
0ab65e1754	/home/is/r-ghimire/speechain/datasets/slr54nepaliasr/data/wav16000/test/4b140/0ab65e1754.wav	रमेर बसुँला प्यारी	रमेरा बसुला प्यारी	रमेरा बसुला प्यारी	-0.3653143346309662	-2.4108619689941406	-2.1046250702439514e-07	रमेर बसुला प्यारी	रमेर बसुला प्यारी	-0.3567989468574524	-2.391611099243164	-2.259574153463796e-07
0ab6e38e69	/home/is/r-ghimire/speechain/datasets/slr54nepaliasr/data/wav16000/test/7ea66/0ab6e38e69.wav	नगरिदिनु होला	नगरिदिने होला	नगरिदिने होला	-0.367023766040802	-2.058331625802176	-6.290323182968547e-08	नगर दिनु होला	नगर दिनु होला	-0.4057016670703888	-1.9446731294904436	-6.771078428105934e-08
0abab1dd98	/home/is/r-ghimire/speechain/datasets/slr54nepaliasr/data/wav16000/test/cc4bf/0abab1dd98.wav	सङ्गीत दिवस मनाउन	सङ्गीत दिवस मनाउन	सङ्गीत दिवस मनाउन	-0.30512943863868713	-2.3100994957817926	-3.934172178156182e-08	सङ्गीत दिवस मनाउन	सङ्गीत दिवस मनाउन	-0.3318893015384674	-2.3100994957817926	-3.934172178156182e-08
0abe204585	/home/is/r-ghimire/speechain/datasets/slr54nepaliasr/data/wav16000/test/804c8/0abe204585.wav	बच्चनले चलचित्रहरूमा आफ्नो	बच्चनले चलचित्रहरूमा आफ्नो	बच्चनले चलचित्रहरूमा आफ्नो	-0.29478010535240173	-1.5022611264829282	-1.1050036576947335e-06	बच्चनले चलचित्रहरूमा आफ्नो	बच्चनले चलचित्रहरूमा आफ्नो	-0.2662414014339447	-1.5022611264829282	-1.1050036576947335e-06
0ac0b5f344	/home/is/r-ghimire/speechain/datasets/slr54nepaliasr/data/wav16000/test/5297a/0ac0b5f344.wav	भन्ने मलाई लाग्छ	भन्ने मलाई लाग्	भन्ने मलाई लाग्	-0.29276981949806213	-1.6061315536499023	-1.3475599303092167e-07	भन्ने मलाई लाग्	भन्ने मलाई लाग्	-0.267252653837204	-1.6061315536499023	-1.3475599303092167e-07
0ac1d7cf91	/home/is/r-ghimire/speechain/datasets/slr54nepaliasr/data/wav16000/test/6a6d1/0ac1d7cf91.wav	रहेको छ चेर	रहेको छ चेर	रहेको छ चेर	-0.3214387893676758	-1.7068993250528972	-9.919093220863336e-08	रहेको छ चेर	रहेको छ चेर	-0.30533531308174133	-1.7068993250528972	-9.919093220863336e-08
0ac71d126b	/home/is/r-ghimire/speechain/datasets/slr54nepaliasr/data/wav16000/test/2526c/0ac71d126b.wav	शब्दहरूलाई बनाउनुहोला	शब्दहरूलाई बनाउनुहोला	शब्दहरूलाई बनाउनुहोला	-0.30040720105171204	-1.432674234563654	-2.823617251124233e-07	शब्दहरूलाई बनाउनुहोला	शब्दहरूलाई बनाउनुहोला	-0.2798125743865967	-1.432674234563654	-2.823617251124233e-07
0ac832c3c2	/home/is/r-ghimire/speechain/datasets/slr54nepaliasr/data/wav16000/test/59e9e/0ac832c3c2.wav	विवाह पनि भयो	विवाह पनि भयो	विवाह पनि भयो	-0.3162488341331482	-1.6830479758126395	-1.4734214102775565e-08	विवाह पनि भयो	विवाह पनि भयो	-0.2849467396736145	-1.6830479758126395	-1.4734214102775565e-08
0acb92eafa	/home/is/r-ghimire/speechain/datasets/slr54nepaliasr/data/wav16000/test/69801/0acb92eafa.wav	शासकसँग भेटेका छन्	शासकसँग भेटेका 	शासकसँग भेटेका 	-0.48726317286491394	-2.3302369117736816	-3.220705548301339e-05	शासकसँग भेटरेका	शासकसँग भेटरेका	-0.3459048867225647	-2.385033130645752	-5.36635241132899e-07
0ace31dab2	/home/is/r-ghimire/speechain/datasets/slr54nepaliasr/data/wav16000/test/e349f/0ace31dab2.wav	लागि यसले आफ्नै	लागि यसले आफ्नै	लागि यसले आफ्नै	-0.3124966323375702	-1.4652798175811768	-8.227996204368537e-07	लागि यसले आफ्नै	लागि यसले आफ्नै	-0.293051540851593	-1.4652798175811768	-8.227996204368537e-07
0acfa32cfc	/home/is/r-ghimire/speechain/datasets/slr54nepaliasr/data/wav16000/test/f9ab5/0acfa32cfc.wav	सीमा हिन्द महासागरद्वारा	सिमा हिन्द महासागरद्वार	सिमा हिन्द महासागरद्वार	-0.38258352875709534	-2.1386505762736	-1.3961143470927104e-07	श्रीमा हिन्द महासागरद्व	श्रीमा हिन्द महासागरद्व	-0.3538607656955719	-2.228940804799398	-2.995182815842175e-07
0ad53b8f4c	/home/is/r-ghimire/speechain/datasets/slr54nepaliasr/data/wav16000/test/41d46/0ad53b8f4c.wav	राजनीतिमा होमिनु भएको	राजनीतिमा होमिनु भए	राजनीतिमा होमिनु भए	-0.31516140699386597	-1.9324398040771484	-1.4478771390713518e-07	राजनीतिमा होमिनु भए	राजनीतिमा होमिनु भए	-0.3243252635002136	-1.9324398040771484	-1.4478771390713518e-07
0ad6ca4a98	/home/is/r-ghimire/speechain/datasets/slr54nepaliasr/data/wav16000/test/d4b2f/0ad6ca4a98.wav	आधारित छन् भने	आधारित छन् भने	आधारित छन् भने	-0.3069848418235779	-1.5748733520507812	-1.7656282125244614e-08	आधारित छन् भने	आधारित छन् भने	-0.27624568343162537	-1.5748733520507812	-1.7656282125244614e-08
0ad83c7465	/home/is/r-ghimire/speechain/datasets/slr54nepaliasr/data/wav16000/test/58eba/0ad83c7465.wav	न्युट्रन एउटा नयाँ	न्युटन एउटा नयाँ	न्युटन एउटा नयाँ	-0.38608160614967346	-1.9151469959932215	-1.7447390836827896	न्युटन एउटा नयाँ	न्युटन एउटा नयाँ	-0.31575825810432434	-1.9151469959932215	-1.7447390836827896
0adb364a40	/home/is/r-ghimire/speechain/datasets/slr54nepaliasr/data/wav16000/test/ceb25/0adb364a40.wav	लेखेको भए मलाई	लेखेको भए मलाई	लेखेको भए मलाई	-0.31353864073753357	-1.7986007690429688	-9.128166008546638e-07	लेखेको भए मलाई	लेखेको भए मलाई	-0.28194260597229004	-1.7986007690429688	-9.128166008546638e-07
0ae313879a	/home/is/r-ghimire/speechain/datasets/slr54nepaliasr/data/wav16000/test/6d3c6/0ae313879a.wav	गर्न नपाईने भयो	गर्न नपाइने भय	गर्न नपाइने भय	-0.29779794812202454	-1.9910868326822917	-9.015225259645376e-08	गर्न नपाइने भय	गर्न नपाइने भय	-0.2731883227825165	-1.9910868326822917	-9.015225259645376e-08
0ae8fddcd2	/home/is/r-ghimire/speechain/datasets/slr54nepaliasr/data/wav16000/test/e82ed/0ae8fddcd2.wav	प्रति उपेक्षाको भाव	प्रति उपेक्षाको भ	प्रति उपेक्षाको भ	-0.3036130368709564	-2.0388738844129772	-0.0008384554336468378	प्रति उपेक्षाको भ	प्रति उपेक्षाको भ	-0.25854235887527466	-2.0388738844129772	-0.0008384554336468378
0aee549187	/home/is/r-ghimire/speechain/datasets/slr54nepaliasr/data/wav16000/test/d4b2f/0aee549187.wav	तुलसी जल आदि राखिन्छ	तुलसी जल आदि राखिन्छ	तुलसी जल आदि राखिन्छ	-0.29954519867897034	-2.113468351818266	-4.5343122543445564e-07	तुलसी जल आदि राखिन्छ	तुलसी जल आदि राखिन्छ	-0.27519840002059937	-2.113468351818266	-4.5343122543445564e-07
0af219f88c	/home/is/r-ghimire/speechain/datasets/slr54nepaliasr/data/wav16000/test/1f917/0af219f88c.wav	एउटा मात्र चिठी लिन दिने	एउटा मात्र चिठीली नदि	एउटा मात्र चिठीली नदि	-0.33493486046791077	-2.2530604275790127	-1.4473371265921742e-06	एउटा मात्र चिठी लिन द	एउटा मात्र चिठी लिन द	-0.3091248571872711	-2.2596799677068535	-3.3448234469026583e-07
0af5181737	/home/is/r-ghimire/speechain/datasets/slr54nepaliasr/data/wav16000/test/e7c22/0af5181737.wav	चिरेर गएको यो	चिरेर गएको यो	चिरेर गएको यो	-0.31479984521865845	-2.2267653601510182	-1.8685318942906244e-08	चिरेर गएको यो	चिरेर गएको यो	-0.2904156446456909	-2.2267653601510182	-1.8685318942906244e-08
0af52353ef	/home/is/r-ghimire/speechain/datasets/slr54nepaliasr/data/wav16000/test/e8f6f/0af52353ef.wav	उनले आफ्नो बुहारी	उनले आफ्नो बुहारी	उनले आफ्नो बुहारी	-0.32728397846221924	-1.4811517927381728	-2.3849319556272047e-08	उनले आफ्नो बुहारी	उनले आफ्नो बुहारी	-0.31879323720932007	-1.4811517927381728	-2.3849319556272047e-08
0af765d7ba	/home/is/r-ghimire/speechain/datasets/slr54nepaliasr/data/wav16000/test/1f680/0af765d7ba.wav	ग्याँसहरूलाई निस्कने	ग्याँसहरूलाई निस्कने	ग्याँसहरूलाई निस्कने	-0.3068777024745941	-2.0748385474795388	-0.9790352412632534	ग्याँसहरूलाई निस्कने	ग्याँसहरूलाई निस्कने	-0.2845442295074463	-2.0748385474795388	-0.9790352412632534
0afa6359ac	/home/is/r-ghimire/speechain/datasets/slr54nepaliasr/data/wav16000/test/f9558/0afa6359ac.wav	अन्तर्राष्ट्रिय समुदाय	अन्तर्राष्ट्रिय समुदाय	अन्तर्राष्ट्रिय समुदाय	-0.2849530577659607	-1.288756909577743	-1.5101247062494108e-07	अन्तर्राष्ट्रिय समुदाय	अन्तर्राष्ट्रिय समुदाय	-0.2574807405471802	-1.288756909577743	-1.5101247062494108e-07
0afd2bca5e	/home/is/r-ghimire/speechain/datasets/slr54nepaliasr/data/wav16000/test/ccdde/0afd2bca5e.wav	एउटा भाषालाई	एउटा भाषाल	एउटा भाषाल	-0.28409796953201294	-2.02920879017223	-6.242129198984582e-07	एउटा भाषाल	एउटा भाषाल	-0.25055986642837524	-2.02920879017223	-6.242129198984582e-07
0b052957f4	/home/is/r-ghimire/speechain/datasets/slr54nepaliasr/data/wav16000/test/21ba4/0b052957f4.wav	रुद्रावती नदीको उत्पत्ति	रुद्रावती नदीको उत्प	रुद्रावती नदीको उत्प	-0.28879883885383606	-2.3603477478027344	-1.7501542970421724e-07	रुद्रावती नदीको उत्प	रुद्रावती नदीको उत्प	-0.26414304971694946	-2.3603477478027344	-1.7501542970421724e-07
0b1070ae71	/home/is/r-ghimire/speechain/datasets/slr54nepaliasr/data/wav16000/test/fe533/0b1070ae71.wav	कुनै ठोस प्रमाण	कुनै ठोस प्रमाण	कुनै ठोस प्रमाण	-0.29855015873908997	-1.9155763387680054	-2.31639859293864e-07	कुनै ठोस प्रमाण	कुनै ठोस प्रमाण	-0.2697979807853699	-1.9155763387680054	-2.31639859293864e-07
0b125477d6	/home/is/r-ghimire/speechain/datasets/slr54nepaliasr/data/wav16000/test/abc37/0b125477d6.wav	सामान्यतया प्रत्येक वर्षको	सामान्यतया प्रत्येक वर्षको	सामान्यतया प्रत्येक वर्षको	-0.2991526424884796	-1.4372759218569156	-2.493973212309626e-08	सामान्यतया प्रत्येक वर्षको	सामान्यतया प्रत्येक वर्षको	-0.2639617621898651	-1.4372759218569156	-2.493973212309626e-08
0b16fd0c88	/home/is/r-ghimire/speechain/datasets/slr54nepaliasr/data/wav16000/test/47075/0b16fd0c88.wav	कारण थियो	कारण थियो	कारण थियो	-0.31541645526885986	-1.3287960052490235	-8.185521949144459e-09	कारण थियो	कारण थियो	-0.3102388083934784	-1.3287960052490235	-8.185521949144459e-09
0b2679f04e	/home/is/r-ghimire/speechain/datasets/slr54nepaliasr/data/wav16000/test/1d480/0b2679f04e.wav	यसको बाहेक कहिलेकाहिँ	यसको बाहेक कहिलेका	यसको बाहेक कहिलेका	-0.2958627939224243	-1.7688104729903371	-4.138838496720909e-07	यसको बाहेक कहिलेका	यसको बाहेक कहिलेका	-0.3293510675430298	-1.7688104729903371	-4.138838496720909e-07
0b297307e2	/home/is/r-ghimire/speechain/datasets/slr54nepaliasr/data/wav16000/test/c89a6/0b297307e2.wav	वर्ष भन्दा कम	वर्षभन्दा 	वर्षभन्दा 	-0.32945841550827026	-2.0855355696244673	-0.023373950611461292	वर्षभन्दा 	वर्षभन्दा 	-0.28760409355163574	-2.0855355696244673	-0.023373950611461292
0b3116ee40	/home/is/r-ghimire/speechain/datasets/slr54nepaliasr/data/wav16000/test/2e769/0b3116ee40.wav	छन्त्याल जातिले माउरी	छन्त्याल जातिले माउरी	छन्त्याल जातिले माउरी	-0.3075607717037201	-2.435414054177024	-1.1830380489382977e-07	छन्त्याल जातिले माउरी	छन्त्याल जातिले माउरी	-0.28377819061279297	-2.435414054177024	-1.1830380489382977e-07
0b33b4c3e1	/home/is/r-ghimire/speechain/datasets/slr54nepaliasr/data/wav16000/test/88901/0b33b4c3e1.wav	भारतीय चिकित्सापद्दति हो	भारतीय चिकित्सापद्दति हो	भारतीय चिकित्सापद्दति हो	-0.2983831465244293	-2.204134521484375	-5.331706415745429e-07	भारतीय चिकित्सापद्धति हो	भारतीय चिकित्सापद्धति हो	-0.2918185889720917	-2.1348175048828124	-5.327547842171043e-07
0b42d1111a	/home/is/r-ghimire/speechain/datasets/slr54nepaliasr/data/wav16000/test/29944/0b42d1111a.wav	छोरी गीताको घरमा	छोरी गीताको घरमा	छोरी गीताको घरमा	-0.30361875891685486	-2.0762836231904873	-3.2465132281846735e-08	छोरी गीताको घरमा	छोरी गीताको घरमा	-0.28712141513824463	-2.0762836231904873	-3.2465132281846735e-08
0b43110fc6	/home/is/r-ghimire/speechain/datasets/slr54nepaliasr/data/wav16000/test/ba807/0b43110fc6.wav	यदि पाइन्छ भने	यदि पाइन्छ भने	यदि पाइन्छ भने	-0.3093092143535614	-1.5979021708170573	-3.773548390502886e-07	यदि पाइन्छ भने	यदि पाइन्छ भने	-0.2885799705982208	-1.5979021708170573	-3.773548390502886e-07
0b46b440ee	/home/is/r-ghimire/speechain/datasets/slr54nepaliasr/data/wav16000/test/d0756/0b46b440ee.wav	एक ठाउँको नाम	एक ठाउँको नाम	एक ठाउँको नाम	-0.3064720630645752	-1.5852583476475306	-1.487454959324428	एक ठाउँको नाम	एक ठाउँको नाम	-0.30256375670433044	-1.5852583476475306	-1.487454959324428
0b4e717798	/home/is/r-ghimire/speechain/datasets/slr54nepaliasr/data/wav16000/test/7ef78/0b4e717798.wav	धेरै प्रशासन संस्थाहरू	धेरै प्रशासन संस्थाहरू	धेरै प्रशासन संस्थाहरू	-0.2940741777420044	-1.3685692496921704	-7.3435734787816055e-09	धेरै प्रशासन संस्थाहरू	धेरै प्रशासन संस्थाहरू	-0.27062419056892395	-1.3685692496921704	-7.3435734787816055e-09
0b507f3450	/home/is/r-ghimire/speechain/datasets/slr54nepaliasr/data/wav16000/test/01cf0/0b507f3450.wav	तर यी जातिहरूले	तर यी जातिहरूले	तर यी जातिहरूले	-0.29107576608657837	-1.6863701343536377	-1.917205736390315e-07	तर यी जातिहरूले	तर यी जातिहरूले	-0.27460142970085144	-1.6863701343536377	-1.917205736390315e-07
0b54a9e5b4	/home/is/r-ghimire/speechain/datasets/slr54nepaliasr/data/wav16000/test/8f426/0b54a9e5b4.wav	उल्लेख्य बनोस्	उल्लेख्य ब	उल्लेख्य ब	-0.28675106167793274	-2.1107973618940874	-0.00038369935513897377	उल्लेख्य ब	उल्लेख्य ब	-0.2693633437156677	-2.1107973618940874	-0.00038369935513897377
0b5714473e	/home/is/r-ghimire/speechain/datasets/slr54nepaliasr/data/wav16000/test/43655/0b5714473e.wav	अतिरिक्त भूमिको यस	अतिरिक्त भूमिको यस	अतिरिक्त भूमिको यस	-0.3138621747493744	-1.8640658729954769	-7.863020887031637e-08	अतिरिक्त भूमिको यस	अतिरिक्त भूमिको यस	-0.28143274784088135	-1.8640658729954769	-7.863020887031637e-08
0b59591df7	/home/is/r-ghimire/speechain/datasets/slr54nepaliasr/data/wav16000/test/14763/0b59591df7.wav	जहाँका तीर्थहरूमा गएर	जहाँका तीर्थह	जहाँका तीर्थह	-0.2924201786518097	-2.5337061200823103	-2.1489470345633372	जहाँका तीर्थह	जहाँका तीर्थह	-0.2661353647708893	-2.5337061200823103	-2.1489470345633372
0b5ba9ccf2	/home/is/r-ghimire/speechain/datasets/slr54nepaliasr/data/wav16000/test/1d9ac/0b5ba9ccf2.wav	यहाँ पहिले जस्तै	यहाँ पहिले जस्तै	यहाँ पहिले जस्तै	-0.3113727867603302	-1.3716633740593405	-1.7121670666862936	यहाँ पहिले जस्तै	यहाँ पहिले जस्तै	-0.29138171672821045	-1.3716633740593405	-1.7121670666862936
0b5eeb6fda	/home/is/r-ghimire/speechain/datasets/slr54nepaliasr/data/wav16000/test/2001f/0b5eeb6fda.wav	शाही नेपाली सेनाद्वारा	शाही नेपाली सेनाद्वारा	शाही नेपाली सेनाद्वारा	-0.3126428425312042	-1.4808323072350544	-2.477532768313287e-07	शाही नेपाली सेनाद्वारा	शाही नेपाली सेनाद्वारा	-0.28832724690437317	-1.4808323072350544	-2.477532768313287e-07
0b5f198e08	/home/is/r-ghimire/speechain/datasets/slr54nepaliasr/data/wav16000/test/8b655/0b5f198e08.wav	रूपमा उल्लेख गरियो	रूपमा उल्लेख गरियो	रूपमा उल्लेख गरियो	-0.285169392824173	-1.3011079085500616	-6.88568924919022e-08	रूपमा उल्लेख गरियो	रूपमा उल्लेख गरियो	-0.2629278600215912	-1.3011079085500616	-6.88568924919022e-08
0b67df6085	/home/is/r-ghimire/speechain/datasets/slr54nepaliasr/data/wav16000/test/b9139/0b67df6085.wav	अङ्क पाइँदैन	अङ्क पाइँदैन	अङ्क पाइँदैन	-0.3092311918735504	-1.981716302724985	-1.5317222888653095	अङ्क पाइँदैन	अङ्क पाइँदैन	-0.2968771159648895	-1.981716302724985	-1.5317222888653095
0b743aa015	/home/is/r-ghimire/speechain/datasets/slr54nepaliasr/data/wav16000/test/23888/0b743aa015.wav	अब तपाईँं नै	अब तपाईँ नै	अब तपाईँ नै	-0.4159497916698456	-1.9891921679178874	-1.853772799173991	अब तपाईँ नै	अब तपाईँ नै	-0.3169579803943634	-1.9891921679178874	-1.853772799173991
0b78c6b680	/home/is/r-ghimire/speechain/datasets/slr54nepaliasr/data/wav16000/test/95a0e/0b78c6b680.wav	एक वर्षसम्म निरन्तर	एक वर्षसम	एक वर्षसम	-0.2803833782672882	-2.513397216796875	-4.117687694815686e-07	एक वर्षसम	एक वर्षसम	-0.23744381964206696	-2.513397216796875	-4.117687694815686e-07
0b7fa7d37c	/home/is/r-ghimire/speechain/datasets/slr54nepaliasr/data/wav16000/test/9b105/0b7fa7d37c.wav	स्कटको एलियनको	स्कटको एलियनको	स्कटको एलियनको	-0.3731810748577118	-2.5420857747395833	-2.527136227096586e-07	स्कटको एलियनको	स्कटको एलियनको	-0.3170148730278015	-2.5420857747395833	-2.527136227096586e-07
0b84fec034	/home/is/r-ghimire/speechain/datasets/slr54nepaliasr/data/wav16000/test/237a3/0b84fec034.wav	तलकोट क्षेत्रमा	तलकोट क्षेत्रमा	तलकोट क्षेत्रमा	-0.3072933256626129	-1.755514144897461	-1.7090214043946617e-07	तलकोट क्षेत्रमा	तलकोट क्षेत्रमा	-0.2694638967514038	-1.755514144897461	-1.7090214043946617e-07
0b8960bd2b	/home/is/r-ghimire/speechain/datasets/slr54nepaliasr/data/wav16000/test/f7150/0b8960bd2b.wav	उनीहरू आजभन्दा करिब	उनीहरू आजभन्दा करिब	उनीहरू आजभन्दा करिब	-0.3082699477672577	-2.1390003204345702	-6.528599669763934e-08	उनीहरू आजभन्दा करिब	उनीहरू आजभन्दा करिब	-0.27978289127349854	-2.1390003204345702	-6.528599669763934e-08
0b8db4ba76	/home/is/r-ghimire/speechain/datasets/slr54nepaliasr/data/wav16000/test/3999a/0b8db4ba76.wav	किराँत जातिसँग सम्बन्धित	किराँत जाति	किराँत जाति	-0.30018267035484314	-2.0080997149149575	-1.7684332529703777	किराँत जाति	किराँत जाति	-0.2960367798805237	-2.0080997149149575	-1.7684332529703777
0b8e13b058	/home/is/r-ghimire/speechain/datasets/slr54nepaliasr/data/wav16000/test/79c24/0b8e13b058.wav	विषयमा विद्यावारिधि गर्नु	विषयमा विद्यावारि	विषयमा विद्यावारि	-0.2832375466823578	-1.9213924407958984	-1.5589541564824888e-06	विषयमा विद्यावारि	विषयमा विद्यावारि	-0.26834356784820557	-1.9213924407958984	-1.5589541564824888e-06
0b939cb5c9	/home/is/r-ghimire/speechain/datasets/slr54nepaliasr/data/wav16000/test/3e9ed/0b939cb5c9.wav	कैनमर मुख्य थिए	काइम्मर मुख्य थिए	काइम्मर मुख्य थिए	-0.4246186912059784	-1.9538273281521268	-4.8442135241404884e-08	कैम्बर मुख्य थिए	कैम्बर मुख्य थिए	-0.306444376707077	-1.945211971507353	-3.36497691932891e-08
0b9c50a56b	/home/is/r-ghimire/speechain/datasets/slr54nepaliasr/data/wav16000/test/885af/0b9c50a56b.wav	नेपाली लिगमा अनिलले	नेपाली लिगमा अनिलले	नेपाली लिगमा अनिलले	-0.32045406103134155	-1.814461898803711	-6.814201469751424e-08	नेपाली लिगमा अनिलले	नेपाली लिगमा अनिलले	-0.34190884232521057	-1.814461898803711	-6.814201469751424e-08
0b9e0fa576	/home/is/r-ghimire/speechain/datasets/slr54nepaliasr/data/wav16000/test/c57bb/0b9e0fa576.wav	कागजात जम्मा गर्नको	कागजात जम्मा गर्नको	कागजात जम्मा गर्नको	-0.3383715748786926	-2.1684333801269533	-8.864250276019447e-08	कागजात जम्मा गर्नको	कागजात जम्मा गर्नको	-0.28812119364738464	-2.1684333801269533	-8.864250276019447e-08
0ba0872c0d	/home/is/r-ghimire/speechain/datasets/slr54nepaliasr/data/wav16000/test/9a075/0ba0872c0d.wav	कहीँ भयानक र घातक	कही भयानक	कही भयानक	-0.46906715631484985	-3.0418067932128907	-2.892692521072604e-08	कही भयानक	कही भयानक	-0.41838309168815613	-3.0418067932128907	-2.892692521072604e-08
0ba57feadc	/home/is/r-ghimire/speechain/datasets/slr54nepaliasr/data/wav16000/test/cbbed/0ba57feadc.wav	कार्ड्स अन द टेबल	कार्स अन्द टेबल	कार्स अन्द टेबल	-0.369916170835495	-2.6377346515655518	-2.5319465635220695e-08	कार्स अन्द टेवल	कार्स अन्द टेवल	-0.34025058150291443	-2.6336584091186523	-2.443803914786713e-08
0ba5b5e7c4	/home/is/r-ghimire/speechain/datasets/slr54nepaliasr/data/wav16000/test/319a8/0ba5b5e7c4.wav	अमेरिका आदि देशको	अमेरिका आदि द	अमेरिका आदि द	-0.306174099445343	-2.018178939819336	-5.647485522786155e-06	अमेरिका आदि द	अमेरिका आदि द	-0.27831611037254333	-2.018178939819336	-5.647485522786155e-06
0bac7d1f5d	/home/is/r-ghimire/speechain/datasets/slr54nepaliasr/data/wav16000/test/cb74d/0bac7d1f5d.wav	सारथि हुन्छ प्रत्येक	सारथि हुन्छ प्रत्येक	सारथि हुन्छ प्रत्येक	-0.32569658756256104	-1.6995786031087239	-4.283571169729666e-08	सारथि हुन्छ प्रत्येक	सारथि हुन्छ प्रत्येक	-0.34346020221710205	-1.6995786031087239	-4.283571169729666e-08
0baee9f16d	/home/is/r-ghimire/speechain/datasets/slr54nepaliasr/data/wav16000/test/c652e/0baee9f16d.wav	सृष्टि हुन्छ	सृष्टि हुन्छ	सृष्टि हुन्छ	-0.3187214732170105	-1.5227851867675781	-5.077131303411219e-08	सृष्टि हुन्छ	सृष्टि हुन्छ	-0.28397420048713684	-1.5227851867675781	-5.077131303411219e-08
0bba0a8779	/home/is/r-ghimire/speechain/datasets/slr54nepaliasr/data/wav16000/test/90913/0bba0a8779.wav	पार्टीसँगको आबद्धताविना	पार्टीसँगको आबद	पार्टीसँगको आबद	-0.2919107973575592	-2.494680404663086	-1.0714429521385682e-07	पार्टीसँगको आबद	पार्टीसँगको आबद	-0.2718510925769806	-2.494680404663086	-1.0714429521385682e-07
0bbb5a886a	/home/is/r-ghimire/speechain/datasets/slr54nepaliasr/data/wav16000/test/ba7f5/0bbb5a886a.wav	शारीरिक शोषण मानसिक	शारीरिक शोषण मानसिक	शारीरिक शोषण मानसिक	-0.2872543931007385	-2.5889514923095702	-2.407793544989545e-07	शारीरिक शोषण मानसिक	शारीरिक शोषण मानसिक	-0.266339510679245	-2.5889514923095702	-2.407793544989545e-07
0bbc854705	/home/is/r-ghimire/speechain/datasets/slr54nepaliasr/data/wav16000/test/2526c/0bbc854705.wav	बढाएका छन्	बढाएका छन्	बढाएका छन्	-0.3160628080368042	-1.4727998213334517	-1.291809067796831e-07	बढाएका छन्	बढाएका छन्	-0.29165902733802795	-1.4727998213334517	-1.291809067796831e-07
0bbdba826a	/home/is/r-ghimire/speechain/datasets/slr54nepaliasr/data/wav16000/test/1b37d/0bbdba826a.wav	उनलाई जिउँदै जलाइयो	उनलाई जिउँदै जलाइयो	उनलाई जिउँदै जलाइयो	-0.2972191274166107	-1.981126594543457	-1.053210735321045	उनलाई जिउँदै जलाइयो	उनलाई जिउँदै जलाइयो	-0.291710764169693	-1.981126594543457	-1.053210735321045
0bc29b0780	/home/is/r-ghimire/speechain/datasets/slr54nepaliasr/data/wav16000/test/e8f6f/0bc29b0780.wav	खसालेर रन पनि	खसालेर रहनु पनि	खसालेर रहनु पनि	-0.4537803828716278	-2.392401695251465	-1.3061173831374617e-07	खसालेर रानु पनि	खसालेर रानु पनि	-0.3668920397758484	-2.5407981872558594	-2.8753777314705076e-07
0bcb21c43e	/home/is/r-ghimire/speechain/datasets/slr54nepaliasr/data/wav16000/test/7e781/0bcb21c43e.wav	रहनुका साथै प्रजातन्त्र	रहनुका साथै प्रजातन्त्र	रहनुका साथै प्रजातन्त्र	-0.2986767888069153	-1.5793816248575847	-9.380608882262702e-08	रहनुका साथै प्रजातन्त्र	रहनुका साथै प्रजातन्त्र	-0.26853856444358826	-1.5793816248575847	-9.380608882262702e-08
0bd8277f7e	/home/is/r-ghimire/speechain/datasets/slr54nepaliasr/data/wav16000/test/55451/0bd8277f7e.wav	नोकरी पाएँ र म	नोकरी पाएँ र म	नोकरी पाएँ र म	-0.3214355409145355	-2.787791697184245	-0.981944211324056	नोकरी पाएँ र म	नोकरी पाएँ र म	-0.300489217042923	-2.787791697184245	-0.981944211324056
0bda6dfc7f	/home/is/r-ghimire/speechain/datasets/slr54nepaliasr/data/wav16000/test/53027/0bda6dfc7f.wav	मलाई त्यो प्रयोगकर्ताको	मलाई त्यो प्र	मलाई त्यो प्र	-0.2877371907234192	-1.8001864297049386	-1.9151403518792775e-05	मलाई त्यो प्र	मलाई त्यो प्र	-0.26045048236846924	-1.8001864297049386	-1.9151403518792775e-05
0be3c9bc9d	/home/is/r-ghimire/speechain/datasets/slr54nepaliasr/data/wav16000/test/6a6d1/0be3c9bc9d.wav	त्यही घरलाई आफ्नो	त्यही घरलाई आफ्नो	त्यही घरलाई आफ्नो	-0.30237582325935364	-1.4578948550754123	-2.383288675547293e-07	त्यही घरलाई आफ्नो	त्यही घरलाई आफ्नो	-0.2858264446258545	-1.4578948550754123	-2.383288675547293e-07
0be487d8e5	/home/is/r-ghimire/speechain/datasets/slr54nepaliasr/data/wav16000/test/1f1a9/0be487d8e5.wav	हुने गरी दायाँबायाँ	हुने गरी दायाँबा	हुने गरी दायाँबा	-0.2897723317146301	-2.134845958036535	-1.1728415769689224	हुने गरी दायाँबा	हुने गरी दायाँबा	-0.27811235189437866	-2.134845958036535	-1.1728415769689224
0be7858c70	/home/is/r-ghimire/speechain/datasets/slr54nepaliasr/data/wav16000/test/6f65d/0be7858c70.wav	रूपमा जानकारी गराउनुपर्छ	रूपमा जानकारी गराउनुपर	रूपमा जानकारी गराउनुपर	-0.2889319062232971	-1.6611411053201426	-4.9746779990053495e-08	रूपमा जानकारी गराउनुपर	रूपमा जानकारी गराउनुपर	-0.2658024728298187	-1.6611411053201426	-4.9746779990053495e-08
0bea9d777d	/home/is/r-ghimire/speechain/datasets/slr54nepaliasr/data/wav16000/test/8f426/0bea9d777d.wav	युवतीसँग प्रेम हुन्छ	युवतीसँग प्रेम हुन्छ	युवतीसँग प्रेम हुन्छ	-0.2998769283294678	-1.9738805861700148	-5.356066702959305e-07	युवतीसँग प्रेम हुन्छ	युवतीसँग प्रेम हुन्छ	-0.2669248878955841	-1.9738805861700148	-5.356066702959305e-07
0bed87d035	/home/is/r-ghimire/speechain/datasets/slr54nepaliasr/data/wav16000/test/d2aac/0bed87d035.wav	कम्पनीमाला एक प्रकारको	कम्पनीमाला एक प्रकारको	कम्पनीमाला एक प्रकारको	-0.3327222168445587	-1.7731643345045007	-2.1854010929414275e-07	कम्पनीमाला एक प्रकारको	कम्पनीमाला एक प्रकारको	-0.2808956503868103	-1.7731643345045007	-2.1854010929414275e-07
0bee845a36	/home/is/r-ghimire/speechain/datasets/slr54nepaliasr/data/wav16000/test/68081/0bee845a36.wav	डलरको बराबर छ	डलरको बराबर छ	डलरको बराबर छ	-0.37898027896881104	-2.6562791551862444	-8.776594638350486e-08	डलरको बाराबर छ	डलरको बाराबर छ	-0.35457658767700195	-2.642237345377604	-8.198702895848934e-08
0befa722aa	/home/is/r-ghimire/speechain/datasets/slr54nepaliasr/data/wav16000/test/c55fb/0befa722aa.wav	गाउँहरूलाई पनि विभिन्न	गाउँहरूलाई पनि विभिन्न	गाउँहरूलाई पनि विभिन्न	-0.30088096857070923	-1.2128275995669158	-0.7588012529456097	गाउँहरूलाई पनि विभिन्न	गाउँहरूलाई पनि विभिन्न	-0.2698661983013153	-1.2128275995669158	-0.7588012529456097
0bf04fad67	/home/is/r-ghimire/speechain/datasets/slr54nepaliasr/data/wav16000/test/acf91/0bf04fad67.wav	यामानको गर्दन भएको	यामानको गर्दन भएको	यामानको गर्दन भएको	-0.3193633258342743	-1.8034806502492804	-3.187351945885702e-07	यामानको गर्दन भएको	यामानको गर्दन भएको	-0.29269644618034363	-1.8034806502492804	-3.187351945885702e-07
0c042244cb	/home/is/r-ghimire/speechain/datasets/slr54nepaliasr/data/wav16000/test/44345/0c042244cb.wav	हेनरिटा डगडेलले मेलबर्न	हेनमिटर डक्यला	हेनमिटर डक्यला	-0.4660295844078064	-3.3761942545572916	-8.446363305362562e-07	हेनमिटर डग्डेल	हेनमिटर डग्डेल	-0.42985445261001587	-3.2010068257649738	-4.8590269094953935e-05
0c0a214c28	/home/is/r-ghimire/speechain/datasets/slr54nepaliasr/data/wav16000/test/47075/0c0a214c28.wav	चाहनु भएको पृष्ठको	चाहनुभएको पृष्ठको	चाहनुभएको पृष्ठको	-0.3031647801399231	-1.7807515462239583	-2.2600311745514368e-08	चाहनुभएको पृष्ठको	चाहनुभएको पृष्ठको	-0.2956090271472931	-1.7807515462239583	-2.2600311745514368e-08
0c0b66fcfd	/home/is/r-ghimire/speechain/datasets/slr54nepaliasr/data/wav16000/test/2a5b1/0c0b66fcfd.wav	सर्वाधिक मान्य	सर्वाधिक मान्ने	सर्वाधिक मान्ने	-0.313241183757782	-1.5215198993682861	-3.037962414964568e-07	सर्वाधिक मान्ने	सर्वाधिक मान्ने	-0.29944875836372375	-1.5215198993682861	-3.037962414964568e-07
0c0c19cb22	/home/is/r-ghimire/speechain/datasets/slr54nepaliasr/data/wav16000/test/90bdd/0c0c19cb22.wav	धेरै लेख	धेरै लेख	धेरै लेख	-0.3155757486820221	-1.7395076751708984	-8.399952851808241e-08	धेरै लेख	धेरै लेख	-0.31304776668548584	-1.7395076751708984	-8.399952851808241e-08
0c11007332	/home/is/r-ghimire/speechain/datasets/slr54nepaliasr/data/wav16000/test/bda65/0c11007332.wav	उद्योग मन्त्रालय नेपालमा	उद्योग मन्त्रा	उद्योग मन्त्रा	-0.28423643112182617	-1.7954762776692708	-1.379259629175067e-07	उद्योग मन्त्रा	उद्योग मन्त्रा	-0.2651960253715515	-1.7954762776692708	-1.379259629175067e-07
0c11221095	/home/is/r-ghimire/speechain/datasets/slr54nepaliasr/data/wav16000/test/237a3/0c11221095.wav	गरिएको वाक्यांश इन्कलाब	गरिएको वाक्यांश यिनकलाव	गरिएको वाक्यांश यिनकलाव	-0.35736992955207825	-2.667910575866699	-0.9265768527984619	गरिएको वाक्यांक्ष यिनकलाप	गरिएको वाक्यांक्ष यिनकलाप	-0.4346505403518677	-2.6075515747070312	-0.8553017102755033
0c13640bb8	/home/is/r-ghimire/speechain/datasets/slr54nepaliasr/data/wav16000/test/963b9/0c13640bb8.wav	टोकियोमा धेरै विश्वविद्यालय	टोकियोमा धेरै विश्वविद्यालय	टोकियोमा धेरै विश्वविद्यालय	-0.2966856360435486	-1.4972726276942663	-3.056156978280862e-08	टोकियोमा धेरै विश्वविद्यालय	टोकियोमा धेरै विश्वविद्यालय	-0.35286980867385864	-1.4972726276942663	-3.056156978280862e-08
0c1bd98f5d	/home/is/r-ghimire/speechain/datasets/slr54nepaliasr/data/wav16000/test/839e7/0c1bd98f5d.wav	सिधे नुन मात्र	सिधे नुन मात्र	सिधे नुन मात्र	-0.3253782391548157	-2.3194562276204427	-6.037788959171545e-08	सिधे लुन मात्र	सिधे लुन मात्र	-0.3290111720561981	-2.2913909912109376	-4.411624558997573e-08
0c2183f0e8	/home/is/r-ghimire/speechain/datasets/slr54nepaliasr/data/wav16000/test/9f669/0c2183f0e8.wav	शनिबार र मङ्गलबार	शनिबार र मङ्गलबार	शनिबार र मङ्गलबार	-0.30544552206993103	-2.3253534105088978	-2.593004258718186e-07	शनिबार र मङ्गलबार	शनिबार र मङ्गलबार	-0.2948906421661377	-2.3253534105088978	-2.593004258718186e-07
0c296a1dee	/home/is/r-ghimire/speechain/datasets/slr54nepaliasr/data/wav16000/test/30b96/0c296a1dee.wav	सङ्केत गर्दछ	संकेत गर	संकेत गर	-0.4098777174949646	-2.584500206841363	-7.228683469091064e-08	संकेत गर	संकेत गर	-0.2651735842227936	-2.584500206841363	-7.228683469091064e-08
0c30e4a6d1	/home/is/r-ghimire/speechain/datasets/slr54nepaliasr/data/wav16000/test/7f880/0c30e4a6d1.wav	छैटौ किराँती राजा	छैटौं किराँती राजा	छैटो किराँती राजा	-0.4285563826560974	-2.0975184970431857	-1.1965599060058594	छैठौँ किराँती राजा	छैठो किराती राजा	-0.42739781737327576	-2.2380523681640625	-2.621900421218015e-07
0c3f099f67	/home/is/r-ghimire/speechain/datasets/slr54nepaliasr/data/wav16000/test/75f34/0c3f099f67.wav	पुष्पभक्तले बोर्डफर्स्ट भएको	पुष्पभक्तले बोर्ड पस्ट भएको	पुष्पभक्तले बोर्ड पस्ट भएको	-0.3844396770000458	-2.3288481576102122	-1.8625765311039037e-08	शुष्भक्तले बोर्ड पस्ट भएको	पुष्पभक्तले बोर्ड पस्ट भएको	-0.425698846578598	-2.3288481576102122	-1.8625765311039037e-08
0c3fe5a247	/home/is/r-ghimire/speechain/datasets/slr54nepaliasr/data/wav16000/test/c7f90/0c3fe5a247.wav	एक एफएम स्टेसन	एक एफएम स्	एक एफएम स्	-0.2820347249507904	-3.5119448575106533	-0.0010322574526071548	एक एफएम स्	एक एफएम स्	-0.23593731224536896	-3.5119448575106533	-0.0010322574526071548
0c43f560ff	/home/is/r-ghimire/speechain/datasets/slr54nepaliasr/data/wav16000/test/d02b3/0c43f560ff.wav	र इङ्ल्यान्डका अपराधीहरूका	र इन्ल्यान्डका अपराधीहरूका	र इन्ल्यान्डका अपराधीहरूका	-0.3264913856983185	-2.0995220608181424	-1.511491097550822e-07	र इङ्गल्यान्डका अपराधीहरूका	र इङ्गल्यान्डका अपराधीहरूका	-0.319219708442688	-2.14626407623291	-1.0668294895107725e-07
0c46066c1b	/home/is/r-ghimire/speechain/datasets/slr54nepaliasr/data/wav16000/test/01173/0c46066c1b.wav	लागि उपयुक्त	लागि उपयुक्	लागि उपयुक्	-0.2874680757522583	-2.085145632425944	-1.0980101402916869e-06	लागि उपयुक्	लागि उपयुक्	-0.2755199670791626	-2.085145632425944	-1.0980101402916869e-06
0c49b9e5dc	/home/is/r-ghimire/speechain/datasets/slr54nepaliasr/data/wav16000/test/a2ab6/0c49b9e5dc.wav	तपाईँको योगदानको श्रेय	तपाईँको योगदानको श्रेय	तपाईँको योगदानको श्रेय	-0.2821820378303528	-1.6662975808848506	-0.9007735045059867	तपाईँको योगदानको श्रेय	तपाईँको योगदानको श्रेय	-0.26360270380973816	-1.6662975808848506	-0.9007735045059867
0c53250906	/home/is/r-ghimire/speechain/datasets/slr54nepaliasr/data/wav16000/test/646f2/0c53250906.wav	यसकारण मलाई लाग्छ	यसकारण मलाई लाग्छ	यसकारण मलाई लाग्छ	-0.3256046772003174	-1.7805580563015408	-3.6317540737703286e-07	यसकारण मलाई लाग्छ	यसकारण मलाई लाग्छ	-0.28184255957603455	-1.7805580563015408	-3.6317540737703286e-07
0c5361ec52	/home/is/r-ghimire/speechain/datasets/slr54nepaliasr/data/wav16000/test/aae92/0c5361ec52.wav	निबन्धको अत्यन्त	निबन्धकको अत्यन्त	निबन्धकको अत्यन्त	-0.33156532049179077	-1.8337639702690973	-5.8875192128956165e-08	निबन्धको अत्यन्त	निबन्धको अत्यन्त	-0.33951833844184875	-1.599993761848001	-6.12570495243691e-08
0c5cd8ce2a	/home/is/r-ghimire/speechain/datasets/slr54nepaliasr/data/wav16000/test/4b59a/0c5cd8ce2a.wav	भरिएको देखियो	भरिएको द	भरिएको द	-0.28918299078941345	-2.7619200812445746	-5.483913102782228e-06	भरिएको द	भरिएको द	-0.27828848361968994	-2.7619200812445746	-5.483913102782228e-06
0c5d83a175	/home/is/r-ghimire/speechain/datasets/slr54nepaliasr/data/wav16000/test/53027/0c5d83a175.wav	तिनले सङ्ख्यालाई	तिनले सङ्ख्यालाई	तिनले सङ्ख्यालाई	-0.3037979006767273	-1.4433849559110754	-2.3348860957091402e-07	तिनले सङ्ख्यालाई	तिनले सङ्ख्यालाई	-0.28658148646354675	-1.4433849559110754	-2.3348860957091402e-07
0c627d7a90	/home/is/r-ghimire/speechain/datasets/slr54nepaliasr/data/wav16000/test/90bdd/0c627d7a90.wav	नामाकरणको कथा	नामकरणको कथा	नामकरणको कथा	-0.31596437096595764	-2.1406159034142127	-8.80821831882573e-08	नामकरणको कथा	नामकरणको कथा	-0.3290574848651886	-2.1406159034142127	-8.80821831882573e-08
0c64b8a6f0	/home/is/r-ghimire/speechain/datasets/slr54nepaliasr/data/wav16000/test/6ee13/0c64b8a6f0.wav	छुट्टै वैशिष्ट्य छ	छुट्टै वैशिष्ट्य छ	छुट्टै वैशिष्ट्य छ	-0.2996760308742523	-2.2743453979492188	-3.5252091229746215e-06	छुट्टै वैशिष्ट्य छ	छुट्टै वैशिष्ट्य छ	-0.3250516951084137	-2.2743453979492188	-3.5252091229746215e-06
0c666cf413	/home/is/r-ghimire/speechain/datasets/slr54nepaliasr/data/wav16000/test/5a5e7/0c666cf413.wav	डाउन फल हो	डाउनफल हो	डाउनफल हो	-0.36890020966529846	-2.828317070007324	-3.763694564895559e-08	डाउन फल ह	डाउन फल ह	-0.2819853127002716	-3.099988555908203	-0.0002752318046987057
0c679c8d6f	/home/is/r-ghimire/speechain/datasets/slr54nepaliasr/data/wav16000/test/29c22/0c679c8d6f.wav	चूडामणि आदि श्रेष्ठतम	चूडामणि आदि श्रेष्ठतम	चूडामणि आदि श्रेष्ठतम	-0.30404600501060486	-2.8961942846124824	-3.164830724761652e-08	चूडामणि आदि श्रेष्ठतम	चूडामणि आदि श्रेष्ठतम	-0.2686415910720825	-2.8961942846124824	-3.164830724761652e-08
0c68f3ff8b	/home/is/r-ghimire/speechain/datasets/slr54nepaliasr/data/wav16000/test/33783/0c68f3ff8b.wav	यसलाई अन्यथा लिएर	यसलाई अन्य थालिएर	यसलाई अन्य थालिएर	-0.317417711019516	-1.6010557810465496	-4.0938655527295646e-07	यसलाई अन्य थालिएर	यसलाई अन्य थालिएर	-0.30551159381866455	-1.6010557810465496	-4.0938655527295646e-07
0c6ba07389	/home/is/r-ghimire/speechain/datasets/slr54nepaliasr/data/wav16000/test/7c42f/0c6ba07389.wav	न्यायलयका न्यायधीशका	न्यायालयका न्यायाधीशका	न्यायालयका न्यायाधीशका	-0.3050535023212433	-2.487026546312415	-6.826076059951447e-08	न्यायालयका न्यायाधीशका	न्यायालयका न्यायाधीशका	-0.3069521188735962	-2.487026546312415	-6.826076059951447e-08
0c6eb23943	/home/is/r-ghimire/speechain/datasets/slr54nepaliasr/data/wav16000/test/f0c93/0c6eb23943.wav	चोराकोयलपुरको जनसङ्ख्या छ	चोराकोवेलपुरको जनसङ्	चोराकोवेलपुरको जनसङ्	-0.3337993025779724	-2.756363278343564	-0.0012846590862387703	चोराकोवालपुरको जनसङ्	चोराकोवालपुरको जनसङ्	-0.363088458776474	-2.6372422717866444	-0.0013619872430960338
0c6fc85a00	/home/is/r-ghimire/speechain/datasets/slr54nepaliasr/data/wav16000/test/28f92/0c6fc85a00.wav	गैरसरकारी स्तरमा स्थापना	गैरसरकारी स्तरमा स्	गैरसरकारी स्तरमा स्	-0.33570945262908936	-2.575122261047363	-0.0012837821617722512	गैरसरकारी स्तरमा स्	गैरसरकारी स्तरमा स्	-0.2683228850364685	-2.575122261047363	-0.0012837821617722512
0c700eae26	/home/is/r-ghimire/speechain/datasets/slr54nepaliasr/data/wav16000/test/b8154/0c700eae26.wav	जातकले आफ्ना परिवारजन	जातकले आफ्नो परिभ	जातकले आफ्नो परिभ	-0.3327227234840393	-1.9736501905653212	-1.1124685342009696e-05	जातकले आफ्ना परिव	जातकले आफ्ना परिव	-0.2713034749031067	-2.005993949042426	-1.0357660408367843e-07
0c725620fc	/home/is/r-ghimire/speechain/datasets/slr54nepaliasr/data/wav16000/test/e4596/0c725620fc.wav	उनले पाँच लाख	उनले पाँ	उनले पाँ	-0.2883690595626831	-2.0182026757134333	-2.1129642062717013	उनले पाँ	उनले पाँ	-0.26130226254463196	-2.0182026757134333	-2.1129642062717013
0c76a4987b	/home/is/r-ghimire/speechain/datasets/slr54nepaliasr/data/wav16000/test/412d7/0c76a4987b.wav	उसले आमालाई बाबु	उसले आमालाई बाबु	उसले आमालाई बाबु	-0.3126039206981659	-2.0551030776079964	-2.0494204189911696e-08	उसले आमालाई बाबु	उसले आमालाई बाबु	-0.28357118368148804	-2.0551030776079964	-2.0494204189911696e-08
0c7f8695de	/home/is/r-ghimire/speechain/datasets/slr54nepaliasr/data/wav16000/test/cc4bf/0c7f8695de.wav	सहर मैले	सहर मैले	सहर मैले	-0.33561649918556213	-2.0537681579589844	-8.015001008566793e-08	सहर मैले	सहर मैले	-0.2917386293411255	-2.0537681579589844	-8.015001008566793e-08
0c869b937c	/home/is/r-ghimire/speechain/datasets/slr54nepaliasr/data/wav16000/test/8b655/0c869b937c.wav	नेतृत्व गर्ने महिन्द्रसिंहले	नेतृत्व गर्ने मह	नेतृत्व गर्ने मह	-0.3013404905796051	-2.05272943833295	-3.205006685354473e-06	नेतृत्व गर्ने मह	नेतृत्व गर्ने मह	-0.2651003897190094	-2.05272943833295	-3.205006685354473e-06
0c993bb366	/home/is/r-ghimire/speechain/datasets/slr54nepaliasr/data/wav16000/test/e2039/0c993bb366.wav	मुख्य खोलाहरू हुन्	मुख्य खो	मुख्य खो	-0.26988133788108826	-2.1920388539632163	-1.44372178409766e-06	मुख्य खो	मुख्य खो	-0.26373574137687683	-2.1920388539632163	-1.44372178409766e-06
0c9ede0956	/home/is/r-ghimire/speechain/datasets/slr54nepaliasr/data/wav16000/test/b3c22/0c9ede0956.wav	जसको अस्तित्व नै थिएन	जसको अस्तित्व नै 	जसको अस्तित्व नै 	-0.2983613908290863	-1.9467574225531683	-1.5228808883370624e-05	जसको अस्तित्व नै 	जसको अस्तित्व नै 	-0.2571731507778168	-1.9467574225531683	-1.5228808883370624e-05
0ca2b3dd6d	/home/is/r-ghimire/speechain/datasets/slr54nepaliasr/data/wav16000/test/7fda9/0ca2b3dd6d.wav	शकुन्तलाको कथा	शकुन्तलाको कथा	शकुन्तलाको कथा	-0.31274035573005676	-2.627796427408854	-2.9481746726863397e-07	शकुन्तलाको कथा	शकुन्तलाको कथा	-0.289762943983078	-2.627796427408854	-2.9481746726863397e-07
0cafe0d446	/home/is/r-ghimire/speechain/datasets/slr54nepaliasr/data/wav16000/test/8570d/0cafe0d446.wav	समुदायमा मामाको छोरीसित	समुदायमा मामाको छोरीसित	समुदायमा मामाको छोरीसित	-0.30720147490501404	-2.2484466234842935	-3.571989282136201e-08	समुदायमा मामाको छोरीसित	समुदायमा मामाको छोरीसित	-0.27740734815597534	-2.2484466234842935	-3.571989282136201e-08
0cb4f34d70	/home/is/r-ghimire/speechain/datasets/slr54nepaliasr/data/wav16000/test/88dc8/0cb4f34d70.wav	मोतिबहादुर र माताको	मोतिबहादुर र माताको	मोतिबहादुर र माताको	-0.30670541524887085	-2.1948272705078127	-3.211312105122488e-07	मोतीबहादुर र माताको	मोतिबहादुर र माताको	-0.339749813079834	-2.1948272705078127	-3.211312105122488e-07
0cb93778be	/home/is/r-ghimire/speechain/datasets/slr54nepaliasr/data/wav16000/test/cce0f/0cb93778be.wav	र हिंसामा परिणत हुनु	र हिंसामा परिणत हुनु	र हिंसामा परिणत हुनु	-0.29617446660995483	-2.244946071079799	-0.816455568586077	र हिंसामा परिणत हुनु	र हिंसामा परिणत हुनु	-0.2797498106956482	-2.244946071079799	-0.816455568586077
0cc237ad03	/home/is/r-ghimire/speechain/datasets/slr54nepaliasr/data/wav16000/test/0d4f0/0cc237ad03.wav	स्तनधारी जीव हो	स्तनधारी जीव	स्तनधारी जीव	-0.33138522505760193	-2.6519575852614183	-8.21127584388775e-08	स्तनधारी जीव हो	स्तनधारी जीव हो	-0.35921433568000793	-2.317612648010254	-7.559739856333181e-08
0cc2d3262d	/home/is/r-ghimire/speechain/datasets/slr54nepaliasr/data/wav16000/test/5d09c/0cc2d3262d.wav	सर्वज्ञ हुँदैन	सर्वज्ञ हुँदैन	सर्वज्ञ हुँदैन	-0.29735881090164185	-1.9696542104085286	-1.6577433268229167	सर्वज्ञ हुँदैन	सर्वज्ञ हुँदैन	-0.2779446840286255	-1.9696542104085286	-1.6577433268229167
0cc42ccacf	/home/is/r-ghimire/speechain/datasets/slr54nepaliasr/data/wav16000/test/bad17/0cc42ccacf.wav	परराष्ट्र मामिला अध्ययन	परराष्ट्रमा मिला अध्ययन	परराष्ट्रमा मिला अध्ययन	-0.2977646291255951	-1.6013161341349285	-3.1473234685108764e-08	परराष्ट्रमा मिला अध्ययन	परराष्ट्रमा मिला अध्ययन	-0.28441092371940613	-1.6013161341349285	-3.1473234685108764e-08
0cc4b4dca2	/home/is/r-ghimire/speechain/datasets/slr54nepaliasr/data/wav16000/test/393a5/0cc4b4dca2.wav	आँपटार गाविसको सुकेपोखरी	आँपटार गाविसको सुकेपोखरी	आँपटार गाविसको सुकेपोखरी	-0.33538818359375	-2.359616546630859	-0.5304118728637696	आँपटार गाविसको सुकेपोखरी	आँपटार गाविसको सुकेपोखरी	-0.31127089262008667	-2.359616546630859	-0.5304118728637696
0cc50b37ce	/home/is/r-ghimire/speechain/datasets/slr54nepaliasr/data/wav16000/test/62f45/0cc50b37ce.wav	यसको आकार अफ्रिकामा	यसको आकार अफ्रिकामा	यसको आकार अफ्रिकामा	-0.30724474787712097	-1.4380589485168458	-3.1313136332755677e-07	यसको आकार अफ्रिकामा	यसको आकार अफ्रिकामा	-0.2905280888080597	-1.4380589485168458	-3.1313136332755677e-07
0cdcf2c620	/home/is/r-ghimire/speechain/datasets/slr54nepaliasr/data/wav16000/test/4dccf/0cdcf2c620.wav	कथावस्तु थिइन्	कथावस्तु थिइन्	कथावस्तु थिइन्	-0.35090136528015137	-2.259718322753906	-1.5617388271493837e-08	कथावस्तु थिइन्	कथावस्तु थिइन्	-0.32001787424087524	-2.259718322753906	-1.5617388271493837e-08
0ce0cd20b1	/home/is/r-ghimire/speechain/datasets/slr54nepaliasr/data/wav16000/test/efcb9/0ce0cd20b1.wav	निकाल्न सकिन्छ	निकाल्न सकिन्छ	निकाल्न सकिन्छ	-0.31831544637680054	-1.550665791829427	-6.405841001348259e-08	निकाल्न सकिन्छ	निकाल्न सकिन्छ	-0.2940236032009125	-1.550665791829427	-6.405841001348259e-08
0ce1b8a82f	/home/is/r-ghimire/speechain/datasets/slr54nepaliasr/data/wav16000/test/d31e9/0ce1b8a82f.wav	आफ्नो मन वचन	आफ्नो मन व	आफ्नो मन व	-0.29171663522720337	-2.3839119997891514	-0.00011898508422415365	आफ्नो मन व	आफ्नो मन व	-0.28726840019226074	-2.3839119997891514	-0.00011898508422415365
0ce98b8d84	/home/is/r-ghimire/speechain/datasets/slr54nepaliasr/data/wav16000/test/43655/0ce98b8d84.wav	यहाँ देख्न सकिन्छ	यहाँ देख्न सकिन्छ	यहाँ देख्न सकिन्छ	-0.30774810910224915	-1.3094319237603083	-1.6170467800564237	यहाँ देख्न सकिन्छ	यहाँ देख्न सकिन्छ	-0.29219958186149597	-1.3094319237603083	-1.6170467800564237
0cf4daf79d	/home/is/r-ghimire/speechain/datasets/slr54nepaliasr/data/wav16000/test/0e059/0cf4daf79d.wav	धर्म मान्दैनन्	धर्म मान्दै	धर्म मान्दै	-0.2805836498737335	-1.9544216791788738	-1.2240702081574758e-08	धर्म मान्दै	धर्म मान्दै	-0.26918143033981323	-1.9544216791788738	-1.2240702081574758e-08
0cf7516766	/home/is/r-ghimire/speechain/datasets/slr54nepaliasr/data/wav16000/test/bda65/0cf7516766.wav	केन्द्रित छ	केन्द्रित छ	केन्द्रित छ	-0.31297624111175537	-1.4869195620218914	-2.0826874447266164e-08	केन्द्रित छ	केन्द्रित छ	-0.2933098077774048	-1.4869195620218914	-2.0826874447266164e-08
0cfdaa6edf	/home/is/r-ghimire/speechain/datasets/slr54nepaliasr/data/wav16000/test/fc4f4/0cfdaa6edf.wav	डाक्टर कलामलाई भारतको	डाक्टर कलामलाई भारतको	डाक्टर कलामलाई भारतको	-0.3055713474750519	-1.8509760769930752	-1.590399899049027e-07	डाक्टर कलामलाई भारतको	डाक्टर कलामलाई भारतको	-0.26941603422164917	-1.8509760769930752	-1.590399899049027e-07
0cfe701d5e	/home/is/r-ghimire/speechain/datasets/slr54nepaliasr/data/wav16000/test/88901/0cfe701d5e.wav	र उसो गरेँ भनेर	र उसो गरेँ भनेर	र उसो गरेँ भनेर	-0.34102168679237366	-2.5541648864746094	-0.8140001893043518	र उसो गरे भनेर	र उसो गरे भनेर	-0.3426592946052551	-2.3323343912760417	-8.291989009497532e-08
0cffd9b05a	/home/is/r-ghimire/speechain/datasets/slr54nepaliasr/data/wav16000/test/4b59a/0cffd9b05a.wav	त्यहाँ प्रतिमा स्थापना गरे	त्यहाँ प्रतिमा स्	त्यहाँ प्रतिमा स्	-0.2967478334903717	-1.6690220303005643	-1.7307761510213215	त्यहाँ प्रतिमा स्	त्यहाँ प्रतिमा स्	-0.26396211981773376	-1.6690220303005643	-1.7307761510213215
0d06782f36	/home/is/r-ghimire/speechain/datasets/slr54nepaliasr/data/wav16000/test/55c0f/0d06782f36.wav	गिनिज बुकमा दर्ता	गिनिज बुकमा दर्ता	गिनिज बुकमा दर्ता	-0.3190782368183136	-2.685944027370877	-1.0387040876796365e-07	गिनिज बुकमा दर्ता	गिनिज बुकमा दर्ता	-0.2984215319156647	-2.685944027370877	-1.0387040876796365e-07
0d0d07259a	/home/is/r-ghimire/speechain/datasets/slr54nepaliasr/data/wav16000/test/839e7/0d0d07259a.wav	प्रियका नजिक सन्देश	क्रियाका नजिक सन्देश	क्रियाका नजिक सन्देश	-0.3116949200630188	-1.770340329124814	-4.2880157837186875e-08	प्रियका नजिक सन्देश	प्रियका नजिक सन्देश	-0.2936776876449585	-2.0322891235351563	-3.724083217093721e-06
0d0dbbff1d	/home/is/r-ghimire/speechain/datasets/slr54nepaliasr/data/wav16000/test/8570d/0d0dbbff1d.wav	तकसेरा गाविसको थोरै	तकसेरा गाविसको थोरै	तकसेरा गाविसको थोरै	-0.30505192279815674	-2.3279067993164064	-1.5992343378457007e-07	तकसेरा गाविसको थोरै	तकसेरा गाविसको थोरै	-0.2991076409816742	-2.3279067993164064	-1.5992343378457007e-07
0d0efd2cc3	/home/is/r-ghimire/speechain/datasets/slr54nepaliasr/data/wav16000/test/21ba4/0d0efd2cc3.wav	आफूले भोगेको पीडा	आफूले भोगेको पीडा	आफूले भोगेको पीडा	-0.31002286076545715	-2.1721634334988065	-3.038339792106449e-08	आफूले भोगेको पीडा	आफूले भोगेको पीडा	-0.27599743008613586	-2.1721634334988065	-3.038339792106449e-08
0d123f8f02	/home/is/r-ghimire/speechain/datasets/slr54nepaliasr/data/wav16000/test/8fbe4/0d123f8f02.wav	शहीदहरूको स्मारक इंडियागेट	सहितहरूको स्मारक इन्डियागेट	सहितहरूको स्मारक इन्डियागेट	-0.3171687722206116	-2.258035251072475	-1.0030249443713859e-07	सहिदहरूको स्मारक इन्डियागेट	सहिदहरूको स्मारक इन्डियागेट	-0.3040350675582886	-2.3898677825927734	-1.0111630542399195e-07
0d131323ca	/home/is/r-ghimire/speechain/datasets/slr54nepaliasr/data/wav16000/test/c536c/0d131323ca.wav	भन्दा बढी मान्छेहरू	भन्दा बढी मान्	भन्दा बढी मान्	-0.2879044711589813	-1.898309326171875	-9.954292181646452e-08	भन्दा बढी मान्	भन्दा बढी मान्	-0.27493733167648315	-1.898309326171875	-9.954292181646452e-08
0d13e4ca94	/home/is/r-ghimire/speechain/datasets/slr54nepaliasr/data/wav16000/test/970ca/0d13e4ca94.wav	जसले पूर्ण राजतन्त्र	जसले पूर्ण राजतन्त्र	जसले पूर्ण राजतन्त्र	-0.30199408531188965	-1.4770464215959822	-1.80881638048699e-07	जसले पूर्ण राजतन्त्र	जसले पूर्ण राजतन्त्र	-0.2703321874141693	-1.4770464215959822	-1.80881638048699e-07
0d14f2eda8	/home/is/r-ghimire/speechain/datasets/slr54nepaliasr/data/wav16000/test/bee0c/0d14f2eda8.wav	वल्डकपमा स्पेन र	वल्कपमा स्पेन र	वल्कपमा स्पेन र	-0.4325007200241089	-2.7893753051757812	-1.691812379078783e-08	वल्कपमा स्पेन र	वल्कपमा स्पेन र	-0.34467020630836487	-2.7893753051757812	-1.691812379078783e-08
0d1df06b54	/home/is/r-ghimire/speechain/datasets/slr54nepaliasr/data/wav16000/test/319a8/0d1df06b54.wav	दिइयोस् उनैमा विकल्पित	दिइयोस् उनैमा विकल्पित	दिइयोस् उनैमा विकल्पित	-0.327650785446167	-2.478358724842901	-7.44329821353186e-08	दिइयोस् उनैमा विकल्पित	दिइयोस् उनैमा विकल्पित	-0.3212011158466339	-2.478358724842901	-7.44329821353186e-08
0d229ee619	/home/is/r-ghimire/speechain/datasets/slr54nepaliasr/data/wav16000/test/f8188/0d229ee619.wav	सदरमुकामबाट आधा कोस	सदरमुकामबाट आधा कोस	सदरमुकामबाट आधा कोस	-0.3003161549568176	-2.467482566833496	-4.34005301030993e-08	सदरमुकामबाट आधा कोष	सदरमुकामबाट आधा कोष	-0.29825150966644287	-2.447313690185547	-3.167771183143486e-08
0d23be1ca8	/home/is/r-ghimire/speechain/datasets/slr54nepaliasr/data/wav16000/test/70e10/0d23be1ca8.wav	यस अवसरमा	यस अवसरमा	यस अवसरमा	-0.32571396231651306	-2.1082437515258787	-5.61467686566175e-07	यस अवसरमा	यस अवसरमा	-0.2856962978839874	-2.1082437515258787	-5.61467686566175e-07
0d25bf2d1a	/home/is/r-ghimire/speechain/datasets/slr54nepaliasr/data/wav16000/test/79c24/0d25bf2d1a.wav	बङ्गाल दार्जिलिङ आसामसम्म	बङ्गाल दार्जिलिङ आसामसम्म	बङ्गाल दार्जिलिङ आसामसम्म	-0.287817120552063	-2.427058293269231	-1.4195429685059935e-06	बङ्गाल दार्जिलिङ आसामसम्म	बङ्गाल दार्जिलिङ आसामसम्म	-0.2699185907840729	-2.427058293269231	-1.4195429685059935e-06
0d27babb2a	/home/is/r-ghimire/speechain/datasets/slr54nepaliasr/data/wav16000/test/4cefa/0d27babb2a.wav	प्रचलित रहेको छ	प्रचलित रहेक	प्रचलित रहेक	-0.2920660674571991	-1.9529688908503606	-2.762138032826792e-08	प्रचलित रहेक	प्रचलित रहेक	-0.24925385415554047	-1.9529688908503606	-2.762138032826792e-08
0d315a0981	/home/is/r-ghimire/speechain/datasets/slr54nepaliasr/data/wav16000/test/aec56/0d315a0981.wav	नजाऊ नखेल	नजाउ न खेल	नजाउ न खेल	-0.5118063688278198	-3.1600751009854404	-1.6962992297273807e-06	नजाऊ नखेला	नजाऊ नखेला	-0.41408514976501465	-3.678953690962358	-1.7739659018512943e-07
0d39f63905	/home/is/r-ghimire/speechain/datasets/slr54nepaliasr/data/wav16000/test/555eb/0d39f63905.wav	रहेको दुम्जा सिन्धुली	रहेको दुम्जा सिन्धुली	रहेको दुम्जा सिन्धुली	-0.3026121258735657	-1.8888530731201172	-1.6647669037245744e-07	रहेको दुम्जा सिन्धुली	रहेको दुम्जा सिन्धुली	-0.27581557631492615	-1.8888530731201172	-1.6647669037245744e-07
0d3c40eb3a	/home/is/r-ghimire/speechain/datasets/slr54nepaliasr/data/wav16000/test/73b5e/0d3c40eb3a.wav	मन्त्रालयहरू मध्येको एक	मन्त्रालयहरू मध्येको एक	मन्त्रालयहरू मध्येको एक	-0.3234530985355377	-1.5573984781901042	-1.968208683441238e-07	मन्त्रालयहरू मध्येको एक	मन्त्रालयहरू मध्येको एक	-0.2802034616470337	-1.5573984781901042	-1.968208683441238e-07
0d3eca6f6c	/home/is/r-ghimire/speechain/datasets/slr54nepaliasr/data/wav16000/test/a1143/0d3eca6f6c.wav	ढोग दर्शन गर्न	ढोग दर्शन गर्न	ढोग दर्शन गर्न	-0.3161744177341461	-1.96741574605306	-2.0414205437191413e-08	ढोग दर्शन गर्न	ढोग दर्शन गर्न	-0.3395766317844391	-1.96741574605306	-2.0414205437191413e-08
0d4398e46d	/home/is/r-ghimire/speechain/datasets/slr54nepaliasr/data/wav16000/test/4dccf/0d4398e46d.wav	यो गाविसका सबै	यो गाविसका सबै	यो गाविसका सबै	-0.3252808451652527	-1.5898265838623047	-3.85462347670303e-07	यो गाविसका सबै	यो गाविसका सबै	-0.30167344212532043	-1.5898265838623047	-3.85462347670303e-07
0d4e281c72	/home/is/r-ghimire/speechain/datasets/slr54nepaliasr/data/wav16000/test/14abf/0d4e281c72.wav	भारदाहरूलाई कुनै सुइँकोसम्म	भारदारहरूलाई कुनै सुइँकोसम्म	भारदारहरूलाई कुनै सुइँकोसम्म	-0.33129021525382996	-2.0845360591493804	-0.4222180596713362	भारदारहरूलाई कुनै सुइँकोसम्म	भारदारहरूलाई कुनै सुइँकोसम्म	-0.29355567693710327	-2.0845360591493804	-0.4222180596713362
0d5b251c29	/home/is/r-ghimire/speechain/datasets/slr54nepaliasr/data/wav16000/test/2771e/0d5b251c29.wav	इतिहास लेख्दैनन्	इतिहास लेख्दैनन्	इतिहास लेख्दैनन्	-0.29509061574935913	-1.7517945906695198	-1.5373254481186023e-07	इतिहास लेख्दैनन्	इतिहास लेख्दैनन्	-0.28302621841430664	-1.7517945906695198	-1.5373254481186023e-07
0d5bbc4fd7	/home/is/r-ghimire/speechain/datasets/slr54nepaliasr/data/wav16000/test/41b2c/0d5bbc4fd7.wav	पर्नुअघि म बस्ने	पर्नुअघि न म बस्ने	पर्नुअघि नम बस्ने	-0.48144829273223877	-2.398059844970703	-8.967214171207161e-08	पर्नुअघि म बस्ने	पर्नुअघि म बस्ने	-0.335439532995224	-2.3066807915182674	-9.054949313234402e-08
0d6338434c	/home/is/r-ghimire/speechain/datasets/slr54nepaliasr/data/wav16000/test/1ad64/0d6338434c.wav	त्यस ठाउँलाई जिमाली	त्यस ठाउँलाई जिम्	त्यस ठाउँलाई जिम्	-0.29321157932281494	-1.7672787772284613	-1.191096093919542	त्यस ठाउँलाई जिमा	त्यस ठाउँलाई जिमा	-0.2621302604675293	-1.754204856024848	-1.191096093919542
0d66243207	/home/is/r-ghimire/speechain/datasets/slr54nepaliasr/data/wav16000/test/88dc8/0d66243207.wav	शासकहरूले सत्ता छाडी	शासकहरूले सत्ता छाडे	शासकहरूले सत्ता छाडे	-0.3498174846172333	-1.9954405285063244	-2.0762040332469736e-07	शासकहरूले सत्ता छाडी	शासकहरूले सत्ता छाडी	-0.30196407437324524	-1.9907010396321614	-2.0761906073728043e-07
0d692a349a	/home/is/r-ghimire/speechain/datasets/slr54nepaliasr/data/wav16000/test/68081/0d692a349a.wav	स्थिति अर्कै थियो	स्थिति अर्कै थियो	स्थिति अर्कै थियो	-0.3671776354312897	-1.5206704669528537	-5.8860880219274094e-08	स्थिति अर्कै थियो	स्थिति अर्कै थियो	-0.3118538558483124	-1.5206704669528537	-5.8860880219274094e-08
0d69e50644	/home/is/r-ghimire/speechain/datasets/slr54nepaliasr/data/wav16000/test/a2ab6/0d69e50644.wav	डाँडाखर्क नेपालको	डाँडाखर्क नेपालको	डाँडाखर्क नेपालको	-0.29188865423202515	-1.9567919837103949	-1.2205806308322482	डाँडाखर्क नेपालको	डाँडाखर्क नेपालको	-0.2789578139781952	-1.9567919837103949	-1.2205806308322482
0d6b4edb2c	/home/is/r-ghimire/speechain/datasets/slr54nepaliasr/data/wav16000/test/7de40/0d6b4edb2c.wav	अरु पनि धेरै थर	अरू पनि धेर	अरू पनि धेर	-0.30254802107810974	-2.063715616861979	-1.1715668316962062e-07	अरू पनि धेर	अरू पनि धेर	-0.3300492465496063	-2.063715616861979	-1.1715668316962062e-07
0d6b704fc2	/home/is/r-ghimire/speechain/datasets/slr54nepaliasr/data/wav16000/test/31a35/0d6b704fc2.wav	त्यहाँ क्लिक गरेर	त्यहाँ क्लिक गरेर	त्यहाँ क्लिक गरेर	-0.3107309937477112	-1.69240230984158	-1.7295988930596247	त्यहाँ क्लिक गरेर	त्यहाँ क्लिक गरेर	-0.30110448598861694	-1.69240230984158	-1.7295988930596247
0d77f20229	/home/is/r-ghimire/speechain/datasets/slr54nepaliasr/data/wav16000/test/c55fb/0d77f20229.wav	जल्दापारा वन्यजीव अभयारण्य	जल्दापारा वन्यजीव अभयारिम्या	जल्दापारा वन्यजीव अभयारिम्या	-0.3437016010284424	-2.8275317488045526	-5.343320888892651e-07	जल्दा पारा वन्यजीव अभयारण्य	जल्दा पारा वन्यजीव अभयारण्य	-0.3385493755340576	-2.7753077915736606	-5.142827766186591e-07
0d79e0fd70	/home/is/r-ghimire/speechain/datasets/slr54nepaliasr/data/wav16000/test/57449/0d79e0fd70.wav	साथी बन्न आग्रह	साथी बन्न आग्रह	साथी बन्न आग्रह	-0.3096598982810974	-2.0697333812713623	-2.058439122265554e-06	साथी बन्न आग्रह	साथी बन्न आग्रह	-0.2965165972709656	-2.0697333812713623	-2.058439122265554e-06
0d81c5e84c	/home/is/r-ghimire/speechain/datasets/slr54nepaliasr/data/wav16000/test/51385/0d81c5e84c.wav	प्रवेश नगर्दा अगाडि	प्रवेश नगर्दा अगाडि	प्रवेश नगर्दा अगाडि	-0.30502042174339294	-1.8332813262939454	-1.312521078489226e-08	प्रवेश नगर्दा अगाडि	प्रवेश नगर्दा अगाडि	-0.2942335307598114	-1.8332813262939454	-1.312521078489226e-08
0d8a768871	/home/is/r-ghimire/speechain/datasets/slr54nepaliasr/data/wav16000/test/84446/0d8a768871.wav	यो उनलाई भनेको थियो	यो उनलाई भनेको थियो	यो उनलाई भनेको थियो	-0.3066149652004242	-1.1831790924072265	-2.914882315963041e-07	यो उनलाई भनेको थियो	यो उनलाई भनेको थियो	-0.2863278090953827	-1.1831790924072265	-2.914882315963041e-07
0d8bfa834d	/home/is/r-ghimire/speechain/datasets/slr54nepaliasr/data/wav16000/test/c652e/0d8bfa834d.wav	दाजुलाई नमार्नु	दाजुलाई नमार्न	दाजुलाई नमार्न	-0.29210594296455383	-2.373198954264323	-1.5444141657402118e-07	दाजुलाई नमार्न	दाजुलाई नमार्न	-0.2625124156475067	-2.373198954264323	-1.5444141657402118e-07
0d8f68c4bf	/home/is/r-ghimire/speechain/datasets/slr54nepaliasr/data/wav16000/test/7070f/0d8f68c4bf.wav	भाषामा निरुक्तको भूमिकाको	भाषामा निरुक्तको भूमिकाको	भाषामा निरुक्तको भूमिकाको	-0.302844762802124	-1.5876467778132513	-1.506988995130926e-07	भाषामा निरुक्तको भूमिकाको	भाषामा निरुक्तको भूमिकाको	-0.28165504336357117	-1.5876467778132513	-1.506988995130926e-07
0d8f705acf	/home/is/r-ghimire/speechain/datasets/slr54nepaliasr/data/wav16000/test/f65eb/0d8f705acf.wav	भएर अर्जेन्टिनी कमिक	भएर अर्जेन्टिनी कमिक	भएर अर्जेन्टिनी कमिक	-0.31268829107284546	-2.385208493187314	-5.285428848028892e-06	भएर अर्जेन्टिनी कमिक	भएर अर्जेन्टिनी कमिक	-0.2859260141849518	-2.385208493187314	-5.285428848028892e-06
0d909c6b23	/home/is/r-ghimire/speechain/datasets/slr54nepaliasr/data/wav16000/test/b3c22/0d909c6b23.wav	यस भाषाको सम्बन्ध	यस भाषाको सम्बन	यस भाषाको सम्बन	-0.29288536310195923	-1.673861026763916	-3.5947027754446026e-07	यस भाषाको सम्बन	यस भाषाको सम्बन	-0.2575758397579193	-1.673861026763916	-3.5947027754446026e-07
0d91044975	/home/is/r-ghimire/speechain/datasets/slr54nepaliasr/data/wav16000/test/46a1c/0d91044975.wav	पहिलो छोरा जन्माइन्	पहिलो छोरा	पहिलो छोरा	-0.2878933846950531	-1.7706525976007634	-5.606227659882279e-08	पहिलो छोरा	पहिलो छोरा	-0.2778109014034271	-1.7706525976007634	-5.606227659882279e-08
0d95dcd7e8	/home/is/r-ghimire/speechain/datasets/slr54nepaliasr/data/wav16000/test/43655/0d95dcd7e8.wav	मन पर्दैन	मन पर्दैन	मन पर्दैन	-0.32841208577156067	-2.208760070800781	-2.0075594875379466e-06	मन पर्दैन	मन पर्दैन	-0.3178923428058624	-2.208760070800781	-2.0075594875379466e-06
0d96f53105	/home/is/r-ghimire/speechain/datasets/slr54nepaliasr/data/wav16000/test/3867c/0d96f53105.wav	भाषालाई पछिल्लो वैदिक	भाषाले पछिल्लो व	भाषाले पछिल्लो व	-0.29066091775894165	-2.10669438979205	-0.00010556271573638215	भाषाले पछिल्लो व	भाषाले पछिल्लो व	-0.2529579699039459	-2.10669438979205	-0.00010556271573638215
0d97789ccb	/home/is/r-ghimire/speechain/datasets/slr54nepaliasr/data/wav16000/test/e7519/0d97789ccb.wav	लेखिएका निबन्धहरूलाई तार्किक	लेखिएका निबन्धहरूल	लेखिएका निबन्धहरूल	-0.28627607226371765	-1.768857855545847	-7.390553467925392e-07	लेखिएका निबन्धहरूल	लेखिएका निबन्धहरूल	-0.2651990056037903	-1.768857855545847	-7.390553467925392e-07
0d98fa43c0	/home/is/r-ghimire/speechain/datasets/slr54nepaliasr/data/wav16000/test/f0c93/0d98fa43c0.wav	आफैँले रचेको हुँ	आफैँले रचेको हुँ	आफैँले रचेको हुँ	-0.3193821907043457	-2.4277823953067554	-2.92412769093233	आफैँले रचेको हुँ	आफैँले रचेको हुँ	-0.2842830419540405	-2.4277823953067554	-2.92412769093233
0d990a4584	/home/is/r-ghimire/speechain/datasets/slr54nepaliasr/data/wav16000/test/09da0/0d990a4584.wav	प्रभावकारी कार्यान्वयनको	भावकारी कार्यान्वयनको	भावकारी कार्यान्वयनको	-0.37952741980552673	-1.9702911376953125	-6.494812768406436e-08	प्रभावकारी कार्यान्वयनको	प्रभावकारी कार्यान्वयनको	-0.2792245149612427	-1.6943409729003907	-7.336487328757358e-09
0da7815f62	/home/is/r-ghimire/speechain/datasets/slr54nepaliasr/data/wav16000/test/fc62e/0da7815f62.wav	काम थाले	काम थाले	काम थाले	-0.34515589475631714	-2.02706061469184	-1.2605412614953416e-08	काम थाले	काम थाले	-0.31604665517807007	-2.02706061469184	-1.2605412614953416e-08
0daab33b58	/home/is/r-ghimire/speechain/datasets/slr54nepaliasr/data/wav16000/test/76d6b/0daab33b58.wav	भने सोही माछा	भनी सोही माछा	भने सोही माछा	-0.3791906535625458	-2.0874804088047574	-1.1853998265516047e-07	भनी सोही माछा	भनी सोही माछा	-0.3413280248641968	-2.3629049573625838	-1.1028055268980097e-07
0dabbcd4c4	/home/is/r-ghimire/speechain/datasets/slr54nepaliasr/data/wav16000/test/d62a4/0dabbcd4c4.wav	लैजान आज्ञा दिए	लैजान आज्ञा दिए	लैजान आज्ञा दिए	-0.3075255751609802	-2.526247978210449	-3.112012109340867e-06	लैजान आज्ञा दिए	लैजान आज्ञा दिए	-0.2926788926124573	-2.526247978210449	-3.112012109340867e-06
0dabcec0a7	/home/is/r-ghimire/speechain/datasets/slr54nepaliasr/data/wav16000/test/125df/0dabcec0a7.wav	ठिमी ऐतिहासिक सहर हो	छिमे ऐतिहासिक सहर हो	छिमे ऐतिहासिक सहर हो	-0.31072407960891724	-2.200393495105562	-4.671763538984427e-08	छिम ऐतिहासिक सहर हो	छिम ऐतिहासिक सहर हो	-0.3218505084514618	-2.2043838500976562	-4.8555688181295406e-08
0dbf00f7c3	/home/is/r-ghimire/speechain/datasets/slr54nepaliasr/data/wav16000/test/ba3bf/0dbf00f7c3.wav	गरेको पाइएको छ	गरेको पाइएको छ	गरेको पाइएको छ	-0.32085615396499634	-1.2298561096191407	-7.539378354219176e-08	गरेको पाइएको छ	गरेको पाइएको छ	-0.2911154329776764	-1.2298561096191407	-7.539378354219176e-08
0dc151be52	/home/is/r-ghimire/speechain/datasets/slr54nepaliasr/data/wav16000/test/57282/0dc151be52.wav	इन्कलाब राखिेएको थियो	इङ्कलाभ राखिएको थियो	इङ्कलाभ राखिएको थियो	-0.36977654695510864	-1.852294921875	-2.0058853676476117e-07	इङ्गलाभ राखिएको थियो	इङ्गलाभ राखिएको थियो	-0.34903451800346375	-1.7143516540527344	-2.0874986581648478e-07
0dc54fbcd4	/home/is/r-ghimire/speechain/datasets/slr54nepaliasr/data/wav16000/test/2e8ef/0dc54fbcd4.wav	क्रिस्टलद्वारा बिजुलीका किरणहरूले	क्रिस्टलद्वारा बिजुलीका किरणहरूले	क्रिस्टलद्वारा बिजुलीका किरणहरूले	-0.29610303044319153	-1.9426083284265854	-8.846015475683089e-09	क्रिस्टलद्वारा बिजुलीका किरणहरूले	क्रिस्टलद्वारा बिजुलीका किरणहरूले	-0.26343926787376404	-1.9426083284265854	-8.846015475683089e-09
0dd58df6da	/home/is/r-ghimire/speechain/datasets/slr54nepaliasr/data/wav16000/test/d593e/0dd58df6da.wav	बाहिर ल्याउँछ	बाहिर ल्याउँ	बाहिर ल्याउँ	-0.2864486873149872	-2.0659405634953427	-1.8385448455810547	बाहिर ल्याउँ	बाहिर ल्याउँ	-0.28310999274253845	-2.0659405634953427	-1.8385448455810547
0dd6ef84a0	/home/is/r-ghimire/speechain/datasets/slr54nepaliasr/data/wav16000/test/6059d/0dd6ef84a0.wav	यस पहरामा जस्तोसुकै खडेरीमा पनि पानीको मुहान सुक्दैन्	यस पहारामा जस्तोसुकै खडेरीमा पनि पानीको मुहा	यस पहारामा जस्तोसुकै खडेरीमा पनि पानीको मुहा	-0.3072887361049652	-2.3123416476779513	-2.178669698575201e-07	यस पहारामा जस्तोसुकै खडेरीमा पनि पानीको मुहा	यस पहारामा जस्तोसुकै खडेरीमा पनि पानीको मुहा	-0.27197715640068054	-2.3123416476779513	-2.178669698575201e-07
0dd9ed3da9	/home/is/r-ghimire/speechain/datasets/slr54nepaliasr/data/wav16000/test/95358/0dd9ed3da9.wav	गरे र स्ट्रोकबाट	गरे र स्ट्रोकबाट	गरे र स्ट्रोकबाट	-0.3068636357784271	-2.0059172686408546	-1.93085778686081e-07	गरे र स्ट्रोकबाट	गरे र स्ट्रोकबाट	-0.29606324434280396	-2.0059172686408546	-1.93085778686081e-07
0dd9f4c68a	/home/is/r-ghimire/speechain/datasets/slr54nepaliasr/data/wav16000/test/95635/0dd9f4c68a.wav	यो निमन्त्रणा होइन	यो निमन्त्रण ह	यो निमन्त्रण ह	-0.3318706154823303	-1.9228810628255208	-0.00022991602309048177	यो निमन्त्रण ह	यो निमन्त्रण ह	-0.3071443736553192	-1.9228810628255208	-0.00022991602309048177
0dddd20a3a	/home/is/r-ghimire/speechain/datasets/slr54nepaliasr/data/wav16000/test/0bb95/0dddd20a3a.wav	कुमारीको दाबी छ	कुमारीको दाबी छ	कुमारीको दाबी छ	-0.3115300238132477	-2.011613607406616	-2.0248540621992106e-08	कुमारीको दाबी छ	कुमारीको दाबी छ	-0.3137483596801758	-2.011613607406616	-2.0248540621992106e-08
0de3007238	/home/is/r-ghimire/speechain/datasets/slr54nepaliasr/data/wav16000/test/7fda9/0de3007238.wav	पटुका बाँधेर खुकुरी	पटुका भाँधेर कुकुरी	पटुका भाँधेर कुकुरी	-0.3930245339870453	-2.535651206970215	-1.0619171142578125	पटुका बाँधेर कुकुरी	पटुका बाँधेर कुकुरी	-0.38441944122314453	-2.345333290100098	-0.8357200622558594
0de53a45cd	/home/is/r-ghimire/speechain/datasets/slr54nepaliasr/data/wav16000/test/5c4b9/0de53a45cd.wav	भन्दा धेरै जनसङख्या	भन्दा धेर	भन्दा धेर	-0.2862582802772522	-1.9562450408935548	-1.490735030529322e-07	भन्दा धेर	भन्दा धेर	-0.2808432877063751	-1.9562450408935548	-1.490735030529322e-07
0debef7c92	/home/is/r-ghimire/speechain/datasets/slr54nepaliasr/data/wav16000/test/ce4af/0debef7c92.wav	शब्द अवगानबाट	शब्द अवगानबाट	शब्द अवगानबाट	-0.3173598647117615	-2.2627464021955217	-3.1100093370436556e-07	शब्द अबगानबाट	शब्द अवगानबाट	-0.41255268454551697	-2.2627464021955217	-3.1100093370436556e-07
0df39fbf39	/home/is/r-ghimire/speechain/datasets/slr54nepaliasr/data/wav16000/test/7fda9/0df39fbf39.wav	प्युठान जिल्लाको	स्युठान जिल्लाको	स्युठान जिल्लाको	-0.3123507797718048	-1.5983257293701172	-6.148106609436902e-08	छुठान जिल्लाको	छुठान जिल्लाको	-0.4450162351131439	-1.794192632039388	-1.300976388544465e-07
0e0136bb6c	/home/is/r-ghimire/speechain/datasets/slr54nepaliasr/data/wav16000/test/2d618/0e0136bb6c.wav	हुलाक चलान गरी	हुलाक चलन गरी	हुला चलन गरी	-0.39423155784606934	-2.2712827829214244	-7.315270872473216e-07	हुला चलन गरी	हुला चलन गरी	-0.3346116840839386	-2.2712827829214244	-7.315270872473216e-07
0e06632320	/home/is/r-ghimire/speechain/datasets/slr54nepaliasr/data/wav16000/test/f6cb7/0e06632320.wav	बसोवास गर्ने बोटे	बसोबास गर्ने बोटे	बसोबास गर्ने बोटे	-0.32539358735084534	-2.0228173997667103	-5.112904470176242e-08	बसोबास गर्ने बोटे	बसोबास गर्ने बोटे	-0.3174223303794861	-2.0228173997667103	-5.112904470176242e-08
0e0b1855e7	/home/is/r-ghimire/speechain/datasets/slr54nepaliasr/data/wav16000/test/b0bba/0e0b1855e7.wav	म्यूटेशनको अनेक विधिहरू	न्युटेशनको अनेक विधि	न्युटेशनको अनेक विधि	-0.29559430480003357	-2.2022933959960938	-6.558575261719636e-08	न्युटेसनको अनेक विधि	न्युटेसनको अनेक विधि	-0.290610134601593	-2.206691378638858	-6.50762948290711e-08
0e1156d4a1	/home/is/r-ghimire/speechain/datasets/slr54nepaliasr/data/wav16000/test/3867c/0e1156d4a1.wav	उनले आफ्नो छोरा	उनले आफ्ना छोर	उनले आफ्ना छोर	-0.3252156376838684	-1.5365829467773438	-2.286054344343332e-08	उनले आफ्नो छोर	उनले आफ्नो छोर	-0.365363210439682	-1.387384796142578	-1.8871139673137803e-08
0e13afcfbe	/home/is/r-ghimire/speechain/datasets/slr54nepaliasr/data/wav16000/test/af6bd/0e13afcfbe.wav	यति धेरै समृद्ध थिएन	यति धेरै समृद	यति धेरै समृद	-0.33610278367996216	-2.3640332903180803	-4.030945157345351e-07	यदि धेरै समृद	यदि धेरै समृद	-0.285397469997406	-2.4378956386021207	-4.037973927292374e-07
0e223b5041	/home/is/r-ghimire/speechain/datasets/slr54nepaliasr/data/wav16000/test/970ca/0e223b5041.wav	खेलहरू जस्तै पौडी	खेलहरू जस्तै पौडी	खेलहरू जस्तै पौडी	-0.3140178918838501	-2.0234512752956815	-1.2182073937260105e-07	खेलहरू जस्तै पौडी	खेलहरू जस्तै पौडी	-0.27265700697898865	-2.0234512752956815	-1.2182073937260105e-07
0e238f72f3	/home/is/r-ghimire/speechain/datasets/slr54nepaliasr/data/wav16000/test/2846f/0e238f72f3.wav	अन्य कार्यहरूमा गरिन्छ	अन्य कार्यहरूमा गरिन्छ	अन्य कार्यहरूमा गरिन्छ	-0.3088825047016144	-1.1012249822201936	-7.749223562353544e-08	अन्य कार्यहरूमा गरिन्छ	अन्य कार्यहरूमा गरिन्छ	-0.27683109045028687	-1.1012249822201936	-7.749223562353544e-08
0e283dc8d3	/home/is/r-ghimire/speechain/datasets/slr54nepaliasr/data/wav16000/test/c7d7d/0e283dc8d3.wav	देशको बाँकी भागसँग	देशको बाँक	देशको बाँक	-0.4015130400657654	-2.1328711076216265	-1.4904280575838955	देशको बाँक	देशको बाँक	-0.30462321639060974	-2.1328711076216265	-1.4904280575838955
0e329d3bdf	/home/is/r-ghimire/speechain/datasets/slr54nepaliasr/data/wav16000/test/a3f4a/0e329d3bdf.wav	यसै क्षेत्रमा पर्दछ	यसै क्षेत्रमा पर्दछ	यसै क्षेत्रमा पर्दछ	-0.3053911626338959	-1.160260009765625	-4.5738511289528105e-07	यसै क्षेत्रमा पर्दछ	यसै क्षेत्रमा पर्दछ	-0.2619384229183197	-1.160260009765625	-4.5738511289528105e-07
0e351ab5d5	/home/is/r-ghimire/speechain/datasets/slr54nepaliasr/data/wav16000/test/8570d/0e351ab5d5.wav	बिषयहरू हुने	विषयहरू हुने	विषयहरू हुने	-0.3087567090988159	-1.5705237755408654	-3.782658425804514e-09	विषयहरू हुने	विषयहरू हुने	-0.28562799096107483	-1.5705237755408654	-3.782658425804514e-09
0e37b89431	/home/is/r-ghimire/speechain/datasets/slr54nepaliasr/data/wav16000/test/5dae1/0e37b89431.wav	टीका लगाउने चलन छ	टीका लगाउने चलन छ	टीका लगाउने चलन छ	-0.31629517674446106	-2.075321833292643	-3.313923318475847e-08	टीका लगाउने चलन छ	टीका लगाउने चलन छ	-0.2892284095287323	-2.075321833292643	-3.313923318475847e-08
0e37cbd96b	/home/is/r-ghimire/speechain/datasets/slr54nepaliasr/data/wav16000/test/b66ee/0e37cbd96b.wav	नगरपालिकाका केही क्षेत्र	नगरपालिका केही क्षेत्र	नगरपालिका केही क्षेत्र	-0.30567893385887146	-1.4417880514393682	-8.225864526732198e-08	नगरपालिका केही क्षेत्र	नगरपालिका केही क्षेत्र	-0.26445916295051575	-1.4417880514393682	-8.225864526732198e-08
0e38a99e0a	/home/is/r-ghimire/speechain/datasets/slr54nepaliasr/data/wav16000/test/14763/0e38a99e0a.wav	एक प्रकारले झस्काउँछ	एक प्रकारल	एक प्रकारल	-0.33625102043151855	-1.922890923239968	-2.5809723328248685e-07	एक प्रकारल	एक प्रकारल	-0.2643113136291504	-1.922890923239968	-2.5809723328248685e-07
0e400daadb	/home/is/r-ghimire/speechain/datasets/slr54nepaliasr/data/wav16000/test/5c4b9/0e400daadb.wav	उनले पनि यसमाथि	उनले पनि यसमाथ	उनले पनि यसमाथ	-0.2957044541835785	-1.7851056416829427	-2.032567087250451e-05	उनले पनि यसमाथ	उनले पनि यसमाथ	-0.25073954463005066	-1.7851056416829427	-2.032567087250451e-05
0e4175a116	/home/is/r-ghimire/speechain/datasets/slr54nepaliasr/data/wav16000/test/7de40/0e4175a116.wav	मलाई बाटो दिनुपर्यो	मलाई बाटो दिनुपर्यो	मलाई बाटो दिनुपर्यो	-0.30411967635154724	-1.8478202819824219	-2.466293381075957e-07	मलाई बाटो दिनुपर्यो	मलाई बाटो दिनुपर्यो	-0.2923385202884674	-1.8478202819824219	-2.466293381075957e-07
0e426a4f7b	/home/is/r-ghimire/speechain/datasets/slr54nepaliasr/data/wav16000/test/a1143/0e426a4f7b.wav	कुनै देश संस्कृति	कुनै देश संस्कृति	कुनै देश संस्कृति	-0.29661592841148376	-1.5813030666775174	-5.323009746563103e-08	कुनै देश संस्कृति	कुनै देश संस्कृति	-0.2628975510597229	-1.5813030666775174	-5.323009746563103e-08
0e441fc2f0	/home/is/r-ghimire/speechain/datasets/slr54nepaliasr/data/wav16000/test/e455a/0e441fc2f0.wav	अनुसार पनिरमा	अनुसार पनिरमा	अनुसार पनिरमा	-0.33002519607543945	-1.698606218610491	-1.0486572169351608e-07	अनुसार पनिरमा	अनुसार पनिरमा	-0.28016525506973267	-1.698606218610491	-1.0486572169351608e-07
0e46641724	/home/is/r-ghimire/speechain/datasets/slr54nepaliasr/data/wav16000/test/9f669/0e46641724.wav	बसेर खान्छन्	बसेर खान्छन्	बसेर खान्छन्	-0.31709256768226624	-1.762326167179988	-3.0384827508756785e-08	बसेर खान्छन्	बसेर खान्छन्	-0.2920870780944824	-1.762326167179988	-3.0384827508756785e-08
0e4d2702e3	/home/is/r-ghimire/speechain/datasets/slr54nepaliasr/data/wav16000/test/f8188/0e4d2702e3.wav	त्यसैले शिक्षित मानिसहरूबाट	त्यसैले शिक्षित 	त्यसैले शिक्षित 	-0.28239354491233826	-1.5804257112390854	-0.017238688819548664	त्यसैले शिक्षित 	त्यसैले शिक्षित 	-0.2521110475063324	-1.5804257112390854	-0.017238688819548664
0e5c7ce7cc	/home/is/r-ghimire/speechain/datasets/slr54nepaliasr/data/wav16000/test/2e769/0e5c7ce7cc.wav	गीत सङ्गीत क्षेत्रमा प्रदान	गीत संगीत क्षेत्रमा प्रदान	गीत संगीत क्षेत्रमा प्रदान	-0.32405561208724976	-1.6782468159993489	-7.495806905218935e-08	गीत सङ्गीत क्षेत्रमा प्रदान	गीत सङ्गीत क्षेत्रमा प्रदान	-0.29174482822418213	-1.5798813956124442	-7.26409845291138e-08
0e5e866702	/home/is/r-ghimire/speechain/datasets/slr54nepaliasr/data/wav16000/test/efa9c/0e5e866702.wav	सहयोग पनि गरे	सहयोग पनि गरे	सहयोग पनि गरे	-0.3163444399833679	-1.459714344569615	-4.318141983666075e-08	सहयोग पनि गरे	सहयोग पनि गरे	-0.2914687395095825	-1.459714344569615	-4.318141983666075e-08
0e65b60bf2	/home/is/r-ghimire/speechain/datasets/slr54nepaliasr/data/wav16000/test/b0bba/0e65b60bf2.wav	यो राज्य नेपाल	यो राज्य 	यो राज्य 	-0.28992825746536255	-1.922704315185547	-0.04967915117740631	यो राज्य 	यो राज्य 	-0.2612726092338562	-1.922704315185547	-0.04967915117740631
0e6b2e96e1	/home/is/r-ghimire/speechain/datasets/slr54nepaliasr/data/wav16000/test/555eb/0e6b2e96e1.wav	मैले केहि दिन	मैले केही दिन	मैले केही दिन	-0.3138074278831482	-1.5973003932407923	-3.114551613439939e-07	मैले केही दिन	मैले केही दिन	-0.30218324065208435	-1.5973003932407923	-3.114551613439939e-07
0e798e3e81	/home/is/r-ghimire/speechain/datasets/slr54nepaliasr/data/wav16000/test/c7f90/0e798e3e81.wav	डिडिसी दुग्ध विकास	विदेशी दुग्ध व	विदेशी दुग्ध व	-0.324354887008667	-2.5902435302734377	-0.00010884127113968134	विदेशी दुग्ध व	विदेशी दुग्ध व	-0.29002779722213745	-2.5902435302734377	-0.00010884127113968134
0e7ddbd43f	/home/is/r-ghimire/speechain/datasets/slr54nepaliasr/data/wav16000/test/d0756/0e7ddbd43f.wav	देशका नजिकै पनि	देशका नजिकै पनि	देशका नजिकै पनि	-0.3104226887226105	-1.832457184791565	-1.2011848582460516e-07	देशका नजिकै पनि	देशका नजिकै पनि	-0.28857508301734924	-1.832457184791565	-1.2011848582460516e-07
0e7f3bc62e	/home/is/r-ghimire/speechain/datasets/slr54nepaliasr/data/wav16000/test/ef6a0/0e7f3bc62e.wav	बिगार्नेवाला हुन्	बिगार ने	बिगार ने	-0.4045126736164093	-2.8375718858506946	-4.734646305829908e-06	बिगार ने	बिगार ने	-0.3072863519191742	-2.8375718858506946	-4.734646305829908e-06
0e82e41dc3	/home/is/r-ghimire/speechain/datasets/slr54nepaliasr/data/wav16000/test/e2039/0e82e41dc3.wav	तराईबाट आएका थिए	तराईबाट आएका	तराईबाट आएका	-0.2779242992401123	-2.1039164616511417	-1.989959715641677e-07	तराईबाट आएका	तराईबाट आएका	-0.26785919070243835	-2.1039164616511417	-1.989959715641677e-07
0e83820032	/home/is/r-ghimire/speechain/datasets/slr54nepaliasr/data/wav16000/test/056c7/0e83820032.wav	पाउन सक्छौं	पाउन सक्छौँ	पाउन सक्छौँ	-0.3423168659210205	-1.8213152885437012	-1.5756034851074219	पाउन सक्छौँ	पाउन सक्छौँ	-0.3125578463077545	-1.8213152885437012	-1.5756034851074219
0e86b51520	/home/is/r-ghimire/speechain/datasets/slr54nepaliasr/data/wav16000/test/02e40/0e86b51520.wav	मोडेल हुन	मोडेल हुन्	मोडेल हुन्	-0.32078641653060913	-1.99040378223766	-5.799041570174847e-07	मोडेल हुन्	मोडेल हुन्	-0.3028697967529297	-1.99040378223766	-5.799041570174847e-07
0e898f2a34	/home/is/r-ghimire/speechain/datasets/slr54nepaliasr/data/wav16000/test/ee253/0e898f2a34.wav	कम भएका अनि	कम भएका अनि	कम भएका अनि	-0.32814714312553406	-1.89058256149292	-7.953917702252511e-08	कम भएका अनि	कम भएका अनि	-0.29245734214782715	-1.89058256149292	-7.953917702252511e-08
0e8c65c17a	/home/is/r-ghimire/speechain/datasets/slr54nepaliasr/data/wav16000/test/02e40/0e8c65c17a.wav	हो हिंसा नगर्नु	हो हिंसा नगर्नु	हो हिंसा नगर्नु	-0.3097960650920868	-2.2537899017333984	-1.1840256452560425	हो हिंसा नगर्नु	हो हिंसा नगर्नु	-0.3073440194129944	-2.2537899017333984	-1.1840256452560425
0e8fe9d660	/home/is/r-ghimire/speechain/datasets/slr54nepaliasr/data/wav16000/test/06372/0e8fe9d660.wav	एउटैको इच्छापूर्तिको आग्रह	एउटैको इच्छापूर्तिको आग	एउटैको इच्छापूर्तिको आग	-0.2768957316875458	-2.3319921493530273	-1.958831793065959e-07	एउटैको इच्छापूर्तिको आग	एउटैको इच्छापूर्तिको आग	-0.24048493802547455	-2.3319921493530273	-1.958831793065959e-07
0e946aaae1	/home/is/r-ghimire/speechain/datasets/slr54nepaliasr/data/wav16000/test/33d55/0e946aaae1.wav	मूल संज्ञक नक्षत्रका	मूल संज्ञक नक्षत्रका	मूल संज्ञक नक्षत्रका	-0.32269734144210815	-2.045714787074498	-2.509290901625285e-07	मूल संज्ञक नक्षत्रका	मूल संज्ञक नक्षत्रका	-0.27010446786880493	-2.045714787074498	-2.509290901625285e-07
0e9ababcaa	/home/is/r-ghimire/speechain/datasets/slr54nepaliasr/data/wav16000/test/6c67c/0e9ababcaa.wav	भारतभरि मनाइन्छ	भारत अनि मनाइन्छ	भारत अनि मनाइन्छ	-0.4230964779853821	-1.660794314216165	-7.031213659930097e-07	भारत अनि मनाइन्छ	भारत अनि मनाइन्छ	-0.4392625391483307	-1.660794314216165	-7.031213659930097e-07
0e9d6ca3c6	/home/is/r-ghimire/speechain/datasets/slr54nepaliasr/data/wav16000/test/c652e/0e9d6ca3c6.wav	मकबरहरूदेखि अपेक्षाकृत	मकबरहरू देखि अपेक्षाकृत	मकबरहरू देखि अपेक्षाकृत	-0.31419166922569275	-2.5021063486735025	-7.916569302324206e-07	मकबरहरूदेखि अपेक्षाकृत	मकबरहरूदेखि अपेक्षाकृत	-0.29498088359832764	-2.537200927734375	-1.7411956555999653e-06
0e9f2aaeb7	/home/is/r-ghimire/speechain/datasets/slr54nepaliasr/data/wav16000/test/3c2c4/0e9f2aaeb7.wav	पण्डित पनि होइन	पण्डित पनि	पण्डित पनि	-0.28135302662849426	-1.827224384654652	-1.5088494365045335e-07	पण्डित पनि	पण्डित पनि	-0.2542823553085327	-1.827224384654652	-1.5088494365045335e-07
0ea450aa87	/home/is/r-ghimire/speechain/datasets/slr54nepaliasr/data/wav16000/test/5d5fe/0ea450aa87.wav	प्रशासनिक केन्द्र	प्रशासनिक केन्द्र	प्रशासनिक केन्द्र	-0.30458226799964905	-1.5661048889160156	-8.609257267582709e-08	प्रशासनिक केन्द्र	प्रशासनिक केन्द्र	-0.2831660509109497	-1.5661048889160156	-8.609257267582709e-08
0ea6ca2d82	/home/is/r-ghimire/speechain/datasets/slr54nepaliasr/data/wav16000/test/4b9fc/0ea6ca2d82.wav	सञ्चालन गरेका थिए	सञ्चालन गरेका थिए	सञ्चालन गरेका थिए	-0.3023515045642853	-1.279439714219835	-8.019453364088097e-07	सञ्चालन गरेका थिए	सञ्चालन गरेका थिए	-0.2863166332244873	-1.279439714219835	-8.019453364088097e-07
0ea899408c	/home/is/r-ghimire/speechain/datasets/slr54nepaliasr/data/wav16000/test/62ba7/0ea899408c.wav	अनुरोध गरे	अनुरोध गरे	अनुरोध गरे	-0.32470712065696716	-1.897683403708718	-1.2794266074872046e-07	अनुरोध गरे	अनुरोध गरे	-0.3092668950557709	-1.897683403708718	-1.2794266074872046e-07
0ea9322e6e	/home/is/r-ghimire/speechain/datasets/slr54nepaliasr/data/wav16000/test/2f34a/0ea9322e6e.wav	मूर्तिमा भीमसेनलाई उभिएको	मूर्तिमा भीमसेनलाई उ	मूर्तिमा भीमसेनलाई उ	-0.29287558794021606	-2.6058542160760787	-2.7828244648324993e-07	मूर्तिमा भीमसेनलाई उ	मूर्तिमा भीमसेनलाई उ	-0.2864059507846832	-2.6058542160760787	-2.7828244648324993e-07
0eb1d8345a	/home/is/r-ghimire/speechain/datasets/slr54nepaliasr/data/wav16000/test/d4c0f/0eb1d8345a.wav	जिरालाई पानीमा पिनेर	जिरालाई पानीमा पिनेर	जिरालाई पानीमा पिनेर	-0.31360697746276855	-2.0171830313546315	-7.986726640887181e-08	जिरालाई पानीमा पिनेर	जिरालाई पानीमा पिनेर	-0.2899928689002991	-2.0171830313546315	-7.986726640887181e-08
0eb24a1ebd	/home/is/r-ghimire/speechain/datasets/slr54nepaliasr/data/wav16000/test/d241a/0eb24a1ebd.wav	मागहरू मान्न भारत	मागहरू मान्न भारत	मागहरू मान्न भारत	-0.31795695424079895	-1.845868428548177	-3.0075731653293286e-07	मागहरू मान्न भारत	मागहरू मान्न भारत	-0.29470086097717285	-1.845868428548177	-3.0075731653293286e-07
0eb2ac3168	/home/is/r-ghimire/speechain/datasets/slr54nepaliasr/data/wav16000/test/acf91/0eb2ac3168.wav	पनि खाम भेगका	पनि खाम भेगका	पनि खाम भेगका	-0.3058534860610962	-2.180856159755162	-1.3578125747569304e-07	पनि खाम भेगका	पनि खाम भेगका	-0.2714841961860657	-2.180856159755162	-1.3578125747569304e-07
0eb9926e2a	/home/is/r-ghimire/speechain/datasets/slr54nepaliasr/data/wav16000/test/84519/0eb9926e2a.wav	आप्रवासीहरूको आगमन भयो	आप्रवासीहरूको आगमन भयो	आप्रवासीहरूको आगमन भयो	-0.30492153763771057	-1.9243872269340183	-3.519656264989348e-08	आप्रवासीहरूको आगमन भयो	आप्रवासीहरूको आगमन भयो	-0.2776678204536438	-1.9243872269340183	-3.519656264989348e-08
0eb9d252c2	/home/is/r-ghimire/speechain/datasets/slr54nepaliasr/data/wav16000/test/1d40e/0eb9d252c2.wav	कल्पनाको आंशिक प्रयोग	कल्पनाको आंशिक प्रयोग	कल्पनाको आंशिक प्रयोग	-0.30173495411872864	-1.7689210718328303	-0.6105599403381348	कल्पनाको आंशिक प्रयोग	कल्पनाको आंशिक प्रयोग	-0.28791937232017517	-1.7689210718328303	-0.6105599403381348
0ebd434582	/home/is/r-ghimire/speechain/datasets/slr54nepaliasr/data/wav16000/test/94417/0ebd434582.wav	उद्योग वाणिज्य पत्रिका	उद्योग वाणिज्य पत्रि	उद्योग वाणिज्य पत्रि	-0.27858418226242065	-2.114966256277902	-2.4818951455277523e-06	उद्योग वाणिज्य पत्रि	उद्योग वाणिज्य पत्रि	-0.2573431432247162	-2.114966256277902	-2.4818951455277523e-06
0ec0ae37b4	/home/is/r-ghimire/speechain/datasets/slr54nepaliasr/data/wav16000/test/deca4/0ec0ae37b4.wav	कुनै पनि संस्थालाई	कुनै पनि संस्	कुनै पनि संस्	-0.2855952978134155	-1.6387357711791992	-0.00015626209122794016	कुनै पनि संस्	कुनै पनि संस्	-0.2659962475299835	-1.6387357711791992	-0.00015626209122794016
0ec5a8c63e	/home/is/r-ghimire/speechain/datasets/slr54nepaliasr/data/wav16000/test/6059d/0ec5a8c63e.wav	धेरै टाढा बग्ने	धेरै टाढा	धेरै टाढा	-0.2629720866680145	-2.50890998840332	-7.70248860249012e-09	धेरै टाढा	धेरै टाढा	-0.261196494102478	-2.50890998840332	-7.70248860249012e-09
0ec611f008	/home/is/r-ghimire/speechain/datasets/slr54nepaliasr/data/wav16000/test/22333/0ec611f008.wav	मिल हुन्छ	निग हुन्छ	निग हुन्छ	-0.468289315700531	-1.9450599670410156	-8.854987640916078e-08	निग हुन्छ	निग हुन्छ	-0.32644930481910706	-1.9450599670410156	-8.854987640916078e-08
0ecb9c7c65	/home/is/r-ghimire/speechain/datasets/slr54nepaliasr/data/wav16000/test/58eba/0ecb9c7c65.wav	यसको आवाज	यसको आवाज	यसको आवाज	-0.31905099749565125	-1.9519542694091796	-5.896131369809154e-07	यसको आवाज	यसको आवाज	-0.29652369022369385	-1.9519542694091796	-5.896131369809154e-07
0ecf408ad3	/home/is/r-ghimire/speechain/datasets/slr54nepaliasr/data/wav16000/test/6fa0e/0ecf408ad3.wav	प्राचीनकालदेखि नै ढुङ्गे	प्राचीनकालदेखि नै ढुङ्ग्रे	प्राचीनकालदेखि नै ढुङ्ग्रे	-0.34256014227867126	-1.962599719012225	-1.749079846949489e-06	प्राचीनकालदेखि नै ढुङ्गे	प्राचीनकालदेखि नै ढुङ्गे	-0.2985539138317108	-2.0890011596679687	-1.866267411969602e-06
0ed3da30d3	/home/is/r-ghimire/speechain/datasets/slr54nepaliasr/data/wav16000/test/96e21/0ed3da30d3.wav	भन्नुमा म अलिकति	भन्नुमा म अलिकति	भन्नुमा म अलिकति	-0.3229202330112457	-2.1824583165785847	-1.0733287367389387e-07	भन्नुमा म अलिकति	भन्नुमा म अलिकति	-0.28699666261672974	-2.1824583165785847	-1.0733287367389387e-07
0ed72e8fb5	/home/is/r-ghimire/speechain/datasets/slr54nepaliasr/data/wav16000/test/421cb/0ed72e8fb5.wav	खाली ठाउँमा भलायोको	खाली ठाउँमा भलायोको	खाली ठाउँमा भलायोको	-0.3314204812049866	-2.086977958679199	-1.0852789878845215	खाली ठाउँमा भलायोको	खाली ठाउँमा भलायोको	-0.3103780448436737	-2.086977958679199	-1.0852789878845215
0ee341b3a9	/home/is/r-ghimire/speechain/datasets/slr54nepaliasr/data/wav16000/test/9b105/0ee341b3a9.wav	वाणिज्यको केन्द्र बनिरह्यो	वाणिज्यको केन्द्र बनिरह्यो	वाणिज्यको केन्द्र बनिरह्यो	-0.30124756693840027	-1.9348052695945457	-7.432607550004765e-09	वाणिज्यको केन्द्र बनिरह्यो	वाणिज्यको केन्द्र बनिरह्यो	-0.29408586025238037	-1.9348052695945457	-7.432607550004765e-09
0eeafb3f32	/home/is/r-ghimire/speechain/datasets/slr54nepaliasr/data/wav16000/test/f5932/0eeafb3f32.wav	डर्बनमा सम्पन्न भएको थियो	डर्बनमा सम्पन्न भएको थियो	डर्बनमा सम्पन्न भएको थियो	-0.3006245493888855	-1.4786448845496545	-8.771654882786187e-08	डर्बनमा सम्पन्न भएको थियो	डर्बनमा सम्पन्न भएको थियो	-0.2713582515716553	-1.4786448845496545	-8.771654882786187e-08
0eee986535	/home/is/r-ghimire/speechain/datasets/slr54nepaliasr/data/wav16000/test/3e9ed/0eee986535.wav	आयुक्तका रूपमा एसएस	आयुक्तका रूपमा एसयास	आयुक्तका रूपमा एसयास	-0.36494016647338867	-2.0913692656017484	-1.736607156912907e-07	आयुक्तका रूपमा एसएस	आयुक्तका रूपमा एसएस	-0.26466265320777893	-2.201487350463867	-8.102596211756463e-08
0eeee6da0a	/home/is/r-ghimire/speechain/datasets/slr54nepaliasr/data/wav16000/test/b365e/0eeee6da0a.wav	शाखा पर्सियस	शाखा पर्सियस	शाखा पर्सियस	-0.32697629928588867	-2.745375706599309	-3.559001785246297e-07	शाखा पर्सियस	शाखा पर्सियस	-0.3055283725261688	-2.745375706599309	-3.559001785246297e-07
0f018d6b0b	/home/is/r-ghimire/speechain/datasets/slr54nepaliasr/data/wav16000/test/63255/0f018d6b0b.wav	आफ्नो मुख खोल्छ	आफ्नो मुख खोल्छ	आफ्नो मुख खोल्छ	-0.3331328332424164	-1.6984598636627197	-8.54217745427377e-08	आफ्नो मुख खोल्छ	आफ्नो मुख खोल्छ	-0.33240407705307007	-1.6984598636627197	-8.54217745427377e-08
0f09826aa5	/home/is/r-ghimire/speechain/datasets/slr54nepaliasr/data/wav16000/test/c0b92/0f09826aa5.wav	बढाउनुका साथै	बढाउनुका स	बढाउनुका स	-0.28438836336135864	-2.354937119917436	-1.4151488854126496e-05	बढाउनुका स	बढाउनुका स	-0.27197617292404175	-2.354937119917436	-1.4151488854126496e-05
0f2156394e	/home/is/r-ghimire/speechain/datasets/slr54nepaliasr/data/wav16000/test/99866/0f2156394e.wav	हिउँद महिनामा यस	हिउँद महिनामा यस	हिउँद महिनामा यस	-0.3106013238430023	-2.1386135325712314	-1.4099897496840532	हिउँद महिनामा यस	हिउँद महिनामा यस	-0.31660595536231995	-2.1386135325712314	-1.4099897496840532
0f2773e72f	/home/is/r-ghimire/speechain/datasets/slr54nepaliasr/data/wav16000/test/c7f92/0f2773e72f.wav	यस समयावधिलाई विभिन्न	यस समयवधिलाई विभिन्न	यस समयवधिलाई विभिन्न	-0.331845223903656	-1.841159457252139	-2.678751635747696e-07	यस समयावधिलाई विभिन्न	यस समयावधिलाई विभिन्न	-0.299055814743042	-1.8148559223521838	-2.5654234873813536e-07
0f2779d60d	/home/is/r-ghimire/speechain/datasets/slr54nepaliasr/data/wav16000/test/005e1/0f2779d60d.wav	कटान थालेको छ	कटान थालेको छ	कटान थालेको छ	-0.31477341055870056	-1.9450435638427734	-6.348885100188844e-09	कटान थालेको छ	कटान थालेको छ	-0.31247761845588684	-1.9450435638427734	-6.348885100188844e-09
0f2980be48	/home/is/r-ghimire/speechain/datasets/slr54nepaliasr/data/wav16000/test/bf591/0f2980be48.wav	राजा पनि मानिन्छ	राजा पनि मानिन्छ	राजा पनि मानिन्छ	-0.3119794726371765	-1.1407928466796875	-1.3495573244547224e-07	राजा पनि मानिन्छ	राजा पनि मानिन्छ	-0.28194084763526917	-1.1407928466796875	-1.3495573244547224e-07
0f3675195c	/home/is/r-ghimire/speechain/datasets/slr54nepaliasr/data/wav16000/test/ba807/0f3675195c.wav	क्यान्सर जो कुनै	क्यान्सर जो कुनै	क्यान्सर जो कुनै	-0.31283706426620483	-1.8846298666561352	-7.195880283795893e-09	क्यान्सर जो कुनै	क्यान्सर जो कुनै	-0.2885023057460785	-1.8846298666561352	-7.195880283795893e-09
0f3a4ea53b	/home/is/r-ghimire/speechain/datasets/slr54nepaliasr/data/wav16000/test/8cefd/0f3a4ea53b.wav	व्यवस्था सुरु गरिएको	व्यवस्था सुरु ग	व्यवस्था सुरु ग	-0.2932998836040497	-1.794628620147705	-2.2651008180218923e-07	व्यवस्था सुरु ग	व्यवस्था सुरु ग	-0.25918659567832947	-1.794628620147705	-2.2651008180218923e-07
0f3afb8d21	/home/is/r-ghimire/speechain/datasets/slr54nepaliasr/data/wav16000/test/68f0f/0f3afb8d21.wav	एउटा रहस्य छ	एउटा राश्य छ	एउटा राश्य छ	-0.38216444849967957	-1.7002698458158052	-1.8122993704030074e-07	एउटा रहस्य छ	एउटा रहस्य छ	-0.37401333451271057	-2.286448698777419	-1.6780812144973495e-07
0f3afcf963	/home/is/r-ghimire/speechain/datasets/slr54nepaliasr/data/wav16000/test/7831d/0f3afcf963.wav	स्तरमा वृद्धि गरेर	स्तरमा वृद्धि गरेर	स्तरमा वृद्धि गरेर	-0.30734652280807495	-1.7644263819644326	-5.6758291353425623e-08	स्तरमा वृद्धि गरेर	स्तरमा वृद्धि गरेर	-0.32139304280281067	-1.7644263819644326	-5.6758291353425623e-08
0f3e7e428b	/home/is/r-ghimire/speechain/datasets/slr54nepaliasr/data/wav16000/test/73b5e/0f3e7e428b.wav	लगायत ऐतिहासिक एवम्	लगायत ऐतिहासिक एवं	लगायत ऐतिहासिक एवं	-0.3490840196609497	-2.197174072265625	-3.152559082464952e-05	लगायत ऐतिहासिक एवं	लगायत ऐतिहासिक एवं	-0.2955087423324585	-2.197174072265625	-3.152559082464952e-05
0f3f5141f0	/home/is/r-ghimire/speechain/datasets/slr54nepaliasr/data/wav16000/test/3d3c5/0f3f5141f0.wav	त्यस मासुमध्ये केही	त्यस मासुमध्ये के	त्यस मासुमध्ये के	-0.38328632712364197	-2.162070804172092	-2.158779150502394e-07	त्यस मासुमध्ये के	त्यस मासुमध्ये के	-0.31293585896492004	-2.162070804172092	-2.158779150502394e-07
0f47d3e5f7	/home/is/r-ghimire/speechain/datasets/slr54nepaliasr/data/wav16000/test/8ef94/0f47d3e5f7.wav	ऐतिहासिक नगर हो	ऐतिहासिक नगर हो	ऐतिहासिक नगर हो	-0.297278493642807	-1.7641712427139282	-1.1472923233668553e-07	ऐतिहासिक नगर हो	ऐतिहासिक नगर हो	-0.288126140832901	-1.7641712427139282	-1.1472923233668553e-07
0f4a5ce77a	/home/is/r-ghimire/speechain/datasets/slr54nepaliasr/data/wav16000/test/6fcfb/0f4a5ce77a.wav	आचार्य थिए	आचार्य थि	आचार्य थि	-0.2822611927986145	-2.4353633880615235	-1.6916246386244894e-05	आचार्य थि	आचार्य थि	-0.2765445113182068	-2.4353633880615235	-1.6916246386244894e-05
0f4ec17294	/home/is/r-ghimire/speechain/datasets/slr54nepaliasr/data/wav16000/test/84446/0f4ec17294.wav	नेपाली भाषाकै पहिलो	नेपाली भाषाको पहि	नेपाली भाषाको पहि	-0.29281917214393616	-1.399263275994195	-1.8820302708869954e-07	नेपाली भाषाको पहि	नेपाली भाषाको पहि	-0.2615225613117218	-1.399263275994195	-1.8820302708869954e-07
0f4f003cfc	/home/is/r-ghimire/speechain/datasets/slr54nepaliasr/data/wav16000/test/4b140/0f4f003cfc.wav	वर्तमानमा उनी ला	वर्तमानमा उनी ला	वर्तमानमा उनी ला	-0.3155817985534668	-2.1702324362362133	-0.026893731425790227	वर्तमानमा उनी ला	वर्तमानमा उनी ला	-0.2813381552696228	-2.1702324362362133	-0.026893731425790227
0f614e4d68	/home/is/r-ghimire/speechain/datasets/slr54nepaliasr/data/wav16000/test/d62a4/0f614e4d68.wav	त्यसैले पहिले घरमै	त्यसैले पहिले घरमै	त्यसैले पहिले घरमै	-0.3037188649177551	-1.6928604527523643	-3.446381302446274e-07	त्यसैले पहिले घरमै	त्यसैले पहिले घरमै	-0.27416470646858215	-1.6928604527523643	-3.446381302446274e-07
0f63ed4786	/home/is/r-ghimire/speechain/datasets/slr54nepaliasr/data/wav16000/test/004e5/0f63ed4786.wav	व्यस्त छन्	व्यस्त	व्यस्त	-0.3344290554523468	-2.2785026005336215	-2.5983675316508326e-05	व्यस्त	व्यस्त	-0.30535417795181274	-2.2785026005336215	-2.5983675316508326e-05
0f647332cb	/home/is/r-ghimire/speechain/datasets/slr54nepaliasr/data/wav16000/test/7ef78/0f647332cb.wav	जेल परे	जेल परे	जेल परे	-0.3469387888908386	-2.54367733001709	-1.9105131343621906e-07	जेल परे	जेल परे	-0.3009914755821228	-2.54367733001709	-1.9105131343621906e-07
0f658655c5	/home/is/r-ghimire/speechain/datasets/slr54nepaliasr/data/wav16000/test/a5793/0f658655c5.wav	पुरानो जनसङ्ख्या	पुरानो जनसङ्ख्या	पुरानो जनसङ्ख्या	-0.30447229743003845	-1.5411215389476103	-1.8230105738706806e-08	पुरानो जनसङ्ख्या	पुरानो जनसङ्ख्या	-0.2828320860862732	-1.5411215389476103	-1.8230105738706806e-08
0f67b784b2	/home/is/r-ghimire/speechain/datasets/slr54nepaliasr/data/wav16000/test/0bb95/0f67b784b2.wav	कार्यक्रम विभिन्न जिल्लाहरूमा	कार्यक्रम विभिन्न जिल्लाह	कार्यक्रम विभिन्न जिल्लाह	-0.2880200445652008	-1.3251017056978667	-2.232918352372228e-06	कार्यक्रम विभिन्न जिल्लाह	कार्यक्रम विभिन्न जिल्लाह	-0.2523954510688782	-1.3251017056978667	-2.232918352372228e-06
0f6926fc38	/home/is/r-ghimire/speechain/datasets/slr54nepaliasr/data/wav16000/test/2846f/0f6926fc38.wav	भारतमा भने उहाँले	भारतमा भने उहाँले	भारतमा भने उहाँले	-0.30643466114997864	-1.4447570376925998	-1.7942771911621094	भारतमा भने उहाँले	भारतमा भने उहाँले	-0.2616005539894104	-1.4447570376925998	-1.7942771911621094
0f6e4bceae	/home/is/r-ghimire/speechain/datasets/slr54nepaliasr/data/wav16000/test/58eba/0f6e4bceae.wav	सबै मिलेर नेपाली	सबै मिलेर नेपाली	सबै मिलेर नेपाली	-0.310558944940567	-1.445187961353975	-1.179439282970955e-07	सबै मिलेर नेपाली	सबै मिलेर नेपाली	-0.29518744349479675	-1.445187961353975	-1.179439282970955e-07
0f6f4fcd65	/home/is/r-ghimire/speechain/datasets/slr54nepaliasr/data/wav16000/test/0d8ef/0f6f4fcd65.wav	फिल्मको सुटिङ	फिल्मको सुटिङ्ग	फिल्मको सुटिङ्ग	-0.3059231638908386	-2.2059273719787598	-4.137081788258001e-08	फिल्मको सुटिङ	फिल्मको सुटिङ	-0.2958016097545624	-2.3787839072091237	-3.602981126147954e-08
0f72eb9e93	/home/is/r-ghimire/speechain/datasets/slr54nepaliasr/data/wav16000/test/8fbe4/0f72eb9e93.wav	लेख एउटा आधार हो	लेख एउटा आधार हो	लेख एउटा आधार हो	-0.2992558181285858	-1.5740284639246322	-7.784528861520812e-07	लेख एउटा आधार हो	लेख एउटा आधार हो	-0.29128625988960266	-1.5740284639246322	-7.784528861520812e-07
0f74976351	/home/is/r-ghimire/speechain/datasets/slr54nepaliasr/data/wav16000/test/f0b26/0f74976351.wav	अथवा अधुरो छ	अथवा अधुरो छ	अथवा अधुरो छ	-0.3105097711086273	-2.564602778508113	-1.3562780273227523e-07	अथवा अधुरो छ	अथवा अधुरो छ	-0.2992911636829376	-2.564602778508113	-1.3562780273227523e-07
0f75e16c09	/home/is/r-ghimire/speechain/datasets/slr54nepaliasr/data/wav16000/test/e71d4/0f75e16c09.wav	मिस्र यन्त्र वर्षका	मिस्र यन्त्र वर्षका	मिस्र यन्त्र वर्षका	-0.2936033606529236	-1.827965545654297	-1.853980506894004e-07	मिस्र यन्त्र वर्षका	मिस्र यन्त्र वर्षका	-0.2765904664993286	-1.827965545654297	-1.853980506894004e-07
0f77e2b5dc	/home/is/r-ghimire/speechain/datasets/slr54nepaliasr/data/wav16000/test/4d069/0f77e2b5dc.wav	भगवती दुर्गाकै रूपमा	भगवती दुर्गाकै 	भगवती दुर्गाकै 	-0.2850683927536011	-2.8512258529663086	-0.0033272053115069866	भगवती दुर्गाकै 	भगवती दुर्गाकै 	-0.2491191029548645	-2.8512258529663086	-0.0033272053115069866
0f7a2b6d44	/home/is/r-ghimire/speechain/datasets/slr54nepaliasr/data/wav16000/test/72951/0f7a2b6d44.wav	राजाराम पौडेलले खेले	राजाराम पौडेलले खेले	राजाराम पौडेलले खेले	-0.3191266655921936	-2.376024155389695	-4.627982412958296e-07	राजाराम पौडेलले खेले	राजाराम पौडेलले खेले	-0.3031586706638336	-2.376024155389695	-4.627982412958296e-07
0f7dfb5f08	/home/is/r-ghimire/speechain/datasets/slr54nepaliasr/data/wav16000/test/ef6a0/0f7dfb5f08.wav	आफ्नो अधिकांश आय	आफ्नो अधिकांश हाय	आफ्नो अधिकांश हाय	-0.2931779623031616	-1.9821940528021917	-1.2272393968370225	आफ्नो अधिकांश हाय	आफ्नो अधिकांश हाय	-0.32620856165885925	-1.9821940528021917	-1.2272393968370225
0f8321f566	/home/is/r-ghimire/speechain/datasets/slr54nepaliasr/data/wav16000/test/e8f6f/0f8321f566.wav	गरौं र यो	गरौं र यो	गरौं र यो	-0.3857562839984894	-2.6561229705810545	-2.158074951171875	गरौंरा यो	गरौं र यो	-0.5250771641731262	-2.6561229705810545	-2.158074951171875
0f8aceb6bd	/home/is/r-ghimire/speechain/datasets/slr54nepaliasr/data/wav16000/test/33d55/0f8aceb6bd.wav	यस्तो कुनै ग्रन्थ	यस्तो कुनै ग	यस्तो कुनै ग	-0.2907494604587555	-1.8059055621807392	-1.0028480364081379e-06	यस्तो कुनै ग	यस्तो कुनै ग	-0.2737983167171478	-1.8059055621807392	-1.0028480364081379e-06
0f8dd4dc48	/home/is/r-ghimire/speechain/datasets/slr54nepaliasr/data/wav16000/test/fb429/0f8dd4dc48.wav	निलिशाला भन्ने कायमै	निलिशाला भन्ने कायमै	निलिशाला भन्ने कायमै	-0.31164032220840454	-2.1478870936802457	-4.794349349270176e-08	निलिशाला भन्ने कायमै	निलिशाला भन्ने कायमै	-0.2731037735939026	-2.1478870936802457	-4.794349349270176e-08
0f8f442bfe	/home/is/r-ghimire/speechain/datasets/slr54nepaliasr/data/wav16000/test/c4565/0f8f442bfe.wav	प्याएँ मुग्ध हुँदै	क्याय मुद्दा हुँदै	क्याय मुद्दा हुँदै	-0.4511297643184662	-1.86916772942794	-1.3512387526662726	क्याय मुक्द हुँदै	क्याय मुक्द हुँदै	-0.38947704434394836	-2.0214576721191406	-1.438147438897027
0f9810b85a	/home/is/r-ghimire/speechain/datasets/slr54nepaliasr/data/wav16000/test/005e1/0f9810b85a.wav	निजामती सेवा एक नेपाली भाषाको पत्रिका हो	निजामती सेवा एक नेपाली भाषाको पत्रिका हो	निजामती सेवा एक नेपाली भाषाको पत्रिका हो	-0.29874566197395325	-1.5939094729539824	-6.517246597135587e-08	निजामती सेवा एक नेपाली भाषाको पत्रिका हो	निजामती सेवा एक नेपाली भाषाको पत्रिका हो	-0.27141112089157104	-1.5939094729539824	-6.517246597135587e-08
0faa40711e	/home/is/r-ghimire/speechain/datasets/slr54nepaliasr/data/wav16000/test/ba807/0faa40711e.wav	सुम्पिनु भएको सहायता	सुम्पिनु भएको सहायता	सुम्पिनु भएको सहायता	-0.3121473491191864	-1.9979811168852306	-3.599892904406131e-08	सुम्पिनु भएको सहायता	सुम्पिनु भएको सहायता	-0.27818137407302856	-1.9979811168852306	-3.599892904406131e-08
0fac33470b	/home/is/r-ghimire/speechain/datasets/slr54nepaliasr/data/wav16000/test/68081/0fac33470b.wav	नै हो त्यो	नै हो त्यो	नै हो त्यो	-0.3249061703681946	-1.7670589793812146	-2.2270397824864963e-07	नै हो त्यो	नै हो त्यो	-0.3189212679862976	-1.7670589793812146	-2.2270397824864963e-07
0fafb0aea1	/home/is/r-ghimire/speechain/datasets/slr54nepaliasr/data/wav16000/test/5f02c/0fafb0aea1.wav	बनेमा आफ्नो युजर	बनेमा आफ्नो युज	बनेमा आफ्नो युज	-0.2942354083061218	-1.9236907958984375	-1.547288945857872e-07	बनेमा आफ्नो युज	बनेमा आफ्नो युज	-0.2856752276420593	-1.9236907958984375	-1.547288945857872e-07
0fbcde8662	/home/is/r-ghimire/speechain/datasets/slr54nepaliasr/data/wav16000/test/27e93/0fbcde8662.wav	भन्ने बारेमा कुनै	भन्ने बारेमा कुनै	भन्ने बारेमा कुनै	-0.310045450925827	-1.3775302039252386	-8.433570049722523e-08	भन्ने बारेमा कुनै	भन्ने बारेमा कुनै	-0.28120142221450806	-1.3775302039252386	-8.433570049722523e-08
0fc3d59c8e	/home/is/r-ghimire/speechain/datasets/slr54nepaliasr/data/wav16000/test/21ba4/0fc3d59c8e.wav	डिलिसनको लिस्टमा राखिन्छ	डिलिसनको लेस्टमा राखिन्छ	डिलिसनको लेस्टमा राखिन्छ	-0.30547747015953064	-2.0128173828125	-3.6495028325589375e-07	डिलिसनको लेस्टमा राखिन्छ	डिलिसनको लेस्टमा राखिन्छ	-0.28673848509788513	-2.0128173828125	-3.6495028325589375e-07
0fc4eeec6c	/home/is/r-ghimire/speechain/datasets/slr54nepaliasr/data/wav16000/test/6323a/0fc4eeec6c.wav	बजाइने एक प्रकारको	बजाइने एक प्रकारको	बजाइने एक प्रकारको	-0.31268513202667236	-1.497393758673417	-3.3215931245266756e-07	बजाइने एक प्रकारको	बजाइने एक प्रकारको	-0.28031548857688904	-1.497393758673417	-3.3215931245266756e-07
0fc4fe0492	/home/is/r-ghimire/speechain/datasets/slr54nepaliasr/data/wav16000/test/4f6f5/0fc4fe0492.wav	गर्न सकिन्छ	गर्न सकिन्छ	गर्न सकिन्छ	-0.3291322886943817	-1.1103490988413494	-9.396936206940154e-08	गर्न सकिन्छ	गर्न सकिन्छ	-0.30496880412101746	-1.1103490988413494	-9.396936206940154e-08
0fc5143a4b	/home/is/r-ghimire/speechain/datasets/slr54nepaliasr/data/wav16000/test/49220/0fc5143a4b.wav	प्रयोग अन्तरिक्षको वस्तुहरूका	प्रयोग अन्तरिक्षको वस्तुहरूका	प्रयोग अन्तरिक्षको वस्तुहरूका	-0.3012606203556061	-1.3568957010904947	-4.870665767005752e-09	प्रयोग अन्तरिक्षको वस्तुहरूका	प्रयोग अन्तरिक्षको वस्तुहरूका	-0.261320561170578	-1.3568957010904947	-4.870665767005752e-09
0fcf333119	/home/is/r-ghimire/speechain/datasets/slr54nepaliasr/data/wav16000/test/f45e2/0fcf333119.wav	काँध पाखुरा र छाती	काँड पाखरा र छाती	काँड पाखरा र छाती	-0.3526040315628052	-2.6963344150119357	-0.9508590698242188	काँध पाखुरा र छाती	काँध पाखुरा र छाती	-0.3228369355201721	-2.610926577919408	-0.900813855622944
0fd01f1068	/home/is/r-ghimire/speechain/datasets/slr54nepaliasr/data/wav16000/test/1ff03/0fd01f1068.wav	उपयोग हुन्छ	उपयोग ह	उपयोग ह	-0.2805272936820984	-2.3946070671081543	-0.00012089934898540378	उपयोग ह	उपयोग ह	-0.27421918511390686	-2.3946070671081543	-0.00012089934898540378
0fde975955	/home/is/r-ghimire/speechain/datasets/slr54nepaliasr/data/wav16000/test/97b71/0fde975955.wav	पुँजीजीवि वर्गको घृणापात्र	पुँजीजीवी वर्गको घृणापात्र	पुँजीजीवी वर्गको घृणापात्र	-0.31464821100234985	-2.6774382414641202	-0.7478163683855975	पुँजीजीवी वर्गको घृणापात्र	पुँजीजीवी वर्गको घृणापात्र	-0.2934277653694153	-2.6774382414641202	-0.7478163683855975
0fe386143f	/home/is/r-ghimire/speechain/datasets/slr54nepaliasr/data/wav16000/test/5df8e/0fe386143f.wav	यस नक्षत्रलाई प्रातःकालमा	यस नक्षत्रलाई प्रातःकालमा	यस नक्षत्रलाई प्रातःकालमा	-0.32832542061805725	-1.8519178537222056	-2.3383005589913898e-07	यस नक्षत्रलाई प्रातकालमा	यस नक्षत्रलाई प्रातकालमा	-0.2640596926212311	-1.62227783203125	-2.430185122648254e-07
0fe9376c60	/home/is/r-ghimire/speechain/datasets/slr54nepaliasr/data/wav16000/test/7fda9/0fe9376c60.wav	कान पाक्न सक्छ	कान पाक्न सक्छ	कान पाक्न सक्छ	-0.319950133562088	-2.0363499959309896	-1.1500924301799387e-07	कान पाक्न सक्छ	कान पाक्न सक्छ	-0.2954968512058258	-2.0363499959309896	-1.1500924301799387e-07
0febd74e4b	/home/is/r-ghimire/speechain/datasets/slr54nepaliasr/data/wav16000/test/f0b26/0febd74e4b.wav	वीरगति प्राप्त गरेका	विरगति प्राप्त गरेका	विरगति प्राप्त गरेका	-0.3545903265476227	-1.7144811721075148	-2.1680153037907856e-08	विरगति प्राप्त गरेका	विरगति प्राप्त गरेका	-0.3055749237537384	-1.7144811721075148	-2.1680153037907856e-08
0fedde3667	/home/is/r-ghimire/speechain/datasets/slr54nepaliasr/data/wav16000/test/297d5/0fedde3667.wav	गरिएको थियो नजिकै	गरिएको थि	गरिएको थि	-0.2882738709449768	-1.6172704696655273	-9.270873124478386e-06	गरिएको थि	गरिएको थि	-0.272671103477478	-1.6172704696655273	-9.270873124478386e-06
0ff2caf3ba	/home/is/r-ghimire/speechain/datasets/slr54nepaliasr/data/wav16000/test/49220/0ff2caf3ba.wav	भारतमा भने उहाँले	भारतमा भने उहाँले	भारतमा भने उहाँले	-0.30679580569267273	-1.4447570376925998	-1.7942771911621094	भारतमा भने उहाँले	भारतमा भने उहाँले	-0.2650158107280731	-1.4447570376925998	-1.7942771911621094
1005bdbb39	/home/is/r-ghimire/speechain/datasets/slr54nepaliasr/data/wav16000/test/c7f92/1005bdbb39.wav	परिवार मानिन्छ	परिवार मान	परिवार मान	-0.29146426916122437	-1.817778847434304	-2.828263611511581e-06	परिवार मान	परिवार मान	-0.26319193840026855	-1.817778847434304	-2.828263611511581e-06
10085eda56	/home/is/r-ghimire/speechain/datasets/slr54nepaliasr/data/wav16000/test/31a35/10085eda56.wav	जसको नाम दण्डपाणी	जसको नाम दण्डपाणी	जसको नाम दण्डपाणी	-0.32077524065971375	-2.340871810913086	-1.1103111319243908e-07	जसको नाम दण्डपाणी	जसको नाम दण्डपाणी	-0.28218957781791687	-2.340871810913086	-1.1103111319243908e-07
100d3f7763	/home/is/r-ghimire/speechain/datasets/slr54nepaliasr/data/wav16000/test/45ef4/100d3f7763.wav	उपनिवेशमा चले सैन्यशासनको	उपनिवेशमा चले सैनिक	उपनिवेशमा चले सैनिक	-0.3516390323638916	-2.1311920166015623	-3.0638187809017833e-08	उपनिवेशमा चलेसैन्य 	उपनिवेशमा चलेसैन्य 	-0.3039892613887787	-2.664653015136719	-0.014075133204460143
1011f63cb3	/home/is/r-ghimire/speechain/datasets/slr54nepaliasr/data/wav16000/test/51971/1011f63cb3.wav	चिकित्सा सम्बन्धी कार्य	चिकित्सा सम्बन्धी कार्य	चिकित्सा सम्बन्धी कार्य	-0.3028523921966553	-1.696201006571452	-1.3346235997839055e-06	चिकित्सा सम्बन्धी कार्य	चिकित्सा सम्बन्धी कार्य	-0.2762196362018585	-1.696201006571452	-1.3346235997839055e-06
10148d6062	/home/is/r-ghimire/speechain/datasets/slr54nepaliasr/data/wav16000/test/c687c/10148d6062.wav	काठमाडौँ जिल्लामा रहेको	काठमाडौँ जिल्ल	काठमाडौँ जिल्ल	-0.2774814963340759	-1.8138256072998047	-1.4656576792399088	काठमाडौँ जिल्ल	काठमाडौँ जिल्ल	-0.26266807317733765	-1.8138256072998047	-1.4656576792399088
101d444266	/home/is/r-ghimire/speechain/datasets/slr54nepaliasr/data/wav16000/test/7c42f/101d444266.wav	राजकीय प्रशासनमा भित्री	राजकीय प्रशासनमा भित्री	राजकीय प्रशासनमा भित्री	-0.2988893687725067	-1.8209772109985352	-1.0760115287666849e-07	राजकीय प्रशासनमा भित्री	राजकीय प्रशासनमा भित्री	-0.2643853425979614	-1.8209772109985352	-1.0760115287666849e-07
101da9f3aa	/home/is/r-ghimire/speechain/datasets/slr54nepaliasr/data/wav16000/test/55c0f/101da9f3aa.wav	सडक मार्गदेखि जोडिएको	सडक मार्गदेखि जोडिएको	सडक मार्गदेखि जोडिएको	-0.29579976201057434	-1.9785770069469104	-2.8559742283753373e-05	सडक मार्गदेखि जोडिएको	सडक मार्गदेखि जोडिएको	-0.2810593545436859	-1.9785770069469104	-2.8559742283753373e-05
102565905e	/home/is/r-ghimire/speechain/datasets/slr54nepaliasr/data/wav16000/test/5853c/102565905e.wav	स्थापना गरेका छन्	स्थापना गरेका छन्	स्थापना गरेका छन्	-0.3116495609283447	-1.0962353812323675	-6.397346573471117e-08	स्थापना गरेका छन्	स्थापना गरेका छन्	-0.29078230261802673	-1.0962353812323675	-6.397346573471117e-08
103447f91b	/home/is/r-ghimire/speechain/datasets/slr54nepaliasr/data/wav16000/test/c06a7/103447f91b.wav	अक्षय ऊर्जा	अक्षय ऊर्जा	अक्षय ऊर्जा	-0.32350632548332214	-2.520732879638672	-1.9393873647762425e-07	अक्षय ऊर्जा	अक्षय ऊर्जा	-0.32121944427490234	-2.520732879638672	-1.9393873647762425e-07
1034818f83	/home/is/r-ghimire/speechain/datasets/slr54nepaliasr/data/wav16000/test/f09e5/1034818f83.wav	शालिग्राम तेईसमा श्री	शालिग्राम त्यसमा श्री	शालिग्राम त्यसमा श्री	-0.3606361150741577	-1.9644480618563565	-3.3153880642864597e-07	शालिग्राम त्यस मास्री	शालिग्राम त्यस मास्री	-0.343045175075531	-2.0523196133700283	-2.1694447902766775e-07
1034894341	/home/is/r-ghimire/speechain/datasets/slr54nepaliasr/data/wav16000/test/21ba4/1034894341.wav	प्रमुख खेती गरिन्छ	प्रमुख खेती गर	प्रमुख खेती गर	-0.2850061357021332	-2.1356211344401044	-1.2712547459159396e-08	प्रमुख खेती गर	प्रमुख खेती गर	-0.2584823668003082	-2.1356211344401044	-1.2712547459159396e-08
1039ecd50e	/home/is/r-ghimire/speechain/datasets/slr54nepaliasr/data/wav16000/test/efa9c/1039ecd50e.wav	स्पेस एजेन्सी पनि	स्पेस एजेन्सी पनि	स्पेस एजेन्सी पनि	-0.3139148950576782	-2.4771505991617837	-7.345925546865652e-08	स्पेस एजेन्सी पनि	स्पेस एजेन्सी पनि	-0.25933220982551575	-2.4771505991617837	-7.345925546865652e-08
103afb8847	/home/is/r-ghimire/speechain/datasets/slr54nepaliasr/data/wav16000/test/f5a31/103afb8847.wav	नेपाली चलचित्र हो	नेपाली चलचित्र हो	नेपाली चलचित्र हो	-0.30717483162879944	-1.2375539143880208	-5.1249966443517934e-08	नेपाली चलचित्र हो	नेपाली चलचित्र हो	-0.2685396075248718	-1.2375539143880208	-5.1249966443517934e-08
103d64d7e1	/home/is/r-ghimire/speechain/datasets/slr54nepaliasr/data/wav16000/test/07a6a/103d64d7e1.wav	योगदान दिए	योगदान दिए	योगदान दिए	-0.3109112083911896	-1.9465768987482244	-1.9926359197019008e-06	योगदान दिए	योगदान दिए	-0.31700319051742554	-1.9465768987482244	-1.9926359197019008e-06
104579690f	/home/is/r-ghimire/speechain/datasets/slr54nepaliasr/data/wav16000/test/90913/104579690f.wav	दाइजो चलन ज्यादाजसो	दाइजो चलन ज्या	दाइजो चलन ज्या	-0.33573633432388306	-2.5457249959309896	-5.778062040917576e-06	दाइजे चलन ज्या	दाइजे चलन ज्या	-0.31893450021743774	-2.5826215108235675	-5.245126279381414e-06
104c716a0a	/home/is/r-ghimire/speechain/datasets/slr54nepaliasr/data/wav16000/test/c7d7d/104c716a0a.wav	कीर्तिपुर नगरपालिका	कीर्तिपुर नग	कीर्तिपुर नग	-0.28692755103111267	-2.7536644568810096	-1.534569094019389e-08	कीर्तिपुर नग	कीर्तिपुर नग	-0.2571476995944977	-2.7536644568810096	-1.534569094019389e-08
104efca078	/home/is/r-ghimire/speechain/datasets/slr54nepaliasr/data/wav16000/test/f6cb7/104efca078.wav	गोरखापत्र संस्थान ऐन	गोरखापत्र संस्थान ऐन	गोरखापत्र संस्थान ऐन	-0.30004027485847473	-2.315213884626116	-1.375686852476238e-07	गोरखापत्र संस्थान ऐन	गोरखापत्र संस्थान ऐन	-0.2781813144683838	-2.315213884626116	-1.375686852476238e-07
105418044a	/home/is/r-ghimire/speechain/datasets/slr54nepaliasr/data/wav16000/test/4b9e4/105418044a.wav	पिनेर लगाउनाले	पिनेर लगाउने	पिनेर लगाउने	-0.31715670228004456	-2.119494218092698	-6.148032893039411e-08	पिनेर लगाउने	पिनेर लगाउने	-0.3026253581047058	-2.119494218092698	-6.148032893039411e-08
10556acc38	/home/is/r-ghimire/speechain/datasets/slr54nepaliasr/data/wav16000/test/7de40/10556acc38.wav	नै गरेका हुन्	नै गरेका हुन्	नै गरेका हुन्	-0.317266047000885	-1.4221924373081751	-1.2394417581162998e-07	नै गरेका हुन्	नै गरेका हुन्	-0.29668599367141724	-1.4221924373081751	-1.2394417581162998e-07
105a29161b	/home/is/r-ghimire/speechain/datasets/slr54nepaliasr/data/wav16000/test/06372/105a29161b.wav	क्षेत्रलाई भङ्ग गर्दै	क्षेत्रलाई 	क्षेत्रलाई 	-0.285227507352829	-1.4977188110351562	-0.058848207195599876	क्षेत्रलाई 	क्षेत्रलाई 	-0.21671156585216522	-1.4977188110351562	-0.058848207195599876
105b431118	/home/is/r-ghimire/speechain/datasets/slr54nepaliasr/data/wav16000/test/d03c8/105b431118.wav	हुन्छ तर झोप्क्यो	हुन्छ तर झोप्क्यो	हुन्छ तर झोप्क्यो	-0.30033838748931885	-2.161068386501736	-5.312103894539177e-07	हुन्छ तर झोक्यो	हुन्छ तर झोक्यो	-0.33672085404396057	-1.928039789199829	-3.324001227156259e-06
1061c374a2	/home/is/r-ghimire/speechain/datasets/slr54nepaliasr/data/wav16000/test/e205b/1061c374a2.wav	प्रतिबन्धित गर्ने असफल	प्रतिबन्धित गर्ने अस	प्रतिबन्धित गर्ने अस	-0.29286402463912964	-1.5326748802548362	-3.6033482804972056e-07	प्रतिबन्धित गर्ने अस	प्रतिबन्धित गर्ने अस	-0.26016396284103394	-1.5326748802548362	-3.6033482804972056e-07
1064b91d4d	/home/is/r-ghimire/speechain/datasets/slr54nepaliasr/data/wav16000/test/bc6b6/1064b91d4d.wav	लाग्छ यतिखेर बिर्सिएको	लाग्छ यतिखेर बिर्सिएक	लाग्छ यतिखेर बिर्सिएक	-0.3081457316875458	-2.3677548495205967	-6.05819381731139e-07	लाग्छ यदिखेर बिर्सिएक	लाग्छ यदिखेर बिर्सिएक	-0.28394389152526855	-2.4721879092129795	-6.075360116400671e-07
1064c2baa0	/home/is/r-ghimire/speechain/datasets/slr54nepaliasr/data/wav16000/test/1ad64/1064c2baa0.wav	चल्ने सिरसिर हावाले	चल्ने चिर्सिर हावाले	चल्ने चिर्सिर हावाले	-0.43461984395980835	-2.2923366001674106	-1.0748625798095462e-06	चल्ने चिरसिर हावाले	चल्ने चिरसिर हावाले	-0.3428767919540405	-2.3786151885986326	-1.1297245691821445e-06
106c72c095	/home/is/r-ghimire/speechain/datasets/slr54nepaliasr/data/wav16000/test/c0b4e/106c72c095.wav	ध्यान दिइनेछ	ध्यान दिइनेछ	ध्यान दिइनेछ	-0.305323988199234	-1.9742637047400842	-1.4582123132920689e-08	ध्यान दिइनेछ	ध्यान दिइनेछ	-0.30131494998931885	-1.9742637047400842	-1.4582123132920689e-08
106db99760	/home/is/r-ghimire/speechain/datasets/slr54nepaliasr/data/wav16000/test/42be7/106db99760.wav	यस प्रकारको रोगमा	यस प्रकारको रोगमा	यस प्रकारको रोगमा	-0.31191766262054443	-1.2898684607611761	-3.1389426011527473e-07	यस प्रकारको रोगमा	यस प्रकारको रोगमा	-0.2795430123806	-1.2898684607611761	-3.1389426011527473e-07
1070dee898	/home/is/r-ghimire/speechain/datasets/slr54nepaliasr/data/wav16000/test/3e371/1070dee898.wav	खोलामा पाइने माछा	खोलामा पाइने माछा	खोलामा पाइने माछा	-0.30536574125289917	-1.815267562866211	-8.110326790402824e-08	खोलामा पाइने माछा	खोलामा पाइने माछा	-0.2846713960170746	-1.815267562866211	-8.110326790402824e-08
107234ee8c	/home/is/r-ghimire/speechain/datasets/slr54nepaliasr/data/wav16000/test/5cef8/107234ee8c.wav	गरिएका सबै किसिमका	गरिएका सबै किसिमका	गरिएका सबै किसिमका	-0.3086051344871521	-1.7894552130448191	-1.657422097579049e-07	गरिएका सबै किसिमका	गरिएका सबै किसिमका	-0.2982424795627594	-1.7894552130448191	-1.657422097579049e-07
10733bd9c6	/home/is/r-ghimire/speechain/datasets/slr54nepaliasr/data/wav16000/test/6a6d1/10733bd9c6.wav	लागि थोमस म्युलरले	लागि ठमस मुललले	लागि ठमस मुललले	-0.3670583963394165	-2.6252801418304443	-9.912672567224945e-07	लागि ठोमस मुललले	लागि ठोमस मुललले	-0.3740662634372711	-2.4790178186753216	-1.0570806540165315e-06
1078c6d587	/home/is/r-ghimire/speechain/datasets/slr54nepaliasr/data/wav16000/test/2d618/1078c6d587.wav	समाज शोषक र	समाज शोषक र	समाज शोषक र	-0.31295159459114075	-2.683347702026367	-5.8067437673040935e-08	समाज शोषक र	समाज शोषक र	-0.3014658987522125	-2.683347702026367	-5.8067437673040935e-08
107cf59234	/home/is/r-ghimire/speechain/datasets/slr54nepaliasr/data/wav16000/test/87f8b/107cf59234.wav	नीति लिएपछि बैंक	नीति लिएपछि बैङ्	नीति लिएपछि बैङ्	-0.3179236948490143	-2.5271545858944164	-2.9288965058239066e-05	नीति लिएपछि बैङ्	नीति लिएपछि बैङ्	-0.24921295046806335	-2.5271545858944164	-2.9288965058239066e-05
10841e7be5	/home/is/r-ghimire/speechain/datasets/slr54nepaliasr/data/wav16000/test/ce4af/10841e7be5.wav	यस न्यायालयको कार्य	यस न्यायालयको कार	यस न्यायालयको कार	-0.32425153255462646	-2.0200860765245228	-3.5500761441653594e-07	यस न्यायालयको कार	यस न्यायालयको कार	-0.28495362401008606	-2.0200860765245228	-3.5500761441653594e-07
108691df43	/home/is/r-ghimire/speechain/datasets/slr54nepaliasr/data/wav16000/test/d514c/108691df43.wav	आफन्त र गाउँलेहरू	आफन्तर गाउँलेहरू	आफन्तर गाउँलेहरू	-0.34441372752189636	-2.0030488406910614	-1.0303670097799862	आफन्त र गाउँलेहर	आफन्त र गाउँलेहर	-0.29716023802757263	-2.3796831018784466	-1.0741568172679228
108a34d553	/home/is/r-ghimire/speechain/datasets/slr54nepaliasr/data/wav16000/test/e3a27/108a34d553.wav	जाँड हाल्ने गरिन्छ	जाँड हाल्ने गरिन्छ	जाँड हाल्ने गरिन्छ	-0.33855950832366943	-1.6682765358372738	-1.2355702048853825	जाँड हाल्ने गरिन्छ	जाँड हाल्ने गरिन्छ	-0.3092101514339447	-1.6682765358372738	-1.2355702048853825
10970fe415	/home/is/r-ghimire/speechain/datasets/slr54nepaliasr/data/wav16000/test/92fd3/10970fe415.wav	तथा नाटकमा अभिनय	तथा नाटकमा अभिनय	तथा नाटकमा अभिनय	-0.3017401099205017	-2.262682970832376	-1.9687994983328012e-07	तथा नाटकमा अभिनय	तथा नाटकमा अभिनय	-0.28191161155700684	-2.262682970832376	-1.9687994983328012e-07
10977f0aaa	/home/is/r-ghimire/speechain/datasets/slr54nepaliasr/data/wav16000/test/02e40/10977f0aaa.wav	मेला लाग्यो	मेला लाग्यो	मेला लाग्यो	-0.32616522908210754	-1.6672865549723308	-3.123579972452717e-07	मेला लाग्यो	मेला लाग्यो	-0.305330753326416	-1.6672865549723308	-3.123579972452717e-07
10987ce026	/home/is/r-ghimire/speechain/datasets/slr54nepaliasr/data/wav16000/test/5297a/10987ce026.wav	तिनमा प्रथम पुरुष	तिनमा प्रथम प्रुष	तिनमा प्रथम प्रुष	-0.39918315410614014	-2.1408555772569446	-1.7439257741595307e-07	तिनमा प्रथम पुरुष	तिनमा प्रथम पुरुष	-0.30005180835723877	-2.0632432301839194	-1.60973475734257e-07
10991dad5a	/home/is/r-ghimire/speechain/datasets/slr54nepaliasr/data/wav16000/test/d31e9/10991dad5a.wav	प्रशासनिक विभाग हो	प्रशासनिक विभाग	प्रशासनिक विभाग	-0.2778271436691284	-1.7850234508514404	-7.303267324232365e-09	प्रशासनिक विभाग	प्रशासनिक विभाग	-0.26445165276527405	-1.7850234508514404	-7.303267324232365e-09
109f140d02	/home/is/r-ghimire/speechain/datasets/slr54nepaliasr/data/wav16000/test/43655/109f140d02.wav	अध्ययन गरेका छन्	अध्ययन गरेका छन्	अध्ययन गरेका छन्	-0.31041187047958374	-1.0667388018439798	-8.984554423317177e-08	अध्ययन गरेका छन्	अध्ययन गरेका छन्	-0.28609827160835266	-1.0667388018439798	-8.984554423317177e-08
10a82cced3	/home/is/r-ghimire/speechain/datasets/slr54nepaliasr/data/wav16000/test/b66ee/10a82cced3.wav	यो सहरको मध्य	यो सहरको मध्य	यो सहरको मध्य	-0.45623522996902466	-1.742325919015067	-8.040766650602953e-07	यो सहरको मध्य	यो सहरको मध्य	-0.30116698145866394	-1.742325919015067	-8.040766650602953e-07
10b2b1e547	/home/is/r-ghimire/speechain/datasets/slr54nepaliasr/data/wav16000/test/f4b4a/10b2b1e547.wav	गोली ठोक्नुपर्ने मत राखे	गोली ठोक्नुपर्ने मत राखे	गोली ठोक्नुपर्ने मत राखे	-0.3034849166870117	-2.3116888427734374	-1.9414535199757667e-06	गोली ठोक्नुपर्ने मत राखे	गोली ठोक्नुपर्ने मत राखे	-0.2748290002346039	-2.3116888427734374	-1.9414535199757667e-06
10b3805994	/home/is/r-ghimire/speechain/datasets/slr54nepaliasr/data/wav16000/test/ba807/10b3805994.wav	झेनाम रोल्पा जिल्लामा	झेनामा रोल्प	झेनामा रोल्प	-0.2887049615383148	-2.734264667217548	-2.547360859003115e-07	झेनाम रोल्पा	झेनाम रोल्पा	-0.357312947511673	-2.8311661940354567	-2.413652544838932e-07
10b4a78997	/home/is/r-ghimire/speechain/datasets/slr54nepaliasr/data/wav16000/test/93014/10b4a78997.wav	चासो राखेका थिए	चासो राखेक	चासो राखेक	-0.28495869040489197	-2.589876174926758	-1.2218474280829964e-07	चासो राखेक	चासो राखेक	-0.2853491008281708	-2.589876174926758	-1.2218474280829964e-07
10bf32514d	/home/is/r-ghimire/speechain/datasets/slr54nepaliasr/data/wav16000/test/76dab/10bf32514d.wav	साथमा सुन्दर हुन्छन्	साथमा सुन्दर हुन्छन्	साथमा सुन्दर हुन्छन्	-0.3076363801956177	-1.351128169468471	-3.1106464705642015e-08	साथमा सुन्दर हुन्छन्	साथमा सुन्दर हुन्छन्	-0.2664962410926819	-1.351128169468471	-3.1106464705642015e-08
10c0e1910b	/home/is/r-ghimire/speechain/datasets/slr54nepaliasr/data/wav16000/test/68a9f/10c0e1910b.wav	पृथ्वीमा भएको	पृथ्वीमा भएको	पृथ्वीमा भएको	-0.31405240297317505	-1.519263676234654	-1.8934567184000376e-08	पृथ्वीमा भएको	पृथ्वीमा भएको	-0.2668324112892151	-1.519263676234654	-1.8934567184000376e-08
10c22995df	/home/is/r-ghimire/speechain/datasets/slr54nepaliasr/data/wav16000/test/c135e/10c22995df.wav	चलचित्र अभिनेत्री	चलचित्र अभिनेत्री	चलचित्र अभिनेत्री	-0.3057916760444641	-1.5564391877916124	-4.7481250931014074e-08	चलचित्र अभिनेत्री	चलचित्र अभिनेत्री	-0.26499834656715393	-1.5564391877916124	-4.7481250931014074e-08
10c4997a24	/home/is/r-ghimire/speechain/datasets/slr54nepaliasr/data/wav16000/test/11c8b/10c4997a24.wav	हुनु कुनै	हुनु कुनै	हुनु कुनै	-0.3281436562538147	-1.7277864456176757	-9.130518265010323e-07	हुनु कुनै	हुनु कुनै	-0.3229407072067261	-1.7277864456176757	-9.130518265010323e-07
10c56ad9c8	/home/is/r-ghimire/speechain/datasets/slr54nepaliasr/data/wav16000/test/90913/10c56ad9c8.wav	तनहुँ क्षेत्रबाट	तनहुँ क्षे	तनहुँ क्षे	-0.28225743770599365	-2.7998632951216265	-2.018042651089755	तनहुँ क्षे	तनहुँ क्षे	-0.2762215733528137	-2.7998632951216265	-2.018042651089755
10c8913767	/home/is/r-ghimire/speechain/datasets/slr54nepaliasr/data/wav16000/test/5c4b9/10c8913767.wav	भएर बग्ने यो नदी	भएर बग्ने यो नदी	भएर बग्ने यो नदी	-0.3021785318851471	-2.1562701954561123	-1.6248251246425377e-07	भएर बग्ने यो नदी	भएर बग्ने यो नदी	-0.2989441454410553	-2.1562701954561123	-1.6248251246425377e-07
10d5158038	/home/is/r-ghimire/speechain/datasets/slr54nepaliasr/data/wav16000/test/7f880/10d5158038.wav	लिमा हो	लिमा हो	लिमा हो	-0.4490085542201996	-2.152249813079834	-1.652367132010113e-06	लिमा हो	लिमा हो	-0.3536498248577118	-2.152249813079834	-1.652367132010113e-06
10d6908c59	/home/is/r-ghimire/speechain/datasets/slr54nepaliasr/data/wav16000/test/29944/10d6908c59.wav	गर्नका लागि	गर्नका 	गर्नका 	-0.3016471266746521	-2.2903642654418945	-0.004556231200695038	गर्नका 	गर्नका 	-0.3028746247291565	-2.2903642654418945	-0.004556231200695038
10dc474731	/home/is/r-ghimire/speechain/datasets/slr54nepaliasr/data/wav16000/test/f8686/10dc474731.wav	स्थानीय जाली फटाहा	स्थानीय जाली फटाहा	स्थानीय जाली फटाहा	-0.30784931778907776	-2.3065679449784127	-4.423178612150399e-07	स्थानीय जाली फटाह	स्थानीय जाली फटाह	-0.32462161779403687	-2.343857023451063	-6.209659962526833e-07
10dc53a3b7	/home/is/r-ghimire/speechain/datasets/slr54nepaliasr/data/wav16000/test/0b298/10dc53a3b7.wav	दश टिम	डस टि	डस टि	-0.6318748593330383	-4.408618609110515	-5.721363171081369e-06	दश दि	दश दि	-0.44549816846847534	-3.628178278605143	-1.1057086339860689e-06
10e23bb899	/home/is/r-ghimire/speechain/datasets/slr54nepaliasr/data/wav16000/test/53027/10e23bb899.wav	शाह आदि हुन्	शाह आदि हुन्	शाह आदि हुन्	-0.3151201605796814	-1.8954373873197115	-3.8362902789511003e-07	शाह आदि हुन्	शाह आदि हुन्	-0.3122215270996094	-1.8954373873197115	-3.8362902789511003e-07
10eb6cc795	/home/is/r-ghimire/speechain/datasets/slr54nepaliasr/data/wav16000/test/1a5c1/10eb6cc795.wav	इस्वीमा प्रार्थनासम्बन्धी नयाँ	इस्वीमा प्रार्थनासम्बन्धी नयाँ	इस्वीमा प्रार्थनासम्बन्धी नयाँ	-0.3044353723526001	-1.8878392865580897	-0.962173831078314	स्त्रीमा प्रार्थनासम्बन्धी नयाँ	स्त्रीमा प्रार्थनासम्बन्धी नयाँ	-0.31295445561408997	-1.7376877069473267	-0.9323154091835022
10f1575b1e	/home/is/r-ghimire/speechain/datasets/slr54nepaliasr/data/wav16000/test/f6e28/10f1575b1e.wav	कलेज अफ लिट्रेचर	कलेज अफ लिट्रेचर	कलेज अफ लिट्रेचर	-0.31437772512435913	-2.9762036940630745	-3.984688552972169e-08	कलेज अफ लिट्रेचर	कलेज अफ लिट्रेचर	-0.3218475580215454	-2.9762036940630745	-3.984688552972169e-08
10f28f55bd	/home/is/r-ghimire/speechain/datasets/slr54nepaliasr/data/wav16000/test/99942/10f28f55bd.wav	ज्ञानविज्ञान राष्ट्रिय पुरस्कार	ज्ञानविज्ञान राष्ट्र	ज्ञानविज्ञान राष्ट्र	-0.293254017829895	-1.6868162609281994	-4.869491108582311e-06	ज्ञानविज्ञान राष्ट्र	ज्ञानविज्ञान राष्ट्र	-0.36652952432632446	-1.6868162609281994	-4.869491108582311e-06
10f32b1b79	/home/is/r-ghimire/speechain/datasets/slr54nepaliasr/data/wav16000/test/84519/10f32b1b79.wav	क्षेत्रलाई धार्मिक स्थलका	क्षेत्रलाई धार्मिक स्थलका	क्षेत्रलाई धार्मिक स्थलका	-0.29813313484191895	-1.3555585421048677	-1.3439456726980726e-08	क्षेत्रलाई धार्मिक स्थलका	क्षेत्रलाई धार्मिक स्थलका	-0.2566535770893097	-1.3555585421048677	-1.3439456726980726e-08
10f548b4f4	/home/is/r-ghimire/speechain/datasets/slr54nepaliasr/data/wav16000/test/01cf0/10f548b4f4.wav	यो रहेको छ	यो रहेको छ	यो रहेको छ	-0.3275246024131775	-1.0906755273992366	-5.18248436326923e-07	यो रहेको छ	यो रहेको छ	-0.30690327286720276	-1.0906755273992366	-5.18248436326923e-07
10f58c4d75	/home/is/r-ghimire/speechain/datasets/slr54nepaliasr/data/wav16000/test/c536c/10f58c4d75.wav	मगर माझी दनुवार	मगर माझी दनुवा	मगर माझी दनुवा	-0.2917415201663971	-2.8462615966796876	-2.6929707625337566e-07	मगर माझी दनुवा	मगर माझी दनुवा	-0.3002364933490753	-2.8462615966796876	-2.6929707625337566e-07
10f7ef8b60	/home/is/r-ghimire/speechain/datasets/slr54nepaliasr/data/wav16000/test/a5793/10f7ef8b60.wav	महाधिवेशन सर्वहारावादी श्रमिक	महाधिवेशन सर्वाहारावादी श्रमिक	महाधिवेशन सर्वाहारावादी श्रमिक	-0.3185656666755676	-2.2107371668661795	-2.544600706202008e-07	महाधिवेशन सर्वाहारावादी श्रमिक	महाधिवेशन सर्वाहारावादी श्रमिक	-0.28417494893074036	-2.2107371668661795	-2.544600706202008e-07
11092770b7	/home/is/r-ghimire/speechain/datasets/slr54nepaliasr/data/wav16000/test/f9ab5/11092770b7.wav	गाविस प्राकृतिक रूपमा	गाविस प्राकृतिक रूपमा	गाविस प्राकृतिक रूपमा	-0.28849294781684875	-1.4419014670632102	-5.755497444294055e-08	गाविस प्राकृतिक रूपमा	गाविस प्राकृतिक रूपमा	-0.2575088441371918	-1.4419014670632102	-5.755497444294055e-08
110e76363e	/home/is/r-ghimire/speechain/datasets/slr54nepaliasr/data/wav16000/test/a7d3c/110e76363e.wav	भन्ने थाहा छ तर	भन्ने थाहा छ तर	भन्ने थाहा छ तर	-0.2999902069568634	-1.8793705701828003	-1.8904728449342656e-07	भन्ने थाहा छ तर	भन्ने थाहा छ तर	-0.26983171701431274	-1.8793705701828003	-1.8904728449342656e-07
110ff037f4	/home/is/r-ghimire/speechain/datasets/slr54nepaliasr/data/wav16000/test/3ff16/110ff037f4.wav	भन्ने मलाई लाग्छ	भन्ने मलाई लाग्	भन्ने मलाई लाग्	-0.29547983407974243	-1.6061315536499023	-1.3475599303092167e-07	भन्ने मलाई लाग्	भन्ने मलाई लाग्	-0.26909053325653076	-1.6061315536499023	-1.3475599303092167e-07
111449fcc1	/home/is/r-ghimire/speechain/datasets/slr54nepaliasr/data/wav16000/test/d62a4/111449fcc1.wav	काङ्ग्रेसले हजारेको उपवासको	काङ्ग्रेसले हजारेको उपवासको	काङ्ग्रेसले हजारेको उपवासको	-0.29817846417427063	-1.8040249688284737	-9.748268894327339e-07	काङ्ग्रेसले हजारेको उपवासको	काङ्ग्रेसले हजारेको उपवासको	-0.2816827893257141	-1.8040249688284737	-9.748268894327339e-07
1116fec51f	/home/is/r-ghimire/speechain/datasets/slr54nepaliasr/data/wav16000/test/84519/1116fec51f.wav	बरुवा गाविस	बरुवा गाविस	बरुवा गाविस	-0.3102658689022064	-2.410884698232015	-2.713244384722202e-08	बरुवा गाविस	बरुवा गाविस	-0.3236507177352905	-2.410884698232015	-2.713244384722202e-08
11265440b1	/home/is/r-ghimire/speechain/datasets/slr54nepaliasr/data/wav16000/test/9d08c/11265440b1.wav	गरिने अन्तरिक्षको खोजीलाई	गरिने अन्तरि	गरिने अन्तरि	-0.4260298013687134	-1.7614030104417067	-2.022758753110583e-06	गरिने अन्तरि	गरिने अन्तरि	-0.27817392349243164	-1.7614030104417067	-2.022758753110583e-06
112880942b	/home/is/r-ghimire/speechain/datasets/slr54nepaliasr/data/wav16000/test/09022/112880942b.wav	छन् कृपया यहाँ	छन् कृपया यहाँ	छन् कृपया यहाँ	-0.30368152260780334	-2.0406084696451825	-2.2128061930338543	छन् कृपया यहाँ	छन् कृपया यहाँ	-0.2860296666622162	-2.0406084696451825	-2.2128061930338543
112944dbe3	/home/is/r-ghimire/speechain/datasets/slr54nepaliasr/data/wav16000/test/2d618/112944dbe3.wav	गरेको जनयुद्ध र त्यसले	गरेको जनयुद्ध र त्यसले	गरेको जनयुद्ध र त्यसले	-0.3038642704486847	-1.7004198820694634	-5.1624520774171484e-08	गरेको जनयुद्ध र त्यसले	गरेको जनयुद्ध र त्यसले	-0.2765510380268097	-1.7004198820694634	-5.1624520774171484e-08
112bef77be	/home/is/r-ghimire/speechain/datasets/slr54nepaliasr/data/wav16000/test/421cb/112bef77be.wav	भएकोमा धन्यवाद	भएकोमा धन्यवाद	भएकोमा धन्यवाद	-0.30987077951431274	-2.103318277994792	-7.090170583978761e-08	भएकोमा धन्यवाद	भएकोमा धन्यवाद	-0.28060266375541687	-2.103318277994792	-7.090170583978761e-08
112ef87c71	/home/is/r-ghimire/speechain/datasets/slr54nepaliasr/data/wav16000/test/07179/112ef87c71.wav	स्वातिको अर्थ हुन्छ	स्वातिको अर्थ हुन्छ	स्वातिको अर्थ हुन्छ	-0.3096095025539398	-1.3963741302490233	-5.3613092632076587e-08	स्वातिको अर्थ हुन्छ	स्वातिको अर्थ हुन्छ	-0.29069244861602783	-1.3963741302490233	-5.3613092632076587e-08
11323e5362	/home/is/r-ghimire/speechain/datasets/slr54nepaliasr/data/wav16000/test/ca98b/11323e5362.wav	एक छोरी छन्	एक छोरी छन्	एक छोरी छन्	-0.31724151968955994	-1.665161927541097	-2.2736818057940886e-07	एक छोरी छन्	एक छोरी छन्	-0.2944035232067108	-1.665161927541097	-2.2736818057940886e-07
1135405baa	/home/is/r-ghimire/speechain/datasets/slr54nepaliasr/data/wav16000/test/109c6/1135405baa.wav	मौलिक संवैधानिक सिद्धान्त	मौलिक संवैधानिक सिद्धान्	मौलिक संवैधानिक सिद्धान्	-0.2837963402271271	-1.8777662658691405	-1.9025748770218343e-07	मौलिक संवैधानिक सिद्धान्	मौलिक संवैधानिक सिद्धान्	-0.2747751474380493	-1.8777662658691405	-1.9025748770218343e-07
1139fca1ca	/home/is/r-ghimire/speechain/datasets/slr54nepaliasr/data/wav16000/test/39ab2/1139fca1ca.wav	छैन अर्थात् दौड	छैन अर्थात् दौड	छैन अर्थात् दौड	-0.2948910593986511	-2.3639514446258545	-7.050898176430564e-08	छैन अर्थात् दौड	छैन अर्थात् दौड	-0.2635432183742523	-2.3639514446258545	-7.050898176430564e-08
1143dcb1de	/home/is/r-ghimire/speechain/datasets/slr54nepaliasr/data/wav16000/test/73668/1143dcb1de.wav	यूजेनिक्सको अनेक समस्याहरूमा	युजेनिक्सको अनेक समस्याहरूमा	युजेनिक्सको अनेक समस्याहरूमा	-0.3035638630390167	-2.0207498484644395	-2.0403684112383857e-07	युजेनिक्सको अनेक समस्याहरूमा	युजेनिक्सको अनेक समस्याहरूमा	-0.29294735193252563	-2.0207498484644395	-2.0403684112383857e-07
1145aba1e6	/home/is/r-ghimire/speechain/datasets/slr54nepaliasr/data/wav16000/test/d03c8/1145aba1e6.wav	सङ्घको प्राविधिक सहयोगमा	सङ्घको प्राविधिक सहयोगमा	सङ्घको प्राविधिक सहयोगमा	-0.29618534445762634	-1.6696392822265624	-4.928456037305295e-06	सङ्घको प्राविधिक सहयोगमा	सङ्घको प्राविधिक सहयोगमा	-0.25991958379745483	-1.6696392822265624	-4.928456037305295e-06
11460610a8	/home/is/r-ghimire/speechain/datasets/slr54nepaliasr/data/wav16000/test/3c2c4/11460610a8.wav	युगसम्म आदि करिब	युग्समा आदि	युग्समा आदि	-0.42943084239959717	-2.20700740814209	-5.293456600459953e-07	युगसम्म आदि	युगसम्म आदि	-0.31777188181877136	-2.3252137502034507	-5.241982989900862e-07
1146d00a03	/home/is/r-ghimire/speechain/datasets/slr54nepaliasr/data/wav16000/test/423bf/1146d00a03.wav	रूपमा प्रयोग गरिने	रूपमा प्रयोग गरिने	रूपमा प्रयोग गरिने	-0.3067384958267212	-1.0718642786929482	-5.455005616807428e-08	रूपमा प्रयोग गरिने	रूपमा प्रयोग गरिने	-0.28178542852401733	-1.0718642786929482	-5.455005616807428e-08
1149bfbede	/home/is/r-ghimire/speechain/datasets/slr54nepaliasr/data/wav16000/test/ba807/1149bfbede.wav	स्वत तपाईँको नाम	स्वत तपाईँको नाम	स्वत तपाईँको नाम	-0.33706986904144287	-1.600438398473403	-1.3230166715734146	स्व त तपाईँको नाम	स्व त तपाईँको नाम	-0.3411281108856201	-1.9632191128200955	-1.3227993647257488
114d8583a4	/home/is/r-ghimire/speechain/datasets/slr54nepaliasr/data/wav16000/test/79c24/114d8583a4.wav	जोडेको टेलिफोनमा	जोडेको टेलिफोनमा	जोडेको टेलिफोनमा	-0.2830881178379059	-2.3137088102452896	-8.58816453247153e-08	जोडेको टेलिफोनमा	जोडेको टेलिफोनमा	-0.2762332260608673	-2.3137088102452896	-8.58816453247153e-08
114e0d0ee6	/home/is/r-ghimire/speechain/datasets/slr54nepaliasr/data/wav16000/test/a1143/114e0d0ee6.wav	गाविसहरू मध्ये इस्मा	गाविसहरूमध्ये यसमा	गाविसहरूमध्ये यसमा	-0.3384843170642853	-1.8911319531892474	-6.014618903511866e-08	गाविसहरू मध्ये यसमा	गाविसहरू मध्ये यसमा	-0.3435857892036438	-1.5963373184204102	-5.688073088094825e-08
114ff0f79e	/home/is/r-ghimire/speechain/datasets/slr54nepaliasr/data/wav16000/test/70e10/114ff0f79e.wav	वैदेशिक व्यापारलाई लाभदायी	वैदेशिक व्यापारलाई ल	वैदेशिक व्यापारलाई ल	-0.30400726199150085	-2.057604653494699	-8.200571062930284e-06	वैदेशी व्यापारलाई ला	वैदेशी व्यापारलाई ला	-0.31673574447631836	-2.1310386657714844	-0.017051977770669118
11577f322c	/home/is/r-ghimire/speechain/datasets/slr54nepaliasr/data/wav16000/test/5f3b4/11577f322c.wav	यस व्रतलाई विधिपूर्वक	यस व्रतलाई विध	यस व्रतलाई विध	-0.28872695565223694	-2.194910939534505	-4.403432588636254e-07	यस व्रतलाई विध	यस व्रतलाई विध	-0.2639419138431549	-2.194910939534505	-4.403432588636254e-07
116bc373e6	/home/is/r-ghimire/speechain/datasets/slr54nepaliasr/data/wav16000/test/95eb0/116bc373e6.wav	जहाँ कालिदास शकुन्तलाका	जहाँ कालिदास शकुन्तलाका	जहाँ कालिदास शकुन्तलाका	-0.3055102229118347	-2.3616326649983725	-1.2533946832021077	जहाँ कालिदास शकुन्तलाका	जहाँ कालिदास शकुन्तलाका	-0.2825954854488373	-2.3616326649983725	-1.2533946832021077
116cc21c6c	/home/is/r-ghimire/speechain/datasets/slr54nepaliasr/data/wav16000/test/d8b68/116cc21c6c.wav	यो स्पष्ट हुन्छ	यो स्पष्ट हुन्छ	यो स्पष्ट हुन्छ	-0.3112061619758606	-1.5108542442321777	-3.651456950137799e-07	यो स्पष्ट हुन्छ	यो स्पष्ट हुन्छ	-0.2738659977912903	-1.5108542442321777	-3.651456950137799e-07
116f419ac4	/home/is/r-ghimire/speechain/datasets/slr54nepaliasr/data/wav16000/test/d62a4/116f419ac4.wav	मल त्यागको समयमा मनलाई पूर्ण रूपमा मल त्याग गर्नमा नै लगाऔं	मल त्यागको समयमा मनलाई पूर्णरूपमा मलत्याग गर्नमा नै लगाउँ	मल त्यागको समयमा मनलाई पूर्णरूपमा मलत्याग गर्नमा नै लगाउँ	-0.32783666253089905	-2.08044275744208	-0.4327441906106883	मल त्यागको समयमा मनलाई पूर्णरूपमा मलत्याग गर्नमा नै लगाऔँ	मल त्यागको समयमा मनलाई पूर्णरूपमा मलत्याग गर्नमा नै लगाऔँ	-0.2898521423339844	-2.2050485282108703	-0.019031752800119334
117a624826	/home/is/r-ghimire/speechain/datasets/slr54nepaliasr/data/wav16000/test/0bd28/117a624826.wav	चार टिमहरू	चार टिमहरू	चार टिमहरू	-0.31096771359443665	-2.4078637903386895	-2.2452548426537596e-08	चार टिमहरू	चार टिमहरू	-0.3885144591331482	-2.4078637903386895	-2.2452548426537596e-08
1180945b47	/home/is/r-ghimire/speechain/datasets/slr54nepaliasr/data/wav16000/test/9ef53/1180945b47.wav	डर्माटालजीमा विशिष्टता भएका	डर्माटलजीमा विशिष्टता भएका	डर्माटलजीमा विशिष्टता भएका	-0.31749600172042847	-2.1448563469780817	-6.892961816144331e-08	डर्माटलजीमा विशिष्टता भएका	डर्माटलजीमा विशिष्टता भएका	-0.28708571195602417	-2.1448563469780817	-6.892961816144331e-08
118239b7f8	/home/is/r-ghimire/speechain/datasets/slr54nepaliasr/data/wav16000/test/163a6/118239b7f8.wav	राम्ररी सुकाएर राखिन्छ	राम्ररी सुकाएर 	राम्ररी सुकाएर 	-0.29057836532592773	-2.412917137145996	-0.005626782774925232	राम्ररी सुकाएर 	राम्ररी सुकाएर 	-0.27935418486595154	-2.412917137145996	-0.005626782774925232
11848a9ea2	/home/is/r-ghimire/speechain/datasets/slr54nepaliasr/data/wav16000/test/d26e5/11848a9ea2.wav	भाषामा पनि अनुवाद	भाषामा पन	भाषामा पन	-0.2920604944229126	-2.0635581970214845	-9.837920079007745e-05	भाषामा पन	भाषामा पन	-0.2574211359024048	-2.0635581970214845	-9.837920079007745e-05
1185dd487c	/home/is/r-ghimire/speechain/datasets/slr54nepaliasr/data/wav16000/test/39e3b/1185dd487c.wav	छालिङ नेपालको	छालिङ नेपालको	छालिङ नेपालको	-0.3093487024307251	-1.8685953957693917	-6.576312573867784e-09	छालिङ नेपालको	छालिङ नेपालको	-0.28176459670066833	-1.8685953957693917	-6.576312573867784e-09
118c9a809b	/home/is/r-ghimire/speechain/datasets/slr54nepaliasr/data/wav16000/test/f09e5/118c9a809b.wav	मूल पटना हो	मूल पटना ह	मूल पटना ह	-0.2995811998844147	-2.756275870583274	-0.00011906393972987479	मूल पटना ह	मूल पटना ह	-0.27854132652282715	-2.756275870583274	-0.00011906393972987479
119204e460	/home/is/r-ghimire/speechain/datasets/slr54nepaliasr/data/wav16000/test/ece77/119204e460.wav	क्षेत्रपाल भैरवको जन्मको	क्षेत्रपाल भैरवको जन्मको	क्षेत्रपाल भैरवको जन्मको	-0.2853005826473236	-1.7120814514160156	-9.868541383184492e-08	क्षेत्रपाल भैरवको जन्मको	क्षेत्रपाल भैरवको जन्मको	-0.24337148666381836	-1.7120814514160156	-9.868541383184492e-08
1199a2b9df	/home/is/r-ghimire/speechain/datasets/slr54nepaliasr/data/wav16000/test/b987b/1199a2b9df.wav	सुधार्न पनि सहयोग	सुधार्न पनि सहयोग	सुधार्न पनि सहयोग	-0.30546584725379944	-1.8111339145236545	-1.587171835934795e-07	सुधार्न पनि सहयोग	सुधार्न पनि सहयोग	-0.27732065320014954	-1.8111339145236545	-1.587171835934795e-07
119bfee768	/home/is/r-ghimire/speechain/datasets/slr54nepaliasr/data/wav16000/test/cce0f/119bfee768.wav	लेखाउनको लागि राखियो	लेखाउनका लागि राखियो	लेखाउनका लागि राखियो	-0.32808083295822144	-1.5644284202938987	-8.737123217932614e-07	देखाउनका लागि राखियो	देखाउनका लागि राखियो	-0.30402687191963196	-1.5612633114769345	-3.654303803895822e-07
119d2bc7e7	/home/is/r-ghimire/speechain/datasets/slr54nepaliasr/data/wav16000/test/6a6d1/119d2bc7e7.wav	पेन्गुइन मुख्यतया अन्टार्कटिकामा	पेङ्गिन मुख्यातया अन्टार्टिकामा	पेङ्गिन मुख्यातया अन्टार्टिकामा	-0.4009159803390503	-2.2589774131774902	-1.1258890708631952e-07	एङदिन मुख्यालय अन्टार्टिकामा	एङदिन मुख्यालय अन्टार्टिकामा	-0.41462278366088867	-2.1668977408573546	-1.0503992661111185e-07
